ISO-10303-21;
HEADER;
/* Generated by software containing ST-Developer
 * from STEP Tools, Inc. (www.steptools.com) 
 */

FILE_DESCRIPTION(
/* description */ (''),
/* implementation_level */ '2;1');

FILE_NAME(
/* name */ 'INSTRU_.step',
/* time_stamp */ '2026-07-17T18:55:55-05:00',
/* author */ (''),
/* organization */ (''),
/* preprocessor_version */ 'ST-DEVELOPER v20.1',
/* originating_system */ 'Autodesk Translation Framework v15.8.0.0',
/* authorisation */ '');

FILE_SCHEMA (('AUTOMOTIVE_DESIGN { 1 0 10303 214 3 1 1 }'));
ENDSEC;

DATA;
#10=MECHANICAL_DESIGN_GEOMETRIC_PRESENTATION_REPRESENTATION('',(#29,#30,
#31,#32,#33),#10622);
#11=SHAPE_REPRESENTATION_RELATIONSHIP('SRR','None',#10629,#12);
#12=ADVANCED_BREP_SHAPE_REPRESENTATION('',(#34,#35,#36,#37,#38),#10621);
#13=B_SPLINE_SURFACE_WITH_KNOTS('',3,1,((#10343,#10344),(#10345,#10346),
(#10347,#10348),(#10349,#10350)),.UNSPECIFIED.,.F.,.F.,.F.,(4,4),(2,2),
(0.112530972285572,0.188375978376376),(0.,0.0999999999999996),
 .UNSPECIFIED.);
#14=B_SPLINE_CURVE_WITH_KNOTS('',3,(#9426,#9427,#9428,#9429),
 .UNSPECIFIED.,.F.,.F.,(4,4),(2.52837065127766,2.60421565736846),
 .UNSPECIFIED.);
#15=B_SPLINE_CURVE_WITH_KNOTS('',3,(#9437,#9438,#9439,#9440,#9441,#9442,
#9443,#9444),.UNSPECIFIED.,.F.,.F.,(4,2,2,4),(2.14250155059775,2.23307121607083,
2.36544887932087,2.49050287057624),.UNSPECIFIED.);
#16=B_SPLINE_CURVE_WITH_KNOTS('',3,(#9445,#9446,#9447,#9448),
 .UNSPECIFIED.,.F.,.F.,(4,4),(2.49050287057624,2.50913484370241),
 .UNSPECIFIED.);
#17=B_SPLINE_CURVE_WITH_KNOTS('',3,(#9823,#9824,#9825,#9826,#9827,#9828,
#9829,#9830),.UNSPECIFIED.,.F.,.F.,(4,2,2,4),(0.169465972989017,0.294519964244384,
0.426897627494428,0.517467292967506),.UNSPECIFIED.);
#18=B_SPLINE_CURVE_WITH_KNOTS('',3,(#9832,#9833,#9834,#9835),
 .UNSPECIFIED.,.F.,.F.,(4,4),(0.150833999862851,0.169465972989018),
 .UNSPECIFIED.);
#19=B_SPLINE_CURVE_WITH_KNOTS('',3,(#9998,#9999,#10000,#10001,#10002,#10003),
 .UNSPECIFIED.,.F.,.F.,(4,2,4),(0.438267253492923,0.478016892023704,0.598425446407665),
 .UNSPECIFIED.);
#20=B_SPLINE_CURVE_WITH_KNOTS('',3,(#10027,#10028,#10029,#10030,#10031,
#10032),.UNSPECIFIED.,.F.,.F.,(4,2,4),(2.45912227607614,2.57940541281579,
2.61911433285229),.UNSPECIFIED.);
#21=B_SPLINE_CURVE_WITH_KNOTS('',3,(#10119,#10120,#10121,#10122),
 .UNSPECIFIED.,.F.,.F.,(4,4),(0.112530972285572,0.188375978376376),
 .UNSPECIFIED.);
#22=B_SPLINE_CURVE_WITH_KNOTS('',3,(#10338,#10339,#10340,#10341),
 .UNSPECIFIED.,.F.,.F.,(4,4),(0.112530972285572,0.188375978376376),
 .UNSPECIFIED.);
#23=B_SPLINE_CURVE_WITH_KNOTS('',3,(#10410,#10411,#10412,#10413,#10414,
#10415,#10416,#10417,#10418,#10419,#10420,#10421,#10422,#10423,#10424,#10425,
#10426,#10427),.UNSPECIFIED.,.F.,.F.,(4,2,2,2,2,2,2,2,4),(0.238795138974933,
0.249677541296517,0.298661867936981,0.348034040496749,0.397406213056517,
0.446778385616284,0.496150558176052,0.545134884816516,0.5560172871381),
 .UNSPECIFIED.);
#24=B_SPLINE_CURVE_WITH_KNOTS('',3,(#10429,#10430,#10431,#10432,#10433,
#10434,#10435,#10436,#10437,#10438,#10439,#10440,#10441,#10442,#10443,#10444,
#10445,#10446),.UNSPECIFIED.,.F.,.F.,(4,2,2,2,2,2,2,2,4),(0.238795138974932,
0.249677541296517,0.298661867936981,0.348034040496749,0.397406213056517,
0.446778385616284,0.496150558176052,0.545134884816516,0.5560172871381),
 .UNSPECIFIED.);
#25=(
BOUNDED_SURFACE()
B_SPLINE_SURFACE(2,2,((#9415,#9416,#9417),(#9418,#9419,#9420),(#9421,#9422,
#9423)),.UNSPECIFIED.,.F.,.F.,.F.)
B_SPLINE_SURFACE_WITH_KNOTS((3,3),(3,3),(-1.5707963267949,-0.442911044073639),
(-0.387560394604896,0.785398163397451),.UNSPECIFIED.)
GEOMETRIC_REPRESENTATION_ITEM()
RATIONAL_B_SPLINE_SURFACE(((1.,0.832894317042321,1.),(0.845154254728513,
0.703924175787517,0.845154254728513),(1.,0.832894317042321,1.)))
REPRESENTATION_ITEM('')
SURFACE()
);
#26=(
BOUNDED_SURFACE()
B_SPLINE_SURFACE(2,2,((#9449,#9450,#9451),(#9452,#9453,#9454),(#9455,#9456,
#9457)),.UNSPECIFIED.,.F.,.F.,.F.)
B_SPLINE_SURFACE_WITH_KNOTS((3,3),(3,3),(-1.5707963267949,-0.442911044073639),
(-0.785398163397446,0.785398163397451),.UNSPECIFIED.)
GEOMETRIC_REPRESENTATION_ITEM()
RATIONAL_B_SPLINE_SURFACE(((1.,0.707106781186548,1.),(0.845154254728518,
0.597614304667198,0.845154254728518),(1.,0.707106781186548,1.)))
REPRESENTATION_ITEM('')
SURFACE()
);
#27=(
BOUNDED_SURFACE()
B_SPLINE_SURFACE(2,2,((#9469,#9470,#9471),(#9472,#9473,#9474),(#9475,#9476,
#9477)),.UNSPECIFIED.,.F.,.F.,.F.)
B_SPLINE_SURFACE_WITH_KNOTS((3,3),(3,3),(-1.5707963267949,-0.442911044073639),
(-0.785398163397451,0.785398163397451),.UNSPECIFIED.)
GEOMETRIC_REPRESENTATION_ITEM()
RATIONAL_B_SPLINE_SURFACE(((1.,0.707106781186546,1.),(0.845154254728513,
0.597614304667193,0.845154254728513),(1.,0.707106781186546,1.)))
REPRESENTATION_ITEM('')
SURFACE()
);
#28=(
BOUNDED_SURFACE()
B_SPLINE_SURFACE(2,2,((#10109,#10110,#10111),(#10112,#10113,#10114),(#10115,
#10116,#10117)),.UNSPECIFIED.,.F.,.F.,.F.)
B_SPLINE_SURFACE_WITH_KNOTS((3,3),(3,3),(-1.5707963267949,-0.442911044073639),
(-0.785398163397446,0.387560394604896),.UNSPECIFIED.)
GEOMETRIC_REPRESENTATION_ITEM()
RATIONAL_B_SPLINE_SURFACE(((1.,0.832894317042323,1.),(0.845154254728513,
0.703924175787518,0.845154254728513),(1.,0.832894317042323,1.)))
REPRESENTATION_ITEM('')
SURFACE()
);
#29=STYLED_ITEM('',(#10639),#34);
#30=STYLED_ITEM('',(#10639),#35);
#31=STYLED_ITEM('',(#10639),#36);
#32=STYLED_ITEM('',(#10639),#37);
#33=STYLED_ITEM('',(#10638),#38);
#34=MANIFOLD_SOLID_BREP('Cuerpo1',#6437);
#35=MANIFOLD_SOLID_BREP('Cuerpo3',#6438);
#36=MANIFOLD_SOLID_BREP('Cuerpo3',#6439);
#37=MANIFOLD_SOLID_BREP('Cuerpo3',#6440);
#38=MANIFOLD_SOLID_BREP('Cuerpo4',#6441);
#39=ELLIPSE('',#6547,4.94974746830583,3.5);
#40=ELLIPSE('',#6549,4.2727110606651,3.5);
#41=ELLIPSE('',#6572,4.94974746830584,3.5);
#42=ELLIPSE('',#6574,4.94974746830583,3.5);
#43=ELLIPSE('',#6577,4.2727110606651,3.5);
#44=ELLIPSE('',#6579,4.94974746830584,3.5);
#45=ELLIPSE('',#6656,4.94974746830584,3.5);
#46=ELLIPSE('',#6658,4.94974746830583,3.5);
#47=ELLIPSE('',#6659,4.2727110606651,3.5);
#48=ELLIPSE('',#6661,4.2727110606651,3.5);
#49=ELLIPSE('',#6662,4.94974746830584,3.5);
#50=ELLIPSE('',#6663,4.94974746830583,3.5);
#51=ELLIPSE('',#6800,4.2727110606651,3.5);
#52=ELLIPSE('',#6807,4.2727110606651,3.5);
#53=CYLINDRICAL_SURFACE('',#6524,3.5);
#54=CYLINDRICAL_SURFACE('',#6528,3.5);
#55=CYLINDRICAL_SURFACE('',#6532,1.625);
#56=CYLINDRICAL_SURFACE('',#6533,1.625);
#57=CYLINDRICAL_SURFACE('',#6540,6.);
#58=CYLINDRICAL_SURFACE('',#6542,6.);
#59=CYLINDRICAL_SURFACE('',#6546,3.5);
#60=CYLINDRICAL_SURFACE('',#6551,6.3);
#61=CYLINDRICAL_SURFACE('',#6554,6.3);
#62=CYLINDRICAL_SURFACE('',#6557,6.3);
#63=CYLINDRICAL_SURFACE('',#6560,6.3);
#64=CYLINDRICAL_SURFACE('',#6570,3.5);
#65=CYLINDRICAL_SURFACE('',#6571,3.5);
#66=CYLINDRICAL_SURFACE('',#6573,3.5);
#67=CYLINDRICAL_SURFACE('',#6575,3.5);
#68=CYLINDRICAL_SURFACE('',#6576,3.5);
#69=CYLINDRICAL_SURFACE('',#6578,3.5);
#70=CYLINDRICAL_SURFACE('',#6580,3.5);
#71=CYLINDRICAL_SURFACE('',#6584,4.5);
#72=CYLINDRICAL_SURFACE('',#6586,4.5);
#73=CYLINDRICAL_SURFACE('',#6587,4.5);
#74=CYLINDRICAL_SURFACE('',#6589,4.5);
#75=CYLINDRICAL_SURFACE('',#6592,8.);
#76=CYLINDRICAL_SURFACE('',#6596,6.);
#77=CYLINDRICAL_SURFACE('',#6599,8.);
#78=CYLINDRICAL_SURFACE('',#6601,8.);
#79=CYLINDRICAL_SURFACE('',#6603,8.);
#80=CYLINDRICAL_SURFACE('',#6605,6.);
#81=CYLINDRICAL_SURFACE('',#6621,8.);
#82=CYLINDRICAL_SURFACE('',#6634,8.);
#83=CYLINDRICAL_SURFACE('',#6639,2.);
#84=CYLINDRICAL_SURFACE('',#6642,2.);
#85=CYLINDRICAL_SURFACE('',#6651,4.5);
#86=CYLINDRICAL_SURFACE('',#6654,3.5);
#87=CYLINDRICAL_SURFACE('',#6657,3.5);
#88=CYLINDRICAL_SURFACE('',#6660,3.5);
#89=CYLINDRICAL_SURFACE('',#6671,3.5);
#90=CYLINDRICAL_SURFACE('',#6678,0.575000000000001);
#91=CYLINDRICAL_SURFACE('',#6680,0.575000000000001);
#92=CYLINDRICAL_SURFACE('',#6682,0.575000000000001);
#93=CYLINDRICAL_SURFACE('',#6684,0.575000000000001);
#94=CYLINDRICAL_SURFACE('',#6686,1.8);
#95=CYLINDRICAL_SURFACE('',#6688,1.8);
#96=CYLINDRICAL_SURFACE('',#6690,1.8);
#97=CYLINDRICAL_SURFACE('',#6692,8.);
#98=CYLINDRICAL_SURFACE('',#6700,4.5);
#99=CYLINDRICAL_SURFACE('',#6704,4.5);
#100=CYLINDRICAL_SURFACE('',#6709,4.5);
#101=CYLINDRICAL_SURFACE('',#6713,3.5);
#102=CYLINDRICAL_SURFACE('',#6717,8.);
#103=CYLINDRICAL_SURFACE('',#6730,6.3);
#104=CYLINDRICAL_SURFACE('',#6733,6.3);
#105=CYLINDRICAL_SURFACE('',#6736,6.3);
#106=CYLINDRICAL_SURFACE('',#6739,6.3);
#107=CYLINDRICAL_SURFACE('',#6742,6.);
#108=CYLINDRICAL_SURFACE('',#6746,3.5);
#109=CYLINDRICAL_SURFACE('',#6749,6.);
#110=CYLINDRICAL_SURFACE('',#6754,3.5);
#111=CYLINDRICAL_SURFACE('',#6758,6.);
#112=CYLINDRICAL_SURFACE('',#6762,6.);
#113=CYLINDRICAL_SURFACE('',#6782,1.625);
#114=CYLINDRICAL_SURFACE('',#6785,1.625);
#115=CYLINDRICAL_SURFACE('',#6801,3.5);
#116=CYLINDRICAL_SURFACE('',#6808,3.5);
#117=CYLINDRICAL_SURFACE('',#6816,5.);
#118=CYLINDRICAL_SURFACE('',#6840,2.);
#119=CYLINDRICAL_SURFACE('',#6842,3.5);
#120=CYLINDRICAL_SURFACE('',#6844,3.5);
#121=CYLINDRICAL_SURFACE('',#6854,3.);
#122=CYLINDRICAL_SURFACE('',#6857,3.);
#123=CYLINDRICAL_SURFACE('',#6859,3.);
#124=CYLINDRICAL_SURFACE('',#6864,3.);
#125=CYLINDRICAL_SURFACE('',#6869,5.);
#126=CYLINDRICAL_SURFACE('',#6875,5.);
#127=CYLINDRICAL_SURFACE('',#6901,3.5);
#128=CYLINDRICAL_SURFACE('',#6902,3.5);
#129=CYLINDRICAL_SURFACE('',#6903,1.30000000000001);
#130=CYLINDRICAL_SURFACE('',#6905,1.29999999999999);
#131=CYLINDRICAL_SURFACE('',#6906,1.29999999999999);
#132=CYLINDRICAL_SURFACE('',#6908,1.29999999999999);
#133=CYLINDRICAL_SURFACE('',#6910,2.);
#134=CYLINDRICAL_SURFACE('',#6915,2.);
#135=CIRCLE('',#6476,3.5);
#136=CIRCLE('',#6480,8.);
#137=CIRCLE('',#6481,8.);
#138=CIRCLE('',#6482,8.);
#139=CIRCLE('',#6483,8.);
#140=CIRCLE('',#6484,1.625);
#141=CIRCLE('',#6485,1.625);
#142=CIRCLE('',#6488,6.);
#143=CIRCLE('',#6489,6.);
#144=CIRCLE('',#6490,6.3);
#145=CIRCLE('',#6491,6.3);
#146=CIRCLE('',#6492,6.3);
#147=CIRCLE('',#6493,6.3);
#148=CIRCLE('',#6494,6.);
#149=CIRCLE('',#6495,6.);
#150=CIRCLE('',#6496,3.5);
#151=CIRCLE('',#6497,3.5);
#152=CIRCLE('',#6498,3.5);
#153=CIRCLE('',#6499,3.5);
#154=CIRCLE('',#6500,4.5);
#155=CIRCLE('',#6501,4.5);
#156=CIRCLE('',#6502,4.5);
#157=CIRCLE('',#6503,4.5);
#158=CIRCLE('',#6504,3.5);
#159=CIRCLE('',#6505,3.5);
#160=CIRCLE('',#6508,3.5);
#161=CIRCLE('',#6512,4.5);
#162=CIRCLE('',#6513,4.5);
#163=CIRCLE('',#6514,3.5);
#164=CIRCLE('',#6515,3.5);
#165=CIRCLE('',#6516,4.5);
#166=CIRCLE('',#6517,4.5);
#167=CIRCLE('',#6518,3.5);
#168=CIRCLE('',#6519,3.5);
#169=CIRCLE('',#6525,3.5);
#170=CIRCLE('',#6527,1.625);
#171=CIRCLE('',#6529,3.5);
#172=CIRCLE('',#6531,1.625);
#173=CIRCLE('',#6535,6.);
#174=CIRCLE('',#6536,6.);
#175=CIRCLE('',#6537,6.);
#176=CIRCLE('',#6538,6.);
#177=CIRCLE('',#6552,6.30000000000001);
#178=CIRCLE('',#6555,6.30000000000001);
#179=CIRCLE('',#6558,6.30000000000001);
#180=CIRCLE('',#6561,6.30000000000001);
#181=CIRCLE('',#6566,8.);
#182=CIRCLE('',#6567,8.);
#183=CIRCLE('',#6568,8.);
#184=CIRCLE('',#6569,8.);
#185=CIRCLE('',#6622,8.);
#186=CIRCLE('',#6623,8.);
#187=CIRCLE('',#6624,8.);
#188=CIRCLE('',#6625,8.);
#189=CIRCLE('',#6627,0.575000000000001);
#190=CIRCLE('',#6628,0.575000000000001);
#191=CIRCLE('',#6629,0.575000000000001);
#192=CIRCLE('',#6630,0.575000000000001);
#193=CIRCLE('',#6631,1.8);
#194=CIRCLE('',#6632,1.8);
#195=CIRCLE('',#6633,1.8);
#196=CIRCLE('',#6635,8.);
#197=CIRCLE('',#6636,8.);
#198=CIRCLE('',#6640,2.);
#199=CIRCLE('',#6641,2.);
#200=CIRCLE('',#6643,2.);
#201=CIRCLE('',#6644,2.);
#202=CIRCLE('',#6647,5.);
#203=CIRCLE('',#6648,5.);
#204=CIRCLE('',#6649,5.);
#205=CIRCLE('',#6652,4.5);
#206=CIRCLE('',#6653,4.5);
#207=CIRCLE('',#6655,3.5);
#208=CIRCLE('',#6664,2.);
#209=CIRCLE('',#6665,3.5);
#210=CIRCLE('',#6666,5.16227766016838);
#211=CIRCLE('',#6667,5.16227766016838);
#212=CIRCLE('',#6668,3.5);
#213=CIRCLE('',#6669,2.);
#214=CIRCLE('',#6670,3.5);
#215=CIRCLE('',#6672,3.5);
#216=CIRCLE('',#6673,2.);
#217=CIRCLE('',#6674,3.5);
#218=CIRCLE('',#6675,5.16227766016838);
#219=CIRCLE('',#6677,5.16227766016838);
#220=CIRCLE('',#6679,0.575000000000001);
#221=CIRCLE('',#6681,0.575000000000001);
#222=CIRCLE('',#6683,0.575000000000001);
#223=CIRCLE('',#6685,0.575000000000001);
#224=CIRCLE('',#6687,1.8);
#225=CIRCLE('',#6689,1.8);
#226=CIRCLE('',#6691,1.8);
#227=CIRCLE('',#6693,8.);
#228=CIRCLE('',#6694,8.);
#229=CIRCLE('',#6696,3.);
#230=CIRCLE('',#6697,3.);
#231=CIRCLE('',#6698,3.);
#232=CIRCLE('',#6699,3.);
#233=CIRCLE('',#6701,4.5);
#234=CIRCLE('',#6702,4.5);
#235=CIRCLE('',#6705,4.5);
#236=CIRCLE('',#6706,4.5);
#237=CIRCLE('',#6707,4.5);
#238=CIRCLE('',#6708,4.5);
#239=CIRCLE('',#6710,4.5);
#240=CIRCLE('',#6711,4.5);
#241=CIRCLE('',#6714,3.5);
#242=CIRCLE('',#6718,8.);
#243=CIRCLE('',#6719,8.);
#244=CIRCLE('',#6723,6.30000000000001);
#245=CIRCLE('',#6724,6.30000000000001);
#246=CIRCLE('',#6725,6.30000000000001);
#247=CIRCLE('',#6726,6.30000000000001);
#248=CIRCLE('',#6731,6.3);
#249=CIRCLE('',#6734,6.3);
#250=CIRCLE('',#6737,6.3);
#251=CIRCLE('',#6740,6.3);
#252=CIRCLE('',#6743,6.);
#253=CIRCLE('',#6744,6.);
#254=CIRCLE('',#6747,3.5);
#255=CIRCLE('',#6750,6.);
#256=CIRCLE('',#6751,6.);
#257=CIRCLE('',#6755,3.5);
#258=CIRCLE('',#6759,6.);
#259=CIRCLE('',#6760,6.);
#260=CIRCLE('',#6763,6.);
#261=CIRCLE('',#6764,6.);
#262=CIRCLE('',#6780,1.625);
#263=CIRCLE('',#6783,1.625);
#264=CIRCLE('',#6784,1.625);
#265=CIRCLE('',#6786,1.625);
#266=CIRCLE('',#6793,3.5);
#267=CIRCLE('',#6802,3.5);
#268=CIRCLE('',#6804,3.5);
#269=CIRCLE('',#6809,3.5);
#270=CIRCLE('',#6817,5.);
#271=CIRCLE('',#6825,3.5);
#272=CIRCLE('',#6826,2.);
#273=CIRCLE('',#6832,2.);
#274=CIRCLE('',#6834,2.);
#275=CIRCLE('',#6843,3.5);
#276=CIRCLE('',#6845,3.5);
#277=CIRCLE('',#6855,3.);
#278=CIRCLE('',#6858,3.);
#279=CIRCLE('',#6860,3.);
#280=CIRCLE('',#6863,3.);
#281=CIRCLE('',#6870,5.);
#282=CIRCLE('',#6871,5.);
#283=CIRCLE('',#6873,5.);
#284=CIRCLE('',#6876,5.);
#285=CIRCLE('',#6890,1.29999999999999);
#286=CIRCLE('',#6891,1.29999999999999);
#287=CIRCLE('',#6892,1.29999999999999);
#288=CIRCLE('',#6893,1.29999999999999);
#289=CIRCLE('',#6894,1.30000000000001);
#290=CIRCLE('',#6895,1.29999999999999);
#291=CIRCLE('',#6897,1.29999999999999);
#292=CIRCLE('',#6898,1.29999999999999);
#293=CIRCLE('',#6899,2.);
#294=CIRCLE('',#6900,2.);
#295=CIRCLE('',#6904,1.30000000000001);
#296=CIRCLE('',#6907,1.29999999999999);
#297=CIRCLE('',#6911,2.);
#298=CIRCLE('',#6914,2.);
#299=FACE_BOUND('',#693,.T.);
#300=FACE_BOUND('',#695,.T.);
#301=FACE_BOUND('',#699,.T.);
#302=FACE_BOUND('',#713,.T.);
#303=FACE_BOUND('',#714,.T.);
#304=FACE_BOUND('',#715,.T.);
#305=FACE_BOUND('',#716,.T.);
#306=FACE_BOUND('',#719,.T.);
#307=FACE_BOUND('',#720,.T.);
#308=FACE_BOUND('',#721,.T.);
#309=FACE_BOUND('',#722,.T.);
#310=FACE_BOUND('',#728,.T.);
#311=FACE_BOUND('',#729,.T.);
#312=FACE_BOUND('',#736,.T.);
#313=FACE_BOUND('',#739,.T.);
#314=FACE_BOUND('',#812,.T.);
#315=FACE_BOUND('',#814,.T.);
#316=FACE_BOUND('',#815,.T.);
#317=FACE_BOUND('',#816,.T.);
#318=FACE_BOUND('',#817,.T.);
#319=FACE_BOUND('',#818,.T.);
#320=FACE_BOUND('',#819,.T.);
#321=FACE_BOUND('',#820,.T.);
#322=FACE_BOUND('',#828,.T.);
#323=FACE_BOUND('',#848,.T.);
#324=FACE_BOUND('',#849,.T.);
#325=FACE_BOUND('',#852,.T.);
#326=FACE_BOUND('',#853,.T.);
#327=FACE_BOUND('',#854,.T.);
#328=FACE_BOUND('',#855,.T.);
#329=FACE_BOUND('',#856,.T.);
#330=FACE_BOUND('',#857,.T.);
#331=FACE_BOUND('',#858,.T.);
#332=FACE_BOUND('',#860,.T.);
#333=FACE_BOUND('',#909,.T.);
#334=FACE_BOUND('',#944,.T.);
#335=FACE_BOUND('',#962,.T.);
#336=FACE_BOUND('',#963,.T.);
#337=FACE_BOUND('',#977,.T.);
#338=FACE_BOUND('',#978,.T.);
#339=FACE_BOUND('',#986,.T.);
#340=FACE_BOUND('',#987,.T.);
#341=FACE_BOUND('',#996,.T.);
#342=FACE_BOUND('',#997,.T.);
#343=FACE_BOUND('',#998,.T.);
#344=FACE_BOUND('',#1001,.T.);
#345=FACE_BOUND('',#1002,.T.);
#346=FACE_BOUND('',#1003,.T.);
#347=FACE_BOUND('',#1004,.T.);
#348=FACE_BOUND('',#1011,.T.);
#349=FACE_BOUND('',#1012,.T.);
#350=FACE_BOUND('',#1013,.T.);
#351=FACE_BOUND('',#1014,.T.);
#352=FACE_BOUND('',#1015,.T.);
#353=FACE_BOUND('',#1016,.T.);
#354=FACE_BOUND('',#1018,.T.);
#355=FACE_BOUND('',#1019,.T.);
#356=FACE_BOUND('',#1020,.T.);
#357=FACE_BOUND('',#1021,.T.);
#358=FACE_BOUND('',#1022,.T.);
#359=FACE_BOUND('',#1033,.T.);
#360=FACE_BOUND('',#1034,.T.);
#361=FACE_BOUND('',#1035,.T.);
#362=FACE_BOUND('',#1052,.T.);
#363=FACE_BOUND('',#1060,.T.);
#364=FACE_BOUND('',#1064,.T.);
#365=FACE_BOUND('',#1070,.T.);
#366=FACE_BOUND('',#1072,.T.);
#367=FACE_OUTER_BOUND('',#686,.T.);
#368=FACE_OUTER_BOUND('',#687,.T.);
#369=FACE_OUTER_BOUND('',#688,.T.);
#370=FACE_OUTER_BOUND('',#689,.T.);
#371=FACE_OUTER_BOUND('',#690,.T.);
#372=FACE_OUTER_BOUND('',#691,.T.);
#373=FACE_OUTER_BOUND('',#692,.T.);
#374=FACE_OUTER_BOUND('',#694,.T.);
#375=FACE_OUTER_BOUND('',#696,.T.);
#376=FACE_OUTER_BOUND('',#697,.T.);
#377=FACE_OUTER_BOUND('',#698,.T.);
#378=FACE_OUTER_BOUND('',#700,.T.);
#379=FACE_OUTER_BOUND('',#701,.T.);
#380=FACE_OUTER_BOUND('',#702,.T.);
#381=FACE_OUTER_BOUND('',#703,.T.);
#382=FACE_OUTER_BOUND('',#704,.T.);
#383=FACE_OUTER_BOUND('',#705,.T.);
#384=FACE_OUTER_BOUND('',#706,.T.);
#385=FACE_OUTER_BOUND('',#707,.T.);
#386=FACE_OUTER_BOUND('',#708,.T.);
#387=FACE_OUTER_BOUND('',#709,.T.);
#388=FACE_OUTER_BOUND('',#710,.T.);
#389=FACE_OUTER_BOUND('',#711,.T.);
#390=FACE_OUTER_BOUND('',#712,.T.);
#391=FACE_OUTER_BOUND('',#717,.T.);
#392=FACE_OUTER_BOUND('',#718,.T.);
#393=FACE_OUTER_BOUND('',#723,.T.);
#394=FACE_OUTER_BOUND('',#724,.T.);
#395=FACE_OUTER_BOUND('',#725,.T.);
#396=FACE_OUTER_BOUND('',#726,.T.);
#397=FACE_OUTER_BOUND('',#727,.T.);
#398=FACE_OUTER_BOUND('',#730,.T.);
#399=FACE_OUTER_BOUND('',#731,.T.);
#400=FACE_OUTER_BOUND('',#732,.T.);
#401=FACE_OUTER_BOUND('',#733,.T.);
#402=FACE_OUTER_BOUND('',#734,.T.);
#403=FACE_OUTER_BOUND('',#735,.T.);
#404=FACE_OUTER_BOUND('',#737,.T.);
#405=FACE_OUTER_BOUND('',#738,.T.);
#406=FACE_OUTER_BOUND('',#740,.T.);
#407=FACE_OUTER_BOUND('',#741,.T.);
#408=FACE_OUTER_BOUND('',#742,.T.);
#409=FACE_OUTER_BOUND('',#743,.T.);
#410=FACE_OUTER_BOUND('',#744,.T.);
#411=FACE_OUTER_BOUND('',#745,.T.);
#412=FACE_OUTER_BOUND('',#746,.T.);
#413=FACE_OUTER_BOUND('',#747,.T.);
#414=FACE_OUTER_BOUND('',#748,.T.);
#415=FACE_OUTER_BOUND('',#749,.T.);
#416=FACE_OUTER_BOUND('',#750,.T.);
#417=FACE_OUTER_BOUND('',#751,.T.);
#418=FACE_OUTER_BOUND('',#752,.T.);
#419=FACE_OUTER_BOUND('',#753,.T.);
#420=FACE_OUTER_BOUND('',#754,.T.);
#421=FACE_OUTER_BOUND('',#755,.T.);
#422=FACE_OUTER_BOUND('',#756,.T.);
#423=FACE_OUTER_BOUND('',#757,.T.);
#424=FACE_OUTER_BOUND('',#758,.T.);
#425=FACE_OUTER_BOUND('',#759,.T.);
#426=FACE_OUTER_BOUND('',#760,.T.);
#427=FACE_OUTER_BOUND('',#761,.T.);
#428=FACE_OUTER_BOUND('',#762,.T.);
#429=FACE_OUTER_BOUND('',#763,.T.);
#430=FACE_OUTER_BOUND('',#764,.T.);
#431=FACE_OUTER_BOUND('',#765,.T.);
#432=FACE_OUTER_BOUND('',#766,.T.);
#433=FACE_OUTER_BOUND('',#767,.T.);
#434=FACE_OUTER_BOUND('',#768,.T.);
#435=FACE_OUTER_BOUND('',#769,.T.);
#436=FACE_OUTER_BOUND('',#770,.T.);
#437=FACE_OUTER_BOUND('',#771,.T.);
#438=FACE_OUTER_BOUND('',#772,.T.);
#439=FACE_OUTER_BOUND('',#773,.T.);
#440=FACE_OUTER_BOUND('',#774,.T.);
#441=FACE_OUTER_BOUND('',#775,.T.);
#442=FACE_OUTER_BOUND('',#776,.T.);
#443=FACE_OUTER_BOUND('',#777,.T.);
#444=FACE_OUTER_BOUND('',#778,.T.);
#445=FACE_OUTER_BOUND('',#779,.T.);
#446=FACE_OUTER_BOUND('',#780,.T.);
#447=FACE_OUTER_BOUND('',#781,.T.);
#448=FACE_OUTER_BOUND('',#782,.T.);
#449=FACE_OUTER_BOUND('',#783,.T.);
#450=FACE_OUTER_BOUND('',#784,.T.);
#451=FACE_OUTER_BOUND('',#785,.T.);
#452=FACE_OUTER_BOUND('',#786,.T.);
#453=FACE_OUTER_BOUND('',#787,.T.);
#454=FACE_OUTER_BOUND('',#788,.T.);
#455=FACE_OUTER_BOUND('',#789,.T.);
#456=FACE_OUTER_BOUND('',#790,.T.);
#457=FACE_OUTER_BOUND('',#791,.T.);
#458=FACE_OUTER_BOUND('',#792,.T.);
#459=FACE_OUTER_BOUND('',#793,.T.);
#460=FACE_OUTER_BOUND('',#794,.T.);
#461=FACE_OUTER_BOUND('',#795,.T.);
#462=FACE_OUTER_BOUND('',#796,.T.);
#463=FACE_OUTER_BOUND('',#797,.T.);
#464=FACE_OUTER_BOUND('',#798,.T.);
#465=FACE_OUTER_BOUND('',#799,.T.);
#466=FACE_OUTER_BOUND('',#800,.T.);
#467=FACE_OUTER_BOUND('',#801,.T.);
#468=FACE_OUTER_BOUND('',#802,.T.);
#469=FACE_OUTER_BOUND('',#803,.T.);
#470=FACE_OUTER_BOUND('',#804,.T.);
#471=FACE_OUTER_BOUND('',#805,.T.);
#472=FACE_OUTER_BOUND('',#806,.T.);
#473=FACE_OUTER_BOUND('',#807,.T.);
#474=FACE_OUTER_BOUND('',#808,.T.);
#475=FACE_OUTER_BOUND('',#809,.T.);
#476=FACE_OUTER_BOUND('',#810,.T.);
#477=FACE_OUTER_BOUND('',#811,.T.);
#478=FACE_OUTER_BOUND('',#813,.T.);
#479=FACE_OUTER_BOUND('',#821,.T.);
#480=FACE_OUTER_BOUND('',#822,.T.);
#481=FACE_OUTER_BOUND('',#823,.T.);
#482=FACE_OUTER_BOUND('',#824,.T.);
#483=FACE_OUTER_BOUND('',#825,.T.);
#484=FACE_OUTER_BOUND('',#826,.T.);
#485=FACE_OUTER_BOUND('',#827,.T.);
#486=FACE_OUTER_BOUND('',#829,.T.);
#487=FACE_OUTER_BOUND('',#830,.T.);
#488=FACE_OUTER_BOUND('',#831,.T.);
#489=FACE_OUTER_BOUND('',#832,.T.);
#490=FACE_OUTER_BOUND('',#833,.T.);
#491=FACE_OUTER_BOUND('',#834,.T.);
#492=FACE_OUTER_BOUND('',#835,.T.);
#493=FACE_OUTER_BOUND('',#836,.T.);
#494=FACE_OUTER_BOUND('',#837,.T.);
#495=FACE_OUTER_BOUND('',#838,.T.);
#496=FACE_OUTER_BOUND('',#839,.T.);
#497=FACE_OUTER_BOUND('',#840,.T.);
#498=FACE_OUTER_BOUND('',#841,.T.);
#499=FACE_OUTER_BOUND('',#842,.T.);
#500=FACE_OUTER_BOUND('',#843,.T.);
#501=FACE_OUTER_BOUND('',#844,.T.);
#502=FACE_OUTER_BOUND('',#845,.T.);
#503=FACE_OUTER_BOUND('',#846,.T.);
#504=FACE_OUTER_BOUND('',#847,.T.);
#505=FACE_OUTER_BOUND('',#850,.T.);
#506=FACE_OUTER_BOUND('',#851,.T.);
#507=FACE_OUTER_BOUND('',#859,.T.);
#508=FACE_OUTER_BOUND('',#861,.T.);
#509=FACE_OUTER_BOUND('',#862,.T.);
#510=FACE_OUTER_BOUND('',#863,.T.);
#511=FACE_OUTER_BOUND('',#864,.T.);
#512=FACE_OUTER_BOUND('',#865,.T.);
#513=FACE_OUTER_BOUND('',#866,.T.);
#514=FACE_OUTER_BOUND('',#867,.T.);
#515=FACE_OUTER_BOUND('',#868,.T.);
#516=FACE_OUTER_BOUND('',#869,.T.);
#517=FACE_OUTER_BOUND('',#870,.T.);
#518=FACE_OUTER_BOUND('',#871,.T.);
#519=FACE_OUTER_BOUND('',#872,.T.);
#520=FACE_OUTER_BOUND('',#873,.T.);
#521=FACE_OUTER_BOUND('',#874,.T.);
#522=FACE_OUTER_BOUND('',#875,.T.);
#523=FACE_OUTER_BOUND('',#876,.T.);
#524=FACE_OUTER_BOUND('',#877,.T.);
#525=FACE_OUTER_BOUND('',#878,.T.);
#526=FACE_OUTER_BOUND('',#879,.T.);
#527=FACE_OUTER_BOUND('',#880,.T.);
#528=FACE_OUTER_BOUND('',#881,.T.);
#529=FACE_OUTER_BOUND('',#882,.T.);
#530=FACE_OUTER_BOUND('',#883,.T.);
#531=FACE_OUTER_BOUND('',#884,.T.);
#532=FACE_OUTER_BOUND('',#885,.T.);
#533=FACE_OUTER_BOUND('',#886,.T.);
#534=FACE_OUTER_BOUND('',#887,.T.);
#535=FACE_OUTER_BOUND('',#888,.T.);
#536=FACE_OUTER_BOUND('',#889,.T.);
#537=FACE_OUTER_BOUND('',#890,.T.);
#538=FACE_OUTER_BOUND('',#891,.T.);
#539=FACE_OUTER_BOUND('',#892,.T.);
#540=FACE_OUTER_BOUND('',#893,.T.);
#541=FACE_OUTER_BOUND('',#894,.T.);
#542=FACE_OUTER_BOUND('',#895,.T.);
#543=FACE_OUTER_BOUND('',#896,.T.);
#544=FACE_OUTER_BOUND('',#897,.T.);
#545=FACE_OUTER_BOUND('',#898,.T.);
#546=FACE_OUTER_BOUND('',#899,.T.);
#547=FACE_OUTER_BOUND('',#900,.T.);
#548=FACE_OUTER_BOUND('',#901,.T.);
#549=FACE_OUTER_BOUND('',#902,.T.);
#550=FACE_OUTER_BOUND('',#903,.T.);
#551=FACE_OUTER_BOUND('',#904,.T.);
#552=FACE_OUTER_BOUND('',#905,.T.);
#553=FACE_OUTER_BOUND('',#906,.T.);
#554=FACE_OUTER_BOUND('',#907,.T.);
#555=FACE_OUTER_BOUND('',#908,.T.);
#556=FACE_OUTER_BOUND('',#910,.T.);
#557=FACE_OUTER_BOUND('',#911,.T.);
#558=FACE_OUTER_BOUND('',#912,.T.);
#559=FACE_OUTER_BOUND('',#913,.T.);
#560=FACE_OUTER_BOUND('',#914,.T.);
#561=FACE_OUTER_BOUND('',#915,.T.);
#562=FACE_OUTER_BOUND('',#916,.T.);
#563=FACE_OUTER_BOUND('',#917,.T.);
#564=FACE_OUTER_BOUND('',#918,.T.);
#565=FACE_OUTER_BOUND('',#919,.T.);
#566=FACE_OUTER_BOUND('',#920,.T.);
#567=FACE_OUTER_BOUND('',#921,.T.);
#568=FACE_OUTER_BOUND('',#922,.T.);
#569=FACE_OUTER_BOUND('',#923,.T.);
#570=FACE_OUTER_BOUND('',#924,.T.);
#571=FACE_OUTER_BOUND('',#925,.T.);
#572=FACE_OUTER_BOUND('',#926,.T.);
#573=FACE_OUTER_BOUND('',#927,.T.);
#574=FACE_OUTER_BOUND('',#928,.T.);
#575=FACE_OUTER_BOUND('',#929,.T.);
#576=FACE_OUTER_BOUND('',#930,.T.);
#577=FACE_OUTER_BOUND('',#931,.T.);
#578=FACE_OUTER_BOUND('',#932,.T.);
#579=FACE_OUTER_BOUND('',#933,.T.);
#580=FACE_OUTER_BOUND('',#934,.T.);
#581=FACE_OUTER_BOUND('',#935,.T.);
#582=FACE_OUTER_BOUND('',#936,.T.);
#583=FACE_OUTER_BOUND('',#937,.T.);
#584=FACE_OUTER_BOUND('',#938,.T.);
#585=FACE_OUTER_BOUND('',#939,.T.);
#586=FACE_OUTER_BOUND('',#940,.T.);
#587=FACE_OUTER_BOUND('',#941,.T.);
#588=FACE_OUTER_BOUND('',#942,.T.);
#589=FACE_OUTER_BOUND('',#943,.T.);
#590=FACE_OUTER_BOUND('',#945,.T.);
#591=FACE_OUTER_BOUND('',#946,.T.);
#592=FACE_OUTER_BOUND('',#947,.T.);
#593=FACE_OUTER_BOUND('',#948,.T.);
#594=FACE_OUTER_BOUND('',#949,.T.);
#595=FACE_OUTER_BOUND('',#950,.T.);
#596=FACE_OUTER_BOUND('',#951,.T.);
#597=FACE_OUTER_BOUND('',#952,.T.);
#598=FACE_OUTER_BOUND('',#953,.T.);
#599=FACE_OUTER_BOUND('',#954,.T.);
#600=FACE_OUTER_BOUND('',#955,.T.);
#601=FACE_OUTER_BOUND('',#956,.T.);
#602=FACE_OUTER_BOUND('',#957,.T.);
#603=FACE_OUTER_BOUND('',#958,.T.);
#604=FACE_OUTER_BOUND('',#959,.T.);
#605=FACE_OUTER_BOUND('',#960,.T.);
#606=FACE_OUTER_BOUND('',#961,.T.);
#607=FACE_OUTER_BOUND('',#964,.T.);
#608=FACE_OUTER_BOUND('',#965,.T.);
#609=FACE_OUTER_BOUND('',#966,.T.);
#610=FACE_OUTER_BOUND('',#967,.T.);
#611=FACE_OUTER_BOUND('',#968,.T.);
#612=FACE_OUTER_BOUND('',#969,.T.);
#613=FACE_OUTER_BOUND('',#970,.T.);
#614=FACE_OUTER_BOUND('',#971,.T.);
#615=FACE_OUTER_BOUND('',#972,.T.);
#616=FACE_OUTER_BOUND('',#973,.T.);
#617=FACE_OUTER_BOUND('',#974,.T.);
#618=FACE_OUTER_BOUND('',#975,.T.);
#619=FACE_OUTER_BOUND('',#976,.T.);
#620=FACE_OUTER_BOUND('',#979,.T.);
#621=FACE_OUTER_BOUND('',#980,.T.);
#622=FACE_OUTER_BOUND('',#981,.T.);
#623=FACE_OUTER_BOUND('',#982,.T.);
#624=FACE_OUTER_BOUND('',#983,.T.);
#625=FACE_OUTER_BOUND('',#984,.T.);
#626=FACE_OUTER_BOUND('',#985,.T.);
#627=FACE_OUTER_BOUND('',#988,.T.);
#628=FACE_OUTER_BOUND('',#989,.T.);
#629=FACE_OUTER_BOUND('',#990,.T.);
#630=FACE_OUTER_BOUND('',#991,.T.);
#631=FACE_OUTER_BOUND('',#992,.T.);
#632=FACE_OUTER_BOUND('',#993,.T.);
#633=FACE_OUTER_BOUND('',#994,.T.);
#634=FACE_OUTER_BOUND('',#995,.T.);
#635=FACE_OUTER_BOUND('',#999,.T.);
#636=FACE_OUTER_BOUND('',#1000,.T.);
#637=FACE_OUTER_BOUND('',#1005,.T.);
#638=FACE_OUTER_BOUND('',#1006,.T.);
#639=FACE_OUTER_BOUND('',#1007,.T.);
#640=FACE_OUTER_BOUND('',#1008,.T.);
#641=FACE_OUTER_BOUND('',#1009,.T.);
#642=FACE_OUTER_BOUND('',#1010,.T.);
#643=FACE_OUTER_BOUND('',#1017,.T.);
#644=FACE_OUTER_BOUND('',#1023,.T.);
#645=FACE_OUTER_BOUND('',#1024,.T.);
#646=FACE_OUTER_BOUND('',#1025,.T.);
#647=FACE_OUTER_BOUND('',#1026,.T.);
#648=FACE_OUTER_BOUND('',#1027,.T.);
#649=FACE_OUTER_BOUND('',#1028,.T.);
#650=FACE_OUTER_BOUND('',#1029,.T.);
#651=FACE_OUTER_BOUND('',#1030,.T.);
#652=FACE_OUTER_BOUND('',#1031,.T.);
#653=FACE_OUTER_BOUND('',#1032,.T.);
#654=FACE_OUTER_BOUND('',#1036,.T.);
#655=FACE_OUTER_BOUND('',#1037,.T.);
#656=FACE_OUTER_BOUND('',#1038,.T.);
#657=FACE_OUTER_BOUND('',#1039,.T.);
#658=FACE_OUTER_BOUND('',#1040,.T.);
#659=FACE_OUTER_BOUND('',#1041,.T.);
#660=FACE_OUTER_BOUND('',#1042,.T.);
#661=FACE_OUTER_BOUND('',#1043,.T.);
#662=FACE_OUTER_BOUND('',#1044,.T.);
#663=FACE_OUTER_BOUND('',#1045,.T.);
#664=FACE_OUTER_BOUND('',#1046,.T.);
#665=FACE_OUTER_BOUND('',#1047,.T.);
#666=FACE_OUTER_BOUND('',#1048,.T.);
#667=FACE_OUTER_BOUND('',#1049,.T.);
#668=FACE_OUTER_BOUND('',#1050,.T.);
#669=FACE_OUTER_BOUND('',#1051,.T.);
#670=FACE_OUTER_BOUND('',#1053,.T.);
#671=FACE_OUTER_BOUND('',#1054,.T.);
#672=FACE_OUTER_BOUND('',#1055,.T.);
#673=FACE_OUTER_BOUND('',#1056,.T.);
#674=FACE_OUTER_BOUND('',#1057,.T.);
#675=FACE_OUTER_BOUND('',#1058,.T.);
#676=FACE_OUTER_BOUND('',#1059,.T.);
#677=FACE_OUTER_BOUND('',#1061,.T.);
#678=FACE_OUTER_BOUND('',#1062,.T.);
#679=FACE_OUTER_BOUND('',#1063,.T.);
#680=FACE_OUTER_BOUND('',#1065,.T.);
#681=FACE_OUTER_BOUND('',#1066,.T.);
#682=FACE_OUTER_BOUND('',#1067,.T.);
#683=FACE_OUTER_BOUND('',#1068,.T.);
#684=FACE_OUTER_BOUND('',#1069,.T.);
#685=FACE_OUTER_BOUND('',#1071,.T.);
#686=EDGE_LOOP('',(#4054,#4055,#4056,#4057));
#687=EDGE_LOOP('',(#4058,#4059,#4060,#4061));
#688=EDGE_LOOP('',(#4062,#4063,#4064,#4065));
#689=EDGE_LOOP('',(#4066,#4067,#4068,#4069));
#690=EDGE_LOOP('',(#4070,#4071,#4072,#4073));
#691=EDGE_LOOP('',(#4074,#4075,#4076,#4077));
#692=EDGE_LOOP('',(#4078,#4079,#4080,#4081));
#693=EDGE_LOOP('',(#4082,#4083,#4084,#4085));
#694=EDGE_LOOP('',(#4086,#4087,#4088,#4089));
#695=EDGE_LOOP('',(#4090,#4091,#4092,#4093));
#696=EDGE_LOOP('',(#4094,#4095,#4096,#4097));
#697=EDGE_LOOP('',(#4098,#4099,#4100,#4101));
#698=EDGE_LOOP('',(#4102,#4103,#4104,#4105));
#699=EDGE_LOOP('',(#4106,#4107,#4108,#4109));
#700=EDGE_LOOP('',(#4110,#4111,#4112,#4113));
#701=EDGE_LOOP('',(#4114,#4115,#4116,#4117));
#702=EDGE_LOOP('',(#4118,#4119,#4120,#4121));
#703=EDGE_LOOP('',(#4122,#4123,#4124,#4125));
#704=EDGE_LOOP('',(#4126,#4127,#4128,#4129));
#705=EDGE_LOOP('',(#4130,#4131,#4132,#4133));
#706=EDGE_LOOP('',(#4134,#4135,#4136,#4137));
#707=EDGE_LOOP('',(#4138,#4139,#4140,#4141,#4142,#4143,#4144,#4145));
#708=EDGE_LOOP('',(#4146,#4147,#4148,#4149));
#709=EDGE_LOOP('',(#4150,#4151,#4152,#4153,#4154,#4155));
#710=EDGE_LOOP('',(#4156,#4157,#4158,#4159));
#711=EDGE_LOOP('',(#4160,#4161,#4162,#4163));
#712=EDGE_LOOP('',(#4164,#4165,#4166,#4167,#4168,#4169,#4170,#4171,#4172,
#4173,#4174,#4175,#4176));
#713=EDGE_LOOP('',(#4177));
#714=EDGE_LOOP('',(#4178));
#715=EDGE_LOOP('',(#4179,#4180,#4181));
#716=EDGE_LOOP('',(#4182,#4183,#4184));
#717=EDGE_LOOP('',(#4185,#4186,#4187,#4188));
#718=EDGE_LOOP('',(#4189,#4190,#4191,#4192,#4193,#4194,#4195,#4196,#4197,
#4198,#4199,#4200,#4201,#4202,#4203,#4204,#4205,#4206));
#719=EDGE_LOOP('',(#4207,#4208,#4209));
#720=EDGE_LOOP('',(#4210,#4211,#4212,#4213,#4214,#4215,#4216,#4217,#4218,
#4219,#4220));
#721=EDGE_LOOP('',(#4221,#4222,#4223));
#722=EDGE_LOOP('',(#4224,#4225,#4226,#4227,#4228,#4229,#4230,#4231,#4232,
#4233,#4234,#4235,#4236,#4237,#4238,#4239,#4240,#4241,#4242,#4243,#4244,
#4245,#4246,#4247,#4248,#4249));
#723=EDGE_LOOP('',(#4250,#4251,#4252,#4253));
#724=EDGE_LOOP('',(#4254,#4255,#4256,#4257,#4258,#4259));
#725=EDGE_LOOP('',(#4260,#4261,#4262,#4263));
#726=EDGE_LOOP('',(#4264,#4265,#4266,#4267));
#727=EDGE_LOOP('',(#4268,#4269,#4270,#4271,#4272,#4273,#4274,#4275,#4276,
#4277,#4278,#4279,#4280,#4281,#4282,#4283,#4284,#4285,#4286,#4287,#4288,
#4289));
#728=EDGE_LOOP('',(#4290));
#729=EDGE_LOOP('',(#4291));
#730=EDGE_LOOP('',(#4292,#4293,#4294,#4295));
#731=EDGE_LOOP('',(#4296,#4297,#4298,#4299));
#732=EDGE_LOOP('',(#4300,#4301,#4302,#4303));
#733=EDGE_LOOP('',(#4304,#4305,#4306,#4307));
#734=EDGE_LOOP('',(#4308,#4309,#4310,#4311));
#735=EDGE_LOOP('',(#4312));
#736=EDGE_LOOP('',(#4313));
#737=EDGE_LOOP('',(#4314,#4315,#4316,#4317));
#738=EDGE_LOOP('',(#4318));
#739=EDGE_LOOP('',(#4319));
#740=EDGE_LOOP('',(#4320,#4321,#4322,#4323));
#741=EDGE_LOOP('',(#4324,#4325,#4326,#4327));
#742=EDGE_LOOP('',(#4328,#4329,#4330,#4331,#4332,#4333,#4334,#4335,#4336,
#4337,#4338,#4339));
#743=EDGE_LOOP('',(#4340,#4341,#4342,#4343));
#744=EDGE_LOOP('',(#4344,#4345,#4346,#4347));
#745=EDGE_LOOP('',(#4348,#4349,#4350,#4351));
#746=EDGE_LOOP('',(#4352,#4353,#4354,#4355));
#747=EDGE_LOOP('',(#4356,#4357,#4358,#4359));
#748=EDGE_LOOP('',(#4360,#4361,#4362,#4363));
#749=EDGE_LOOP('',(#4364,#4365,#4366,#4367));
#750=EDGE_LOOP('',(#4368,#4369,#4370,#4371));
#751=EDGE_LOOP('',(#4372,#4373,#4374,#4375));
#752=EDGE_LOOP('',(#4376,#4377,#4378,#4379));
#753=EDGE_LOOP('',(#4380,#4381,#4382,#4383));
#754=EDGE_LOOP('',(#4384,#4385,#4386,#4387));
#755=EDGE_LOOP('',(#4388,#4389,#4390,#4391));
#756=EDGE_LOOP('',(#4392,#4393,#4394,#4395));
#757=EDGE_LOOP('',(#4396,#4397,#4398,#4399));
#758=EDGE_LOOP('',(#4400,#4401,#4402,#4403));
#759=EDGE_LOOP('',(#4404,#4405,#4406,#4407));
#760=EDGE_LOOP('',(#4408,#4409,#4410,#4411));
#761=EDGE_LOOP('',(#4412,#4413,#4414,#4415));
#762=EDGE_LOOP('',(#4416,#4417,#4418,#4419));
#763=EDGE_LOOP('',(#4420,#4421,#4422,#4423,#4424,#4425,#4426,#4427,#4428,
#4429,#4430,#4431,#4432,#4433,#4434,#4435,#4436,#4437,#4438,#4439));
#764=EDGE_LOOP('',(#4440,#4441,#4442,#4443));
#765=EDGE_LOOP('',(#4444,#4445,#4446,#4447));
#766=EDGE_LOOP('',(#4448,#4449,#4450,#4451));
#767=EDGE_LOOP('',(#4452,#4453,#4454,#4455));
#768=EDGE_LOOP('',(#4456,#4457,#4458,#4459,#4460,#4461));
#769=EDGE_LOOP('',(#4462,#4463,#4464,#4465,#4466,#4467));
#770=EDGE_LOOP('',(#4468,#4469,#4470,#4471));
#771=EDGE_LOOP('',(#4472,#4473,#4474,#4475));
#772=EDGE_LOOP('',(#4476,#4477,#4478,#4479));
#773=EDGE_LOOP('',(#4480,#4481,#4482,#4483,#4484,#4485));
#774=EDGE_LOOP('',(#4486,#4487,#4488,#4489));
#775=EDGE_LOOP('',(#4490,#4491,#4492,#4493));
#776=EDGE_LOOP('',(#4494,#4495,#4496,#4497));
#777=EDGE_LOOP('',(#4498,#4499,#4500,#4501));
#778=EDGE_LOOP('',(#4502,#4503,#4504,#4505,#4506,#4507));
#779=EDGE_LOOP('',(#4508,#4509,#4510,#4511));
#780=EDGE_LOOP('',(#4512,#4513,#4514,#4515));
#781=EDGE_LOOP('',(#4516,#4517,#4518,#4519));
#782=EDGE_LOOP('',(#4520,#4521,#4522,#4523));
#783=EDGE_LOOP('',(#4524,#4525,#4526,#4527,#4528,#4529,#4530,#4531,#4532,
#4533));
#784=EDGE_LOOP('',(#4534,#4535,#4536,#4537));
#785=EDGE_LOOP('',(#4538,#4539,#4540,#4541));
#786=EDGE_LOOP('',(#4542,#4543,#4544,#4545));
#787=EDGE_LOOP('',(#4546,#4547,#4548,#4549));
#788=EDGE_LOOP('',(#4550,#4551,#4552,#4553));
#789=EDGE_LOOP('',(#4554,#4555,#4556,#4557));
#790=EDGE_LOOP('',(#4558,#4559,#4560,#4561));
#791=EDGE_LOOP('',(#4562,#4563,#4564,#4565));
#792=EDGE_LOOP('',(#4566,#4567,#4568,#4569));
#793=EDGE_LOOP('',(#4570,#4571,#4572,#4573));
#794=EDGE_LOOP('',(#4574,#4575,#4576,#4577,#4578,#4579,#4580,#4581,#4582,
#4583));
#795=EDGE_LOOP('',(#4584,#4585,#4586,#4587));
#796=EDGE_LOOP('',(#4588,#4589,#4590,#4591));
#797=EDGE_LOOP('',(#4592,#4593,#4594,#4595));
#798=EDGE_LOOP('',(#4596,#4597,#4598,#4599));
#799=EDGE_LOOP('',(#4600,#4601,#4602,#4603));
#800=EDGE_LOOP('',(#4604,#4605,#4606,#4607));
#801=EDGE_LOOP('',(#4608,#4609,#4610,#4611));
#802=EDGE_LOOP('',(#4612,#4613,#4614,#4615));
#803=EDGE_LOOP('',(#4616,#4617,#4618,#4619));
#804=EDGE_LOOP('',(#4620,#4621,#4622,#4623));
#805=EDGE_LOOP('',(#4624,#4625,#4626,#4627));
#806=EDGE_LOOP('',(#4628,#4629,#4630,#4631));
#807=EDGE_LOOP('',(#4632,#4633,#4634,#4635));
#808=EDGE_LOOP('',(#4636,#4637,#4638,#4639));
#809=EDGE_LOOP('',(#4640,#4641,#4642,#4643));
#810=EDGE_LOOP('',(#4644,#4645,#4646,#4647));
#811=EDGE_LOOP('',(#4648,#4649,#4650,#4651));
#812=EDGE_LOOP('',(#4652,#4653,#4654,#4655));
#813=EDGE_LOOP('',(#4656,#4657,#4658,#4659));
#814=EDGE_LOOP('',(#4660));
#815=EDGE_LOOP('',(#4661));
#816=EDGE_LOOP('',(#4662));
#817=EDGE_LOOP('',(#4663));
#818=EDGE_LOOP('',(#4664));
#819=EDGE_LOOP('',(#4665));
#820=EDGE_LOOP('',(#4666));
#821=EDGE_LOOP('',(#4667,#4668,#4669,#4670));
#822=EDGE_LOOP('',(#4671,#4672,#4673,#4674));
#823=EDGE_LOOP('',(#4675,#4676,#4677,#4678));
#824=EDGE_LOOP('',(#4679,#4680,#4681,#4682));
#825=EDGE_LOOP('',(#4683,#4684,#4685,#4686));
#826=EDGE_LOOP('',(#4687,#4688,#4689,#4690));
#827=EDGE_LOOP('',(#4691,#4692,#4693,#4694));
#828=EDGE_LOOP('',(#4695,#4696,#4697,#4698,#4699,#4700,#4701));
#829=EDGE_LOOP('',(#4702,#4703,#4704,#4705,#4706,#4707,#4708,#4709));
#830=EDGE_LOOP('',(#4710,#4711,#4712,#4713));
#831=EDGE_LOOP('',(#4714,#4715,#4716,#4717));
#832=EDGE_LOOP('',(#4718,#4719,#4720,#4721,#4722,#4723,#4724));
#833=EDGE_LOOP('',(#4725,#4726,#4727,#4728,#4729));
#834=EDGE_LOOP('',(#4730,#4731,#4732,#4733,#4734,#4735));
#835=EDGE_LOOP('',(#4736,#4737,#4738,#4739));
#836=EDGE_LOOP('',(#4740,#4741,#4742,#4743));
#837=EDGE_LOOP('',(#4744,#4745,#4746,#4747));
#838=EDGE_LOOP('',(#4748,#4749,#4750,#4751,#4752,#4753,#4754));
#839=EDGE_LOOP('',(#4755,#4756,#4757,#4758));
#840=EDGE_LOOP('',(#4759,#4760,#4761,#4762));
#841=EDGE_LOOP('',(#4763,#4764,#4765,#4766));
#842=EDGE_LOOP('',(#4767,#4768,#4769,#4770));
#843=EDGE_LOOP('',(#4771,#4772,#4773,#4774));
#844=EDGE_LOOP('',(#4775,#4776,#4777,#4778));
#845=EDGE_LOOP('',(#4779,#4780,#4781,#4782));
#846=EDGE_LOOP('',(#4783,#4784,#4785,#4786));
#847=EDGE_LOOP('',(#4787,#4788,#4789,#4790));
#848=EDGE_LOOP('',(#4791,#4792,#4793,#4794));
#849=EDGE_LOOP('',(#4795,#4796,#4797,#4798,#4799,#4800,#4801,#4802));
#850=EDGE_LOOP('',(#4803,#4804,#4805,#4806));
#851=EDGE_LOOP('',(#4807,#4808,#4809,#4810));
#852=EDGE_LOOP('',(#4811));
#853=EDGE_LOOP('',(#4812));
#854=EDGE_LOOP('',(#4813));
#855=EDGE_LOOP('',(#4814));
#856=EDGE_LOOP('',(#4815));
#857=EDGE_LOOP('',(#4816));
#858=EDGE_LOOP('',(#4817));
#859=EDGE_LOOP('',(#4818,#4819,#4820,#4821));
#860=EDGE_LOOP('',(#4822,#4823,#4824,#4825));
#861=EDGE_LOOP('',(#4826,#4827,#4828,#4829,#4830));
#862=EDGE_LOOP('',(#4831,#4832,#4833,#4834,#4835,#4836,#4837,#4838));
#863=EDGE_LOOP('',(#4839,#4840,#4841,#4842));
#864=EDGE_LOOP('',(#4843,#4844,#4845,#4846,#4847));
#865=EDGE_LOOP('',(#4848,#4849,#4850,#4851));
#866=EDGE_LOOP('',(#4852,#4853,#4854,#4855));
#867=EDGE_LOOP('',(#4856,#4857,#4858,#4859,#4860,#4861,#4862,#4863,#4864,
#4865,#4866,#4867,#4868,#4869,#4870,#4871));
#868=EDGE_LOOP('',(#4872,#4873,#4874,#4875,#4876,#4877,#4878,#4879,#4880,
#4881,#4882,#4883,#4884,#4885));
#869=EDGE_LOOP('',(#4886,#4887,#4888,#4889,#4890,#4891,#4892,#4893,#4894,
#4895,#4896,#4897,#4898,#4899,#4900,#4901,#4902,#4903,#4904,#4905));
#870=EDGE_LOOP('',(#4906,#4907,#4908,#4909));
#871=EDGE_LOOP('',(#4910,#4911,#4912,#4913));
#872=EDGE_LOOP('',(#4914,#4915,#4916,#4917));
#873=EDGE_LOOP('',(#4918,#4919,#4920,#4921));
#874=EDGE_LOOP('',(#4922,#4923,#4924,#4925));
#875=EDGE_LOOP('',(#4926,#4927,#4928,#4929));
#876=EDGE_LOOP('',(#4930,#4931,#4932,#4933));
#877=EDGE_LOOP('',(#4934,#4935,#4936,#4937));
#878=EDGE_LOOP('',(#4938,#4939,#4940,#4941));
#879=EDGE_LOOP('',(#4942,#4943,#4944,#4945));
#880=EDGE_LOOP('',(#4946,#4947,#4948,#4949));
#881=EDGE_LOOP('',(#4950,#4951,#4952,#4953));
#882=EDGE_LOOP('',(#4954,#4955,#4956,#4957));
#883=EDGE_LOOP('',(#4958,#4959,#4960,#4961,#4962));
#884=EDGE_LOOP('',(#4963,#4964,#4965,#4966));
#885=EDGE_LOOP('',(#4967,#4968,#4969,#4970));
#886=EDGE_LOOP('',(#4971,#4972,#4973,#4974));
#887=EDGE_LOOP('',(#4975,#4976,#4977,#4978,#4979,#4980));
#888=EDGE_LOOP('',(#4981,#4982,#4983,#4984,#4985));
#889=EDGE_LOOP('',(#4986,#4987,#4988,#4989,#4990));
#890=EDGE_LOOP('',(#4991,#4992,#4993,#4994));
#891=EDGE_LOOP('',(#4995,#4996,#4997,#4998));
#892=EDGE_LOOP('',(#4999,#5000,#5001,#5002));
#893=EDGE_LOOP('',(#5003,#5004,#5005,#5006));
#894=EDGE_LOOP('',(#5007,#5008,#5009,#5010));
#895=EDGE_LOOP('',(#5011,#5012,#5013,#5014));
#896=EDGE_LOOP('',(#5015,#5016,#5017,#5018,#5019,#5020,#5021,#5022,#5023,
#5024,#5025,#5026,#5027,#5028,#5029,#5030,#5031,#5032));
#897=EDGE_LOOP('',(#5033,#5034,#5035,#5036,#5037,#5038,#5039,#5040,#5041));
#898=EDGE_LOOP('',(#5042,#5043,#5044,#5045));
#899=EDGE_LOOP('',(#5046,#5047,#5048,#5049,#5050));
#900=EDGE_LOOP('',(#5051,#5052,#5053,#5054));
#901=EDGE_LOOP('',(#5055,#5056,#5057,#5058));
#902=EDGE_LOOP('',(#5059,#5060,#5061,#5062,#5063));
#903=EDGE_LOOP('',(#5064,#5065,#5066,#5067));
#904=EDGE_LOOP('',(#5068,#5069,#5070,#5071));
#905=EDGE_LOOP('',(#5072,#5073,#5074,#5075,#5076,#5077,#5078,#5079,#5080,
#5081,#5082,#5083,#5084,#5085));
#906=EDGE_LOOP('',(#5086,#5087,#5088,#5089));
#907=EDGE_LOOP('',(#5090,#5091,#5092,#5093));
#908=EDGE_LOOP('',(#5094,#5095,#5096,#5097));
#909=EDGE_LOOP('',(#5098));
#910=EDGE_LOOP('',(#5099,#5100,#5101,#5102));
#911=EDGE_LOOP('',(#5103,#5104,#5105,#5106));
#912=EDGE_LOOP('',(#5107,#5108,#5109,#5110));
#913=EDGE_LOOP('',(#5111,#5112,#5113,#5114));
#914=EDGE_LOOP('',(#5115,#5116,#5117,#5118));
#915=EDGE_LOOP('',(#5119,#5120,#5121,#5122));
#916=EDGE_LOOP('',(#5123,#5124,#5125,#5126));
#917=EDGE_LOOP('',(#5127,#5128,#5129,#5130,#5131,#5132,#5133,#5134,#5135));
#918=EDGE_LOOP('',(#5136,#5137,#5138,#5139,#5140,#5141,#5142,#5143,#5144));
#919=EDGE_LOOP('',(#5145,#5146,#5147,#5148));
#920=EDGE_LOOP('',(#5149,#5150,#5151,#5152));
#921=EDGE_LOOP('',(#5153,#5154,#5155,#5156));
#922=EDGE_LOOP('',(#5157,#5158,#5159,#5160));
#923=EDGE_LOOP('',(#5161,#5162,#5163,#5164));
#924=EDGE_LOOP('',(#5165,#5166,#5167,#5168));
#925=EDGE_LOOP('',(#5169,#5170,#5171));
#926=EDGE_LOOP('',(#5172,#5173,#5174,#5175,#5176,#5177,#5178,#5179,#5180));
#927=EDGE_LOOP('',(#5181,#5182,#5183,#5184));
#928=EDGE_LOOP('',(#5185,#5186,#5187,#5188));
#929=EDGE_LOOP('',(#5189,#5190,#5191));
#930=EDGE_LOOP('',(#5192,#5193,#5194,#5195));
#931=EDGE_LOOP('',(#5196,#5197,#5198,#5199));
#932=EDGE_LOOP('',(#5200,#5201,#5202,#5203));
#933=EDGE_LOOP('',(#5204,#5205,#5206,#5207));
#934=EDGE_LOOP('',(#5208,#5209,#5210,#5211));
#935=EDGE_LOOP('',(#5212,#5213,#5214,#5215));
#936=EDGE_LOOP('',(#5216,#5217,#5218,#5219));
#937=EDGE_LOOP('',(#5220,#5221,#5222,#5223));
#938=EDGE_LOOP('',(#5224,#5225,#5226,#5227));
#939=EDGE_LOOP('',(#5228,#5229,#5230,#5231));
#940=EDGE_LOOP('',(#5232,#5233,#5234,#5235));
#941=EDGE_LOOP('',(#5236,#5237,#5238,#5239));
#942=EDGE_LOOP('',(#5240,#5241,#5242,#5243));
#943=EDGE_LOOP('',(#5244,#5245,#5246,#5247));
#944=EDGE_LOOP('',(#5248));
#945=EDGE_LOOP('',(#5249,#5250,#5251,#5252,#5253,#5254));
#946=EDGE_LOOP('',(#5255,#5256,#5257,#5258));
#947=EDGE_LOOP('',(#5259,#5260,#5261,#5262));
#948=EDGE_LOOP('',(#5263,#5264,#5265,#5266));
#949=EDGE_LOOP('',(#5267,#5268,#5269,#5270,#5271));
#950=EDGE_LOOP('',(#5272,#5273,#5274,#5275,#5276,#5277,#5278));
#951=EDGE_LOOP('',(#5279,#5280,#5281,#5282,#5283,#5284,#5285));
#952=EDGE_LOOP('',(#5286,#5287,#5288));
#953=EDGE_LOOP('',(#5289,#5290,#5291,#5292,#5293,#5294,#5295,#5296));
#954=EDGE_LOOP('',(#5297,#5298,#5299,#5300));
#955=EDGE_LOOP('',(#5301,#5302,#5303,#5304));
#956=EDGE_LOOP('',(#5305,#5306,#5307,#5308));
#957=EDGE_LOOP('',(#5309,#5310,#5311,#5312));
#958=EDGE_LOOP('',(#5313,#5314,#5315,#5316,#5317,#5318,#5319,#5320,#5321,
#5322));
#959=EDGE_LOOP('',(#5323,#5324,#5325,#5326));
#960=EDGE_LOOP('',(#5327,#5328,#5329,#5330));
#961=EDGE_LOOP('',(#5331,#5332,#5333,#5334));
#962=EDGE_LOOP('',(#5335,#5336,#5337,#5338));
#963=EDGE_LOOP('',(#5339,#5340,#5341,#5342));
#964=EDGE_LOOP('',(#5343,#5344,#5345,#5346,#5347,#5348));
#965=EDGE_LOOP('',(#5349,#5350,#5351,#5352,#5353,#5354));
#966=EDGE_LOOP('',(#5355,#5356,#5357,#5358));
#967=EDGE_LOOP('',(#5359,#5360,#5361,#5362));
#968=EDGE_LOOP('',(#5363,#5364,#5365,#5366));
#969=EDGE_LOOP('',(#5367,#5368,#5369,#5370));
#970=EDGE_LOOP('',(#5371,#5372,#5373,#5374));
#971=EDGE_LOOP('',(#5375,#5376,#5377,#5378));
#972=EDGE_LOOP('',(#5379,#5380,#5381,#5382));
#973=EDGE_LOOP('',(#5383,#5384,#5385,#5386));
#974=EDGE_LOOP('',(#5387,#5388,#5389,#5390));
#975=EDGE_LOOP('',(#5391,#5392,#5393,#5394));
#976=EDGE_LOOP('',(#5395,#5396,#5397,#5398,#5399,#5400,#5401,#5402));
#977=EDGE_LOOP('',(#5403,#5404,#5405,#5406));
#978=EDGE_LOOP('',(#5407,#5408,#5409,#5410));
#979=EDGE_LOOP('',(#5411,#5412,#5413,#5414));
#980=EDGE_LOOP('',(#5415,#5416,#5417,#5418));
#981=EDGE_LOOP('',(#5419,#5420,#5421,#5422));
#982=EDGE_LOOP('',(#5423,#5424,#5425,#5426));
#983=EDGE_LOOP('',(#5427,#5428,#5429,#5430));
#984=EDGE_LOOP('',(#5431,#5432,#5433,#5434,#5435,#5436));
#985=EDGE_LOOP('',(#5437,#5438,#5439,#5440,#5441,#5442));
#986=EDGE_LOOP('',(#5443,#5444,#5445,#5446));
#987=EDGE_LOOP('',(#5447,#5448,#5449,#5450));
#988=EDGE_LOOP('',(#5451,#5452,#5453,#5454));
#989=EDGE_LOOP('',(#5455,#5456,#5457,#5458,#5459,#5460));
#990=EDGE_LOOP('',(#5461,#5462,#5463,#5464));
#991=EDGE_LOOP('',(#5465,#5466,#5467,#5468));
#992=EDGE_LOOP('',(#5469,#5470,#5471,#5472));
#993=EDGE_LOOP('',(#5473,#5474,#5475,#5476));
#994=EDGE_LOOP('',(#5477,#5478,#5479,#5480));
#995=EDGE_LOOP('',(#5481,#5482,#5483,#5484,#5485,#5486,#5487));
#996=EDGE_LOOP('',(#5488,#5489,#5490,#5491));
#997=EDGE_LOOP('',(#5492,#5493,#5494,#5495));
#998=EDGE_LOOP('',(#5496,#5497,#5498,#5499));
#999=EDGE_LOOP('',(#5500,#5501,#5502,#5503));
#1000=EDGE_LOOP('',(#5504,#5505,#5506,#5507,#5508,#5509,#5510,#5511,#5512,
#5513,#5514,#5515,#5516,#5517,#5518,#5519,#5520,#5521));
#1001=EDGE_LOOP('',(#5522,#5523,#5524,#5525,#5526,#5527,#5528,#5529,#5530,
#5531,#5532,#5533,#5534,#5535,#5536,#5537,#5538,#5539,#5540,#5541,#5542,
#5543,#5544,#5545,#5546,#5547,#5548,#5549,#5550,#5551,#5552,#5553,#5554));
#1002=EDGE_LOOP('',(#5555,#5556,#5557,#5558,#5559,#5560,#5561,#5562,#5563,
#5564,#5565));
#1003=EDGE_LOOP('',(#5566));
#1004=EDGE_LOOP('',(#5567));
#1005=EDGE_LOOP('',(#5568,#5569,#5570,#5571));
#1006=EDGE_LOOP('',(#5572,#5573,#5574,#5575));
#1007=EDGE_LOOP('',(#5576,#5577,#5578,#5579));
#1008=EDGE_LOOP('',(#5580,#5581,#5582,#5583));
#1009=EDGE_LOOP('',(#5584,#5585,#5586,#5587));
#1010=EDGE_LOOP('',(#5588,#5589,#5590,#5591,#5592,#5593,#5594,#5595,#5596,
#5597,#5598,#5599,#5600,#5601,#5602,#5603,#5604,#5605,#5606,#5607,#5608,
#5609,#5610,#5611,#5612,#5613,#5614,#5615,#5616,#5617,#5618,#5619,#5620));
#1011=EDGE_LOOP('',(#5621,#5622,#5623));
#1012=EDGE_LOOP('',(#5624,#5625,#5626));
#1013=EDGE_LOOP('',(#5627,#5628,#5629,#5630));
#1014=EDGE_LOOP('',(#5631,#5632,#5633,#5634));
#1015=EDGE_LOOP('',(#5635));
#1016=EDGE_LOOP('',(#5636));
#1017=EDGE_LOOP('',(#5637,#5638,#5639,#5640,#5641,#5642,#5643,#5644,#5645,
#5646,#5647,#5648,#5649));
#1018=EDGE_LOOP('',(#5650));
#1019=EDGE_LOOP('',(#5651));
#1020=EDGE_LOOP('',(#5652,#5653,#5654,#5655,#5656,#5657,#5658,#5659));
#1021=EDGE_LOOP('',(#5660,#5661,#5662));
#1022=EDGE_LOOP('',(#5663,#5664,#5665));
#1023=EDGE_LOOP('',(#5666,#5667,#5668,#5669,#5670,#5671,#5672,#5673,#5674));
#1024=EDGE_LOOP('',(#5675,#5676,#5677,#5678,#5679,#5680,#5681,#5682,#5683));
#1025=EDGE_LOOP('',(#5684,#5685,#5686,#5687));
#1026=EDGE_LOOP('',(#5688,#5689,#5690,#5691,#5692,#5693));
#1027=EDGE_LOOP('',(#5694,#5695,#5696,#5697));
#1028=EDGE_LOOP('',(#5698,#5699,#5700,#5701,#5702,#5703));
#1029=EDGE_LOOP('',(#5704,#5705,#5706,#5707));
#1030=EDGE_LOOP('',(#5708,#5709,#5710,#5711));
#1031=EDGE_LOOP('',(#5712,#5713,#5714,#5715));
#1032=EDGE_LOOP('',(#5716,#5717,#5718,#5719,#5720,#5721,#5722,#5723));
#1033=EDGE_LOOP('',(#5724));
#1034=EDGE_LOOP('',(#5725));
#1035=EDGE_LOOP('',(#5726,#5727,#5728,#5729));
#1036=EDGE_LOOP('',(#5730,#5731,#5732,#5733));
#1037=EDGE_LOOP('',(#5734,#5735,#5736,#5737,#5738,#5739,#5740,#5741));
#1038=EDGE_LOOP('',(#5742,#5743,#5744,#5745,#5746,#5747));
#1039=EDGE_LOOP('',(#5748,#5749,#5750,#5751));
#1040=EDGE_LOOP('',(#5752,#5753,#5754,#5755));
#1041=EDGE_LOOP('',(#5756,#5757,#5758,#5759));
#1042=EDGE_LOOP('',(#5760,#5761,#5762,#5763,#5764,#5765));
#1043=EDGE_LOOP('',(#5766,#5767,#5768,#5769));
#1044=EDGE_LOOP('',(#5770,#5771,#5772,#5773));
#1045=EDGE_LOOP('',(#5774,#5775,#5776,#5777));
#1046=EDGE_LOOP('',(#5778,#5779,#5780,#5781));
#1047=EDGE_LOOP('',(#5782,#5783,#5784,#5785));
#1048=EDGE_LOOP('',(#5786,#5787,#5788,#5789));
#1049=EDGE_LOOP('',(#5790,#5791,#5792,#5793));
#1050=EDGE_LOOP('',(#5794,#5795,#5796,#5797));
#1051=EDGE_LOOP('',(#5798,#5799,#5800,#5801));
#1052=EDGE_LOOP('',(#5802,#5803,#5804,#5805));
#1053=EDGE_LOOP('',(#5806,#5807,#5808,#5809));
#1054=EDGE_LOOP('',(#5810,#5811,#5812,#5813));
#1055=EDGE_LOOP('',(#5814,#5815,#5816,#5817));
#1056=EDGE_LOOP('',(#5818,#5819,#5820,#5821));
#1057=EDGE_LOOP('',(#5822,#5823,#5824,#5825));
#1058=EDGE_LOOP('',(#5826,#5827,#5828,#5829));
#1059=EDGE_LOOP('',(#5830,#5831,#5832,#5833));
#1060=EDGE_LOOP('',(#5834,#5835,#5836,#5837));
#1061=EDGE_LOOP('',(#5838,#5839,#5840,#5841));
#1062=EDGE_LOOP('',(#5842,#5843,#5844,#5845));
#1063=EDGE_LOOP('',(#5846,#5847,#5848,#5849));
#1064=EDGE_LOOP('',(#5850,#5851,#5852,#5853));
#1065=EDGE_LOOP('',(#5854,#5855,#5856,#5857));
#1066=EDGE_LOOP('',(#5858,#5859,#5860,#5861));
#1067=EDGE_LOOP('',(#5862,#5863,#5864,#5865));
#1068=EDGE_LOOP('',(#5866,#5867,#5868,#5869));
#1069=EDGE_LOOP('',(#5870,#5871,#5872,#5873));
#1070=EDGE_LOOP('',(#5874,#5875,#5876,#5877));
#1071=EDGE_LOOP('',(#5878,#5879,#5880,#5881));
#1072=EDGE_LOOP('',(#5882,#5883,#5884,#5885));
#1073=LINE('',#8664,#1800);
#1074=LINE('',#8666,#1801);
#1075=LINE('',#8668,#1802);
#1076=LINE('',#8669,#1803);
#1077=LINE('',#8673,#1804);
#1078=LINE('',#8675,#1805);
#1079=LINE('',#8677,#1806);
#1080=LINE('',#8678,#1807);
#1081=LINE('',#8681,#1808);
#1082=LINE('',#8683,#1809);
#1083=LINE('',#8684,#1810);
#1084=LINE('',#8687,#1811);
#1085=LINE('',#8689,#1812);
#1086=LINE('',#8690,#1813);
#1087=LINE('',#8693,#1814);
#1088=LINE('',#8695,#1815);
#1089=LINE('',#8696,#1816);
#1090=LINE('',#8699,#1817);
#1091=LINE('',#8701,#1818);
#1092=LINE('',#8702,#1819);
#1093=LINE('',#8704,#1820);
#1094=LINE('',#8707,#1821);
#1095=LINE('',#8709,#1822);
#1096=LINE('',#8711,#1823);
#1097=LINE('',#8712,#1824);
#1098=LINE('',#8716,#1825);
#1099=LINE('',#8718,#1826);
#1100=LINE('',#8720,#1827);
#1101=LINE('',#8721,#1828);
#1102=LINE('',#8722,#1829);
#1103=LINE('',#8724,#1830);
#1104=LINE('',#8726,#1831);
#1105=LINE('',#8731,#1832);
#1106=LINE('',#8732,#1833);
#1107=LINE('',#8733,#1834);
#1108=LINE('',#8736,#1835);
#1109=LINE('',#8737,#1836);
#1110=LINE('',#8740,#1837);
#1111=LINE('',#8741,#1838);
#1112=LINE('',#8743,#1839);
#1113=LINE('',#8747,#1840);
#1114=LINE('',#8748,#1841);
#1115=LINE('',#8749,#1842);
#1116=LINE('',#8752,#1843);
#1117=LINE('',#8753,#1844);
#1118=LINE('',#8756,#1845);
#1119=LINE('',#8757,#1846);
#1120=LINE('',#8760,#1847);
#1121=LINE('',#8762,#1848);
#1122=LINE('',#8764,#1849);
#1123=LINE('',#8766,#1850);
#1124=LINE('',#8767,#1851);
#1125=LINE('',#8772,#1852);
#1126=LINE('',#8776,#1853);
#1127=LINE('',#8778,#1854);
#1128=LINE('',#8780,#1855);
#1129=LINE('',#8781,#1856);
#1130=LINE('',#8785,#1857);
#1131=LINE('',#8786,#1858);
#1132=LINE('',#8787,#1859);
#1133=LINE('',#8791,#1860);
#1134=LINE('',#8793,#1861);
#1135=LINE('',#8795,#1862);
#1136=LINE('',#8796,#1863);
#1137=LINE('',#8800,#1864);
#1138=LINE('',#8802,#1865);
#1139=LINE('',#8804,#1866);
#1140=LINE('',#8806,#1867);
#1141=LINE('',#8810,#1868);
#1142=LINE('',#8814,#1869);
#1143=LINE('',#8818,#1870);
#1144=LINE('',#8822,#1871);
#1145=LINE('',#8823,#1872);
#1146=LINE('',#8829,#1873);
#1147=LINE('',#8830,#1874);
#1148=LINE('',#8833,#1875);
#1149=LINE('',#8835,#1876);
#1150=LINE('',#8836,#1877);
#1151=LINE('',#8839,#1878);
#1152=LINE('',#8840,#1879);
#1153=LINE('',#8844,#1880);
#1154=LINE('',#8848,#1881);
#1155=LINE('',#8852,#1882);
#1156=LINE('',#8854,#1883);
#1157=LINE('',#8856,#1884);
#1158=LINE('',#8858,#1885);
#1159=LINE('',#8862,#1886);
#1160=LINE('',#8866,#1887);
#1161=LINE('',#8870,#1888);
#1162=LINE('',#8874,#1889);
#1163=LINE('',#8876,#1890);
#1164=LINE('',#8877,#1891);
#1165=LINE('',#8878,#1892);
#1166=LINE('',#8881,#1893);
#1167=LINE('',#8883,#1894);
#1168=LINE('',#8885,#1895);
#1169=LINE('',#8887,#1896);
#1170=LINE('',#8891,#1897);
#1171=LINE('',#8895,#1898);
#1172=LINE('',#8897,#1899);
#1173=LINE('',#8899,#1900);
#1174=LINE('',#8900,#1901);
#1175=LINE('',#8903,#1902);
#1176=LINE('',#8905,#1903);
#1177=LINE('',#8906,#1904);
#1178=LINE('',#8908,#1905);
#1179=LINE('',#8912,#1906);
#1180=LINE('',#8916,#1907);
#1181=LINE('',#8918,#1908);
#1182=LINE('',#8920,#1909);
#1183=LINE('',#8924,#1910);
#1184=LINE('',#8926,#1911);
#1185=LINE('',#8930,#1912);
#1186=LINE('',#8934,#1913);
#1187=LINE('',#8939,#1914);
#1188=LINE('',#8943,#1915);
#1189=LINE('',#8947,#1916);
#1190=LINE('',#8949,#1917);
#1191=LINE('',#8953,#1918);
#1192=LINE('',#8954,#1919);
#1193=LINE('',#8958,#1920);
#1194=LINE('',#8960,#1921);
#1195=LINE('',#8963,#1922);
#1196=LINE('',#8964,#1923);
#1197=LINE('',#8966,#1924);
#1198=LINE('',#8967,#1925);
#1199=LINE('',#8970,#1926);
#1200=LINE('',#8971,#1927);
#1201=LINE('',#8976,#1928);
#1202=LINE('',#8979,#1929);
#1203=LINE('',#8981,#1930);
#1204=LINE('',#8985,#1931);
#1205=LINE('',#8988,#1932);
#1206=LINE('',#8992,#1933);
#1207=LINE('',#8999,#1934);
#1208=LINE('',#9001,#1935);
#1209=LINE('',#9002,#1936);
#1210=LINE('',#9004,#1937);
#1211=LINE('',#9006,#1938);
#1212=LINE('',#9010,#1939);
#1213=LINE('',#9017,#1940);
#1214=LINE('',#9022,#1941);
#1215=LINE('',#9024,#1942);
#1216=LINE('',#9030,#1943);
#1217=LINE('',#9034,#1944);
#1218=LINE('',#9036,#1945);
#1219=LINE('',#9038,#1946);
#1220=LINE('',#9042,#1947);
#1221=LINE('',#9046,#1948);
#1222=LINE('',#9048,#1949);
#1223=LINE('',#9049,#1950);
#1224=LINE('',#9051,#1951);
#1225=LINE('',#9052,#1952);
#1226=LINE('',#9054,#1953);
#1227=LINE('',#9056,#1954);
#1228=LINE('',#9058,#1955);
#1229=LINE('',#9060,#1956);
#1230=LINE('',#9063,#1957);
#1231=LINE('',#9065,#1958);
#1232=LINE('',#9066,#1959);
#1233=LINE('',#9069,#1960);
#1234=LINE('',#9071,#1961);
#1235=LINE('',#9072,#1962);
#1236=LINE('',#9077,#1963);
#1237=LINE('',#9081,#1964);
#1238=LINE('',#9083,#1965);
#1239=LINE('',#9084,#1966);
#1240=LINE('',#9087,#1967);
#1241=LINE('',#9091,#1968);
#1242=LINE('',#9092,#1969);
#1243=LINE('',#9095,#1970);
#1244=LINE('',#9099,#1971);
#1245=LINE('',#9100,#1972);
#1246=LINE('',#9103,#1973);
#1247=LINE('',#9107,#1974);
#1248=LINE('',#9108,#1975);
#1249=LINE('',#9111,#1976);
#1250=LINE('',#9115,#1977);
#1251=LINE('',#9116,#1978);
#1252=LINE('',#9119,#1979);
#1253=LINE('',#9121,#1980);
#1254=LINE('',#9122,#1981);
#1255=LINE('',#9124,#1982);
#1256=LINE('',#9127,#1983);
#1257=LINE('',#9131,#1984);
#1258=LINE('',#9135,#1985);
#1259=LINE('',#9139,#1986);
#1260=LINE('',#9142,#1987);
#1261=LINE('',#9144,#1988);
#1262=LINE('',#9147,#1989);
#1263=LINE('',#9150,#1990);
#1264=LINE('',#9154,#1991);
#1265=LINE('',#9156,#1992);
#1266=LINE('',#9161,#1993);
#1267=LINE('',#9163,#1994);
#1268=LINE('',#9167,#1995);
#1269=LINE('',#9169,#1996);
#1270=LINE('',#9171,#1997);
#1271=LINE('',#9174,#1998);
#1272=LINE('',#9176,#1999);
#1273=LINE('',#9178,#2000);
#1274=LINE('',#9181,#2001);
#1275=LINE('',#9182,#2002);
#1276=LINE('',#9184,#2003);
#1277=LINE('',#9186,#2004);
#1278=LINE('',#9187,#2005);
#1279=LINE('',#9189,#2006);
#1280=LINE('',#9190,#2007);
#1281=LINE('',#9192,#2008);
#1282=LINE('',#9197,#2009);
#1283=LINE('',#9199,#2010);
#1284=LINE('',#9201,#2011);
#1285=LINE('',#9203,#2012);
#1286=LINE('',#9205,#2013);
#1287=LINE('',#9207,#2014);
#1288=LINE('',#9208,#2015);
#1289=LINE('',#9210,#2016);
#1290=LINE('',#9217,#2017);
#1291=LINE('',#9219,#2018);
#1292=LINE('',#9221,#2019);
#1293=LINE('',#9222,#2020);
#1294=LINE('',#9226,#2021);
#1295=LINE('',#9227,#2022);
#1296=LINE('',#9228,#2023);
#1297=LINE('',#9231,#2024);
#1298=LINE('',#9232,#2025);
#1299=LINE('',#9235,#2026);
#1300=LINE('',#9236,#2027);
#1301=LINE('',#9238,#2028);
#1302=LINE('',#9243,#2029);
#1303=LINE('',#9245,#2030);
#1304=LINE('',#9247,#2031);
#1305=LINE('',#9248,#2032);
#1306=LINE('',#9252,#2033);
#1307=LINE('',#9253,#2034);
#1308=LINE('',#9254,#2035);
#1309=LINE('',#9257,#2036);
#1310=LINE('',#9258,#2037);
#1311=LINE('',#9261,#2038);
#1312=LINE('',#9262,#2039);
#1313=LINE('',#9264,#2040);
#1314=LINE('',#9271,#2041);
#1315=LINE('',#9274,#2042);
#1316=LINE('',#9279,#2043);
#1317=LINE('',#9282,#2044);
#1318=LINE('',#9285,#2045);
#1319=LINE('',#9287,#2046);
#1320=LINE('',#9288,#2047);
#1321=LINE('',#9308,#2048);
#1322=LINE('',#9312,#2049);
#1323=LINE('',#9314,#2050);
#1324=LINE('',#9316,#2051);
#1325=LINE('',#9317,#2052);
#1326=LINE('',#9321,#2053);
#1327=LINE('',#9323,#2054);
#1328=LINE('',#9325,#2055);
#1329=LINE('',#9326,#2056);
#1330=LINE('',#9334,#2057);
#1331=LINE('',#9339,#2058);
#1332=LINE('',#9341,#2059);
#1333=LINE('',#9343,#2060);
#1334=LINE('',#9344,#2061);
#1335=LINE('',#9347,#2062);
#1336=LINE('',#9349,#2063);
#1337=LINE('',#9350,#2064);
#1338=LINE('',#9353,#2065);
#1339=LINE('',#9355,#2066);
#1340=LINE('',#9359,#2067);
#1341=LINE('',#9363,#2068);
#1342=LINE('',#9368,#2069);
#1343=LINE('',#9370,#2070);
#1344=LINE('',#9372,#2071);
#1345=LINE('',#9374,#2072);
#1346=LINE('',#9376,#2073);
#1347=LINE('',#9378,#2074);
#1348=LINE('',#9380,#2075);
#1349=LINE('',#9381,#2076);
#1350=LINE('',#9387,#2077);
#1351=LINE('',#9392,#2078);
#1352=LINE('',#9397,#2079);
#1353=LINE('',#9402,#2080);
#1354=LINE('',#9403,#2081);
#1355=LINE('',#9411,#2082);
#1356=LINE('',#9414,#2083);
#1357=LINE('',#9467,#2084);
#1358=LINE('',#9468,#2085);
#1359=LINE('',#9489,#2086);
#1360=LINE('',#9491,#2087);
#1361=LINE('',#9494,#2088);
#1362=LINE('',#9495,#2089);
#1363=LINE('',#9499,#2090);
#1364=LINE('',#9503,#2091);
#1365=LINE('',#9507,#2092);
#1366=LINE('',#9511,#2093);
#1367=LINE('',#9515,#2094);
#1368=LINE('',#9519,#2095);
#1369=LINE('',#9523,#2096);
#1370=LINE('',#9529,#2097);
#1371=LINE('',#9532,#2098);
#1372=LINE('',#9534,#2099);
#1373=LINE('',#9535,#2100);
#1374=LINE('',#9538,#2101);
#1375=LINE('',#9540,#2102);
#1376=LINE('',#9542,#2103);
#1377=LINE('',#9543,#2104);
#1378=LINE('',#9546,#2105);
#1379=LINE('',#9550,#2106);
#1380=LINE('',#9554,#2107);
#1381=LINE('',#9558,#2108);
#1382=LINE('',#9565,#2109);
#1383=LINE('',#9568,#2110);
#1384=LINE('',#9571,#2111);
#1385=LINE('',#9573,#2112);
#1386=LINE('',#9574,#2113);
#1387=LINE('',#9580,#2114);
#1388=LINE('',#9585,#2115);
#1389=LINE('',#9588,#2116);
#1390=LINE('',#9594,#2117);
#1391=LINE('',#9596,#2118);
#1392=LINE('',#9599,#2119);
#1393=LINE('',#9603,#2120);
#1394=LINE('',#9604,#2121);
#1395=LINE('',#9606,#2122);
#1396=LINE('',#9607,#2123);
#1397=LINE('',#9609,#2124);
#1398=LINE('',#9610,#2125);
#1399=LINE('',#9614,#2126);
#1400=LINE('',#9617,#2127);
#1401=LINE('',#9619,#2128);
#1402=LINE('',#9620,#2129);
#1403=LINE('',#9624,#2130);
#1404=LINE('',#9625,#2131);
#1405=LINE('',#9626,#2132);
#1406=LINE('',#9632,#2133);
#1407=LINE('',#9636,#2134);
#1408=LINE('',#9637,#2135);
#1409=LINE('',#9639,#2136);
#1410=LINE('',#9641,#2137);
#1411=LINE('',#9643,#2138);
#1412=LINE('',#9645,#2139);
#1413=LINE('',#9647,#2140);
#1414=LINE('',#9648,#2141);
#1415=LINE('',#9650,#2142);
#1416=LINE('',#9652,#2143);
#1417=LINE('',#9654,#2144);
#1418=LINE('',#9655,#2145);
#1419=LINE('',#9658,#2146);
#1420=LINE('',#9660,#2147);
#1421=LINE('',#9662,#2148);
#1422=LINE('',#9664,#2149);
#1423=LINE('',#9665,#2150);
#1424=LINE('',#9667,#2151);
#1425=LINE('',#9669,#2152);
#1426=LINE('',#9671,#2153);
#1427=LINE('',#9672,#2154);
#1428=LINE('',#9673,#2155);
#1429=LINE('',#9677,#2156);
#1430=LINE('',#9681,#2157);
#1431=LINE('',#9685,#2158);
#1432=LINE('',#9689,#2159);
#1433=LINE('',#9693,#2160);
#1434=LINE('',#9694,#2161);
#1435=LINE('',#9695,#2162);
#1436=LINE('',#9699,#2163);
#1437=LINE('',#9700,#2164);
#1438=LINE('',#9701,#2165);
#1439=LINE('',#9703,#2166);
#1440=LINE('',#9706,#2167);
#1441=LINE('',#9707,#2168);
#1442=LINE('',#9711,#2169);
#1443=LINE('',#9714,#2170);
#1444=LINE('',#9715,#2171);
#1445=LINE('',#9719,#2172);
#1446=LINE('',#9722,#2173);
#1447=LINE('',#9723,#2174);
#1448=LINE('',#9727,#2175);
#1449=LINE('',#9730,#2176);
#1450=LINE('',#9731,#2177);
#1451=LINE('',#9735,#2178);
#1452=LINE('',#9737,#2179);
#1453=LINE('',#9743,#2180);
#1454=LINE('',#9746,#2181);
#1455=LINE('',#9748,#2182);
#1456=LINE('',#9749,#2183);
#1457=LINE('',#9752,#2184);
#1458=LINE('',#9756,#2185);
#1459=LINE('',#9758,#2186);
#1460=LINE('',#9759,#2187);
#1461=LINE('',#9765,#2188);
#1462=LINE('',#9767,#2189);
#1463=LINE('',#9768,#2190);
#1464=LINE('',#9771,#2191);
#1465=LINE('',#9773,#2192);
#1466=LINE('',#9774,#2193);
#1467=LINE('',#9776,#2194);
#1468=LINE('',#9778,#2195);
#1469=LINE('',#9779,#2196);
#1470=LINE('',#9783,#2197);
#1471=LINE('',#9786,#2198);
#1472=LINE('',#9788,#2199);
#1473=LINE('',#9789,#2200);
#1474=LINE('',#9795,#2201);
#1475=LINE('',#9798,#2202);
#1476=LINE('',#9800,#2203);
#1477=LINE('',#9801,#2204);
#1478=LINE('',#9807,#2205);
#1479=LINE('',#9809,#2206);
#1480=LINE('',#9810,#2207);
#1481=LINE('',#9812,#2208);
#1482=LINE('',#9813,#2209);
#1483=LINE('',#9818,#2210);
#1484=LINE('',#9820,#2211);
#1485=LINE('',#9821,#2212);
#1486=LINE('',#9837,#2213);
#1487=LINE('',#9838,#2214);
#1488=LINE('',#9841,#2215);
#1489=LINE('',#9843,#2216);
#1490=LINE('',#9844,#2217);
#1491=LINE('',#9846,#2218);
#1492=LINE('',#9847,#2219);
#1493=LINE('',#9849,#2220);
#1494=LINE('',#9851,#2221);
#1495=LINE('',#9856,#2222);
#1496=LINE('',#9857,#2223);
#1497=LINE('',#9858,#2224);
#1498=LINE('',#9861,#2225);
#1499=LINE('',#9863,#2226);
#1500=LINE('',#9864,#2227);
#1501=LINE('',#9868,#2228);
#1502=LINE('',#9870,#2229);
#1503=LINE('',#9872,#2230);
#1504=LINE('',#9873,#2231);
#1505=LINE('',#9875,#2232);
#1506=LINE('',#9877,#2233);
#1507=LINE('',#9878,#2234);
#1508=LINE('',#9880,#2235);
#1509=LINE('',#9882,#2236);
#1510=LINE('',#9884,#2237);
#1511=LINE('',#9886,#2238);
#1512=LINE('',#9887,#2239);
#1513=LINE('',#9891,#2240);
#1514=LINE('',#9893,#2241);
#1515=LINE('',#9895,#2242);
#1516=LINE('',#9896,#2243);
#1517=LINE('',#9898,#2244);
#1518=LINE('',#9899,#2245);
#1519=LINE('',#9901,#2246);
#1520=LINE('',#9905,#2247);
#1521=LINE('',#9910,#2248);
#1522=LINE('',#9915,#2249);
#1523=LINE('',#9918,#2250);
#1524=LINE('',#9920,#2251);
#1525=LINE('',#9921,#2252);
#1526=LINE('',#9924,#2253);
#1527=LINE('',#9925,#2254);
#1528=LINE('',#9927,#2255);
#1529=LINE('',#9928,#2256);
#1530=LINE('',#9932,#2257);
#1531=LINE('',#9933,#2258);
#1532=LINE('',#9934,#2259);
#1533=LINE('',#9937,#2260);
#1534=LINE('',#9938,#2261);
#1535=LINE('',#9940,#2262);
#1536=LINE('',#9941,#2263);
#1537=LINE('',#9945,#2264);
#1538=LINE('',#9947,#2265);
#1539=LINE('',#9948,#2266);
#1540=LINE('',#9952,#2267);
#1541=LINE('',#9954,#2268);
#1542=LINE('',#9955,#2269);
#1543=LINE('',#9958,#2270);
#1544=LINE('',#9960,#2271);
#1545=LINE('',#9961,#2272);
#1546=LINE('',#9965,#2273);
#1547=LINE('',#9967,#2274);
#1548=LINE('',#9969,#2275);
#1549=LINE('',#9970,#2276);
#1550=LINE('',#9973,#2277);
#1551=LINE('',#9975,#2278);
#1552=LINE('',#9976,#2279);
#1553=LINE('',#9978,#2280);
#1554=LINE('',#9979,#2281);
#1555=LINE('',#9983,#2282);
#1556=LINE('',#9985,#2283);
#1557=LINE('',#9987,#2284);
#1558=LINE('',#9988,#2285);
#1559=LINE('',#9991,#2286);
#1560=LINE('',#9993,#2287);
#1561=LINE('',#10006,#2288);
#1562=LINE('',#10008,#2289);
#1563=LINE('',#10009,#2290);
#1564=LINE('',#10011,#2291);
#1565=LINE('',#10014,#2292);
#1566=LINE('',#10016,#2293);
#1567=LINE('',#10017,#2294);
#1568=LINE('',#10020,#2295);
#1569=LINE('',#10023,#2296);
#1570=LINE('',#10036,#2297);
#1571=LINE('',#10038,#2298);
#1572=LINE('',#10040,#2299);
#1573=LINE('',#10041,#2300);
#1574=LINE('',#10044,#2301);
#1575=LINE('',#10046,#2302);
#1576=LINE('',#10047,#2303);
#1577=LINE('',#10049,#2304);
#1578=LINE('',#10050,#2305);
#1579=LINE('',#10052,#2306);
#1580=LINE('',#10053,#2307);
#1581=LINE('',#10058,#2308);
#1582=LINE('',#10059,#2309);
#1583=LINE('',#10060,#2310);
#1584=LINE('',#10064,#2311);
#1585=LINE('',#10068,#2312);
#1586=LINE('',#10070,#2313);
#1587=LINE('',#10072,#2314);
#1588=LINE('',#10073,#2315);
#1589=LINE('',#10076,#2316);
#1590=LINE('',#10078,#2317);
#1591=LINE('',#10079,#2318);
#1592=LINE('',#10082,#2319);
#1593=LINE('',#10084,#2320);
#1594=LINE('',#10085,#2321);
#1595=LINE('',#10087,#2322);
#1596=LINE('',#10088,#2323);
#1597=LINE('',#10092,#2324);
#1598=LINE('',#10094,#2325);
#1599=LINE('',#10096,#2326);
#1600=LINE('',#10097,#2327);
#1601=LINE('',#10101,#2328);
#1602=LINE('',#10103,#2329);
#1603=LINE('',#10105,#2330);
#1604=LINE('',#10106,#2331);
#1605=LINE('',#10108,#2332);
#1606=LINE('',#10129,#2333);
#1607=LINE('',#10131,#2334);
#1608=LINE('',#10133,#2335);
#1609=LINE('',#10134,#2336);
#1610=LINE('',#10137,#2337);
#1611=LINE('',#10139,#2338);
#1612=LINE('',#10140,#2339);
#1613=LINE('',#10143,#2340);
#1614=LINE('',#10145,#2341);
#1615=LINE('',#10146,#2342);
#1616=LINE('',#10150,#2343);
#1617=LINE('',#10151,#2344);
#1618=LINE('',#10152,#2345);
#1619=LINE('',#10156,#2346);
#1620=LINE('',#10158,#2347);
#1621=LINE('',#10160,#2348);
#1622=LINE('',#10164,#2349);
#1623=LINE('',#10165,#2350);
#1624=LINE('',#10168,#2351);
#1625=LINE('',#10171,#2352);
#1626=LINE('',#10172,#2353);
#1627=LINE('',#10176,#2354);
#1628=LINE('',#10177,#2355);
#1629=LINE('',#10178,#2356);
#1630=LINE('',#10179,#2357);
#1631=LINE('',#10182,#2358);
#1632=LINE('',#10184,#2359);
#1633=LINE('',#10185,#2360);
#1634=LINE('',#10189,#2361);
#1635=LINE('',#10191,#2362);
#1636=LINE('',#10193,#2363);
#1637=LINE('',#10194,#2364);
#1638=LINE('',#10196,#2365);
#1639=LINE('',#10197,#2366);
#1640=LINE('',#10201,#2367);
#1641=LINE('',#10202,#2368);
#1642=LINE('',#10206,#2369);
#1643=LINE('',#10210,#2370);
#1644=LINE('',#10214,#2371);
#1645=LINE('',#10216,#2372);
#1646=LINE('',#10218,#2373);
#1647=LINE('',#10219,#2374);
#1648=LINE('',#10222,#2375);
#1649=LINE('',#10224,#2376);
#1650=LINE('',#10226,#2377);
#1651=LINE('',#10227,#2378);
#1652=LINE('',#10229,#2379);
#1653=LINE('',#10231,#2380);
#1654=LINE('',#10232,#2381);
#1655=LINE('',#10234,#2382);
#1656=LINE('',#10235,#2383);
#1657=LINE('',#10237,#2384);
#1658=LINE('',#10238,#2385);
#1659=LINE('',#10241,#2386);
#1660=LINE('',#10242,#2387);
#1661=LINE('',#10245,#2388);
#1662=LINE('',#10247,#2389);
#1663=LINE('',#10248,#2390);
#1664=LINE('',#10251,#2391);
#1665=LINE('',#10253,#2392);
#1666=LINE('',#10254,#2393);
#1667=LINE('',#10257,#2394);
#1668=LINE('',#10258,#2395);
#1669=LINE('',#10260,#2396);
#1670=LINE('',#10264,#2397);
#1671=LINE('',#10267,#2398);
#1672=LINE('',#10268,#2399);
#1673=LINE('',#10274,#2400);
#1674=LINE('',#10277,#2401);
#1675=LINE('',#10278,#2402);
#1676=LINE('',#10283,#2403);
#1677=LINE('',#10285,#2404);
#1678=LINE('',#10287,#2405);
#1679=LINE('',#10288,#2406);
#1680=LINE('',#10291,#2407);
#1681=LINE('',#10292,#2408);
#1682=LINE('',#10294,#2409);
#1683=LINE('',#10296,#2410);
#1684=LINE('',#10301,#2411);
#1685=LINE('',#10306,#2412);
#1686=LINE('',#10307,#2413);
#1687=LINE('',#10309,#2414);
#1688=LINE('',#10310,#2415);
#1689=LINE('',#10314,#2416);
#1690=LINE('',#10315,#2417);
#1691=LINE('',#10316,#2418);
#1692=LINE('',#10320,#2419);
#1693=LINE('',#10322,#2420);
#1694=LINE('',#10325,#2421);
#1695=LINE('',#10326,#2422);
#1696=LINE('',#10328,#2423);
#1697=LINE('',#10331,#2424);
#1698=LINE('',#10332,#2425);
#1699=LINE('',#10334,#2426);
#1700=LINE('',#10336,#2427);
#1701=LINE('',#10342,#2428);
#1702=LINE('',#10351,#2429);
#1703=LINE('',#10356,#2430);
#1704=LINE('',#10358,#2431);
#1705=LINE('',#10360,#2432);
#1706=LINE('',#10361,#2433);
#1707=LINE('',#10365,#2434);
#1708=LINE('',#10366,#2435);
#1709=LINE('',#10367,#2436);
#1710=LINE('',#10370,#2437);
#1711=LINE('',#10371,#2438);
#1712=LINE('',#10374,#2439);
#1713=LINE('',#10375,#2440);
#1714=LINE('',#10377,#2441);
#1715=LINE('',#10384,#2442);
#1716=LINE('',#10386,#2443);
#1717=LINE('',#10391,#2444);
#1718=LINE('',#10392,#2445);
#1719=LINE('',#10404,#2446);
#1720=LINE('',#10407,#2447);
#1721=LINE('',#10449,#2448);
#1722=LINE('',#10452,#2449);
#1723=LINE('',#10455,#2450);
#1724=LINE('',#10458,#2451);
#1725=LINE('',#10461,#2452);
#1726=LINE('',#10462,#2453);
#1727=LINE('',#10466,#2454);
#1728=LINE('',#10469,#2455);
#1729=LINE('',#10470,#2456);
#1730=LINE('',#10476,#2457);
#1731=LINE('',#10478,#2458);
#1732=LINE('',#10479,#2459);
#1733=LINE('',#10482,#2460);
#1734=LINE('',#10483,#2461);
#1735=LINE('',#10484,#2462);
#1736=LINE('',#10487,#2463);
#1737=LINE('',#10488,#2464);
#1738=LINE('',#10490,#2465);
#1739=LINE('',#10492,#2466);
#1740=LINE('',#10497,#2467);
#1741=LINE('',#10499,#2468);
#1742=LINE('',#10501,#2469);
#1743=LINE('',#10502,#2470);
#1744=LINE('',#10505,#2471);
#1745=LINE('',#10507,#2472);
#1746=LINE('',#10508,#2473);
#1747=LINE('',#10511,#2474);
#1748=LINE('',#10513,#2475);
#1749=LINE('',#10514,#2476);
#1750=LINE('',#10516,#2477);
#1751=LINE('',#10517,#2478);
#1752=LINE('',#10521,#2479);
#1753=LINE('',#10523,#2480);
#1754=LINE('',#10525,#2481);
#1755=LINE('',#10526,#2482);
#1756=LINE('',#10529,#2483);
#1757=LINE('',#10531,#2484);
#1758=LINE('',#10532,#2485);
#1759=LINE('',#10535,#2486);
#1760=LINE('',#10537,#2487);
#1761=LINE('',#10538,#2488);
#1762=LINE('',#10542,#2489);
#1763=LINE('',#10544,#2490);
#1764=LINE('',#10546,#2491);
#1765=LINE('',#10547,#2492);
#1766=LINE('',#10549,#2493);
#1767=LINE('',#10552,#2494);
#1768=LINE('',#10554,#2495);
#1769=LINE('',#10556,#2496);
#1770=LINE('',#10557,#2497);
#1771=LINE('',#10561,#2498);
#1772=LINE('',#10562,#2499);
#1773=LINE('',#10563,#2500);
#1774=LINE('',#10567,#2501);
#1775=LINE('',#10569,#2502);
#1776=LINE('',#10571,#2503);
#1777=LINE('',#10572,#2504);
#1778=LINE('',#10575,#2505);
#1779=LINE('',#10576,#2506);
#1780=LINE('',#10579,#2507);
#1781=LINE('',#10581,#2508);
#1782=LINE('',#10582,#2509);
#1783=LINE('',#10585,#2510);
#1784=LINE('',#10586,#2511);
#1785=LINE('',#10589,#2512);
#1786=LINE('',#10591,#2513);
#1787=LINE('',#10592,#2514);
#1788=LINE('',#10594,#2515);
#1789=LINE('',#10597,#2516);
#1790=LINE('',#10598,#2517);
#1791=LINE('',#10599,#2518);
#1792=LINE('',#10601,#2519);
#1793=LINE('',#10603,#2520);
#1794=LINE('',#10606,#2521);
#1795=LINE('',#10609,#2522);
#1796=LINE('',#10610,#2523);
#1797=LINE('',#10613,#2524);
#1798=LINE('',#10614,#2525);
#1799=LINE('',#10616,#2526);
#1800=VECTOR('',#6951,10.);
#1801=VECTOR('',#6952,10.);
#1802=VECTOR('',#6953,10.);
#1803=VECTOR('',#6954,10.);
#1804=VECTOR('',#6957,10.);
#1805=VECTOR('',#6958,10.);
#1806=VECTOR('',#6959,10.);
#1807=VECTOR('',#6960,10.);
#1808=VECTOR('',#6963,10.);
#1809=VECTOR('',#6964,10.);
#1810=VECTOR('',#6965,10.);
#1811=VECTOR('',#6968,10.);
#1812=VECTOR('',#6969,10.);
#1813=VECTOR('',#6970,10.);
#1814=VECTOR('',#6973,10.);
#1815=VECTOR('',#6974,10.);
#1816=VECTOR('',#6975,10.);
#1817=VECTOR('',#6978,10.);
#1818=VECTOR('',#6979,10.);
#1819=VECTOR('',#6980,10.);
#1820=VECTOR('',#6983,10.);
#1821=VECTOR('',#6984,10.);
#1822=VECTOR('',#6985,10.);
#1823=VECTOR('',#6986,10.);
#1824=VECTOR('',#6987,10.);
#1825=VECTOR('',#6990,10.);
#1826=VECTOR('',#6991,10.);
#1827=VECTOR('',#6992,10.);
#1828=VECTOR('',#6993,10.);
#1829=VECTOR('',#6994,10.);
#1830=VECTOR('',#6997,10.);
#1831=VECTOR('',#7000,10.);
#1832=VECTOR('',#7005,10.);
#1833=VECTOR('',#7006,10.);
#1834=VECTOR('',#7007,10.);
#1835=VECTOR('',#7010,10.);
#1836=VECTOR('',#7011,10.);
#1837=VECTOR('',#7014,10.);
#1838=VECTOR('',#7015,10.);
#1839=VECTOR('',#7018,10.);
#1840=VECTOR('',#7021,10.);
#1841=VECTOR('',#7022,10.);
#1842=VECTOR('',#7023,10.);
#1843=VECTOR('',#7026,10.);
#1844=VECTOR('',#7027,10.);
#1845=VECTOR('',#7030,10.);
#1846=VECTOR('',#7031,10.);
#1847=VECTOR('',#7034,10.);
#1848=VECTOR('',#7035,10.);
#1849=VECTOR('',#7036,10.);
#1850=VECTOR('',#7037,10.);
#1851=VECTOR('',#7038,10.);
#1852=VECTOR('',#7043,10.);
#1853=VECTOR('',#7046,10.);
#1854=VECTOR('',#7047,10.);
#1855=VECTOR('',#7048,10.);
#1856=VECTOR('',#7049,10.);
#1857=VECTOR('',#7052,10.);
#1858=VECTOR('',#7053,10.);
#1859=VECTOR('',#7054,10.);
#1860=VECTOR('',#7057,10.);
#1861=VECTOR('',#7058,10.);
#1862=VECTOR('',#7059,10.);
#1863=VECTOR('',#7060,10.);
#1864=VECTOR('',#7063,10.);
#1865=VECTOR('',#7064,10.);
#1866=VECTOR('',#7065,10.);
#1867=VECTOR('',#7066,10.);
#1868=VECTOR('',#7069,10.);
#1869=VECTOR('',#7072,10.);
#1870=VECTOR('',#7075,10.);
#1871=VECTOR('',#7078,10.);
#1872=VECTOR('',#7079,10.);
#1873=VECTOR('',#7084,10.);
#1874=VECTOR('',#7085,10.);
#1875=VECTOR('',#7086,10.);
#1876=VECTOR('',#7087,10.);
#1877=VECTOR('',#7088,10.);
#1878=VECTOR('',#7091,10.);
#1879=VECTOR('',#7092,10.);
#1880=VECTOR('',#7095,10.);
#1881=VECTOR('',#7098,10.);
#1882=VECTOR('',#7101,10.);
#1883=VECTOR('',#7102,10.);
#1884=VECTOR('',#7103,10.);
#1885=VECTOR('',#7104,10.);
#1886=VECTOR('',#7107,10.);
#1887=VECTOR('',#7110,10.);
#1888=VECTOR('',#7113,10.);
#1889=VECTOR('',#7116,10.);
#1890=VECTOR('',#7117,10.);
#1891=VECTOR('',#7118,10.);
#1892=VECTOR('',#7119,10.);
#1893=VECTOR('',#7120,10.);
#1894=VECTOR('',#7121,10.);
#1895=VECTOR('',#7122,10.);
#1896=VECTOR('',#7123,10.);
#1897=VECTOR('',#7126,10.);
#1898=VECTOR('',#7129,10.);
#1899=VECTOR('',#7130,10.);
#1900=VECTOR('',#7131,10.);
#1901=VECTOR('',#7132,10.);
#1902=VECTOR('',#7133,10.);
#1903=VECTOR('',#7134,10.);
#1904=VECTOR('',#7135,10.);
#1905=VECTOR('',#7136,10.);
#1906=VECTOR('',#7139,10.);
#1907=VECTOR('',#7142,10.);
#1908=VECTOR('',#7143,10.);
#1909=VECTOR('',#7144,10.);
#1910=VECTOR('',#7147,10.);
#1911=VECTOR('',#7148,10.);
#1912=VECTOR('',#7151,10.);
#1913=VECTOR('',#7154,10.);
#1914=VECTOR('',#7159,10.);
#1915=VECTOR('',#7162,10.);
#1916=VECTOR('',#7165,10.);
#1917=VECTOR('',#7166,10.);
#1918=VECTOR('',#7171,10.);
#1919=VECTOR('',#7172,10.);
#1920=VECTOR('',#7175,10.);
#1921=VECTOR('',#7176,10.);
#1922=VECTOR('',#7179,10.);
#1923=VECTOR('',#7180,10.);
#1924=VECTOR('',#7183,10.);
#1925=VECTOR('',#7184,10.);
#1926=VECTOR('',#7187,10.);
#1927=VECTOR('',#7188,10.);
#1928=VECTOR('',#7193,10.);
#1929=VECTOR('',#7196,10.);
#1930=VECTOR('',#7197,10.);
#1931=VECTOR('',#7200,10.);
#1932=VECTOR('',#7203,10.);
#1933=VECTOR('',#7206,10.);
#1934=VECTOR('',#7215,10.);
#1935=VECTOR('',#7218,10.);
#1936=VECTOR('',#7219,10.);
#1937=VECTOR('',#7222,10.);
#1938=VECTOR('',#7225,10.);
#1939=VECTOR('',#7230,3.5);
#1940=VECTOR('',#7239,3.5);
#1941=VECTOR('',#7246,1.625);
#1942=VECTOR('',#7249,1.625);
#1943=VECTOR('',#7254,10.);
#1944=VECTOR('',#7257,10.);
#1945=VECTOR('',#7258,10.);
#1946=VECTOR('',#7259,10.);
#1947=VECTOR('',#7262,10.);
#1948=VECTOR('',#7265,10.);
#1949=VECTOR('',#7266,10.);
#1950=VECTOR('',#7267,10.);
#1951=VECTOR('',#7270,10.);
#1952=VECTOR('',#7271,10.);
#1953=VECTOR('',#7274,10.);
#1954=VECTOR('',#7277,10.);
#1955=VECTOR('',#7280,10.);
#1956=VECTOR('',#7283,10.);
#1957=VECTOR('',#7286,10.);
#1958=VECTOR('',#7287,10.);
#1959=VECTOR('',#7288,10.);
#1960=VECTOR('',#7291,10.);
#1961=VECTOR('',#7292,10.);
#1962=VECTOR('',#7293,10.);
#1963=VECTOR('',#7300,10.);
#1964=VECTOR('',#7305,10.);
#1965=VECTOR('',#7306,10.);
#1966=VECTOR('',#7307,10.);
#1967=VECTOR('',#7310,10.);
#1968=VECTOR('',#7315,10.);
#1969=VECTOR('',#7316,10.);
#1970=VECTOR('',#7319,10.);
#1971=VECTOR('',#7324,10.);
#1972=VECTOR('',#7325,10.);
#1973=VECTOR('',#7328,10.);
#1974=VECTOR('',#7333,10.);
#1975=VECTOR('',#7334,10.);
#1976=VECTOR('',#7337,10.);
#1977=VECTOR('',#7342,10.);
#1978=VECTOR('',#7343,10.);
#1979=VECTOR('',#7346,10.);
#1980=VECTOR('',#7347,10.);
#1981=VECTOR('',#7348,10.);
#1982=VECTOR('',#7351,10.);
#1983=VECTOR('',#7354,10.);
#1984=VECTOR('',#7357,10.);
#1985=VECTOR('',#7360,10.);
#1986=VECTOR('',#7363,10.);
#1987=VECTOR('',#7366,10.);
#1988=VECTOR('',#7369,10.);
#1989=VECTOR('',#7372,10.);
#1990=VECTOR('',#7375,10.);
#1991=VECTOR('',#7382,10.);
#1992=VECTOR('',#7385,10.);
#1993=VECTOR('',#7392,10.);
#1994=VECTOR('',#7395,10.);
#1995=VECTOR('',#7402,10.);
#1996=VECTOR('',#7405,10.);
#1997=VECTOR('',#7408,10.);
#1998=VECTOR('',#7413,10.);
#1999=VECTOR('',#7416,10.);
#2000=VECTOR('',#7419,10.);
#2001=VECTOR('',#7424,10.);
#2002=VECTOR('',#7425,10.);
#2003=VECTOR('',#7428,10.);
#2004=VECTOR('',#7431,10.);
#2005=VECTOR('',#7432,10.);
#2006=VECTOR('',#7435,10.);
#2007=VECTOR('',#7436,10.);
#2008=VECTOR('',#7439,10.);
#2009=VECTOR('',#7448,10.);
#2010=VECTOR('',#7451,10.);
#2011=VECTOR('',#7454,10.);
#2012=VECTOR('',#7457,10.);
#2013=VECTOR('',#7460,10.);
#2014=VECTOR('',#7463,10.);
#2015=VECTOR('',#7464,10.);
#2016=VECTOR('',#7467,10.);
#2017=VECTOR('',#7476,10.);
#2018=VECTOR('',#7477,10.);
#2019=VECTOR('',#7478,10.);
#2020=VECTOR('',#7479,10.);
#2021=VECTOR('',#7482,10.);
#2022=VECTOR('',#7483,10.);
#2023=VECTOR('',#7484,10.);
#2024=VECTOR('',#7487,10.);
#2025=VECTOR('',#7488,10.);
#2026=VECTOR('',#7491,10.);
#2027=VECTOR('',#7492,10.);
#2028=VECTOR('',#7495,10.);
#2029=VECTOR('',#7500,10.);
#2030=VECTOR('',#7501,10.);
#2031=VECTOR('',#7502,10.);
#2032=VECTOR('',#7503,10.);
#2033=VECTOR('',#7506,10.);
#2034=VECTOR('',#7507,10.);
#2035=VECTOR('',#7508,10.);
#2036=VECTOR('',#7511,10.);
#2037=VECTOR('',#7512,10.);
#2038=VECTOR('',#7515,10.);
#2039=VECTOR('',#7516,10.);
#2040=VECTOR('',#7519,10.);
#2041=VECTOR('',#7526,10.);
#2042=VECTOR('',#7529,10.);
#2043=VECTOR('',#7532,10.);
#2044=VECTOR('',#7535,10.);
#2045=VECTOR('',#7538,10.);
#2046=VECTOR('',#7539,10.);
#2047=VECTOR('',#7540,10.);
#2048=VECTOR('',#7561,10.);
#2049=VECTOR('',#7564,10.);
#2050=VECTOR('',#7565,10.);
#2051=VECTOR('',#7566,10.);
#2052=VECTOR('',#7567,10.);
#2053=VECTOR('',#7570,10.);
#2054=VECTOR('',#7571,10.);
#2055=VECTOR('',#7572,10.);
#2056=VECTOR('',#7573,10.);
#2057=VECTOR('',#7584,10.);
#2058=VECTOR('',#7589,10.);
#2059=VECTOR('',#7590,10.);
#2060=VECTOR('',#7591,10.);
#2061=VECTOR('',#7592,10.);
#2062=VECTOR('',#7595,10.);
#2063=VECTOR('',#7596,10.);
#2064=VECTOR('',#7597,10.);
#2065=VECTOR('',#7598,10.);
#2066=VECTOR('',#7599,10.);
#2067=VECTOR('',#7602,10.);
#2068=VECTOR('',#7605,10.);
#2069=VECTOR('',#7610,10.);
#2070=VECTOR('',#7611,10.);
#2071=VECTOR('',#7612,10.);
#2072=VECTOR('',#7613,10.);
#2073=VECTOR('',#7614,10.);
#2074=VECTOR('',#7615,10.);
#2075=VECTOR('',#7616,10.);
#2076=VECTOR('',#7617,10.);
#2077=VECTOR('',#7624,10.);
#2078=VECTOR('',#7629,10.);
#2079=VECTOR('',#7634,10.);
#2080=VECTOR('',#7639,10.);
#2081=VECTOR('',#7640,10.);
#2082=VECTOR('',#7647,10.);
#2083=VECTOR('',#7650,10.);
#2084=VECTOR('',#7667,10.);
#2085=VECTOR('',#7668,10.);
#2086=VECTOR('',#7679,10.);
#2087=VECTOR('',#7680,10.);
#2088=VECTOR('',#7683,10.);
#2089=VECTOR('',#7684,10.);
#2090=VECTOR('',#7689,0.575000000000001);
#2091=VECTOR('',#7694,0.575000000000001);
#2092=VECTOR('',#7699,0.575000000000001);
#2093=VECTOR('',#7704,0.575000000000001);
#2094=VECTOR('',#7709,1.8);
#2095=VECTOR('',#7714,1.8);
#2096=VECTOR('',#7719,1.8);
#2097=VECTOR('',#7724,10.);
#2098=VECTOR('',#7727,10.);
#2099=VECTOR('',#7730,10.);
#2100=VECTOR('',#7731,10.);
#2101=VECTOR('',#7732,10.);
#2102=VECTOR('',#7733,10.);
#2103=VECTOR('',#7734,10.);
#2104=VECTOR('',#7735,10.);
#2105=VECTOR('',#7736,10.);
#2106=VECTOR('',#7739,10.);
#2107=VECTOR('',#7742,10.);
#2108=VECTOR('',#7745,10.);
#2109=VECTOR('',#7752,10.);
#2110=VECTOR('',#7755,10.);
#2111=VECTOR('',#7758,10.);
#2112=VECTOR('',#7759,10.);
#2113=VECTOR('',#7760,10.);
#2114=VECTOR('',#7767,10.);
#2115=VECTOR('',#7770,10.);
#2116=VECTOR('',#7773,10.);
#2117=VECTOR('',#7778,10.);
#2118=VECTOR('',#7779,10.);
#2119=VECTOR('',#7782,10.);
#2120=VECTOR('',#7785,10.);
#2121=VECTOR('',#7786,10.);
#2122=VECTOR('',#7787,10.);
#2123=VECTOR('',#7788,10.);
#2124=VECTOR('',#7789,10.);
#2125=VECTOR('',#7790,10.);
#2126=VECTOR('',#7795,10.);
#2127=VECTOR('',#7798,10.);
#2128=VECTOR('',#7799,10.);
#2129=VECTOR('',#7800,10.);
#2130=VECTOR('',#7803,10.);
#2131=VECTOR('',#7804,10.);
#2132=VECTOR('',#7805,10.);
#2133=VECTOR('',#7812,10.);
#2134=VECTOR('',#7815,10.);
#2135=VECTOR('',#7816,10.);
#2136=VECTOR('',#7817,10.);
#2137=VECTOR('',#7818,10.);
#2138=VECTOR('',#7819,10.);
#2139=VECTOR('',#7820,10.);
#2140=VECTOR('',#7821,10.);
#2141=VECTOR('',#7822,10.);
#2142=VECTOR('',#7823,10.);
#2143=VECTOR('',#7824,10.);
#2144=VECTOR('',#7825,10.);
#2145=VECTOR('',#7826,10.);
#2146=VECTOR('',#7829,10.);
#2147=VECTOR('',#7830,10.);
#2148=VECTOR('',#7831,10.);
#2149=VECTOR('',#7832,10.);
#2150=VECTOR('',#7833,10.);
#2151=VECTOR('',#7834,10.);
#2152=VECTOR('',#7835,10.);
#2153=VECTOR('',#7836,10.);
#2154=VECTOR('',#7837,10.);
#2155=VECTOR('',#7838,10.);
#2156=VECTOR('',#7841,10.);
#2157=VECTOR('',#7844,10.);
#2158=VECTOR('',#7847,10.);
#2159=VECTOR('',#7850,10.);
#2160=VECTOR('',#7853,10.);
#2161=VECTOR('',#7854,10.);
#2162=VECTOR('',#7855,10.);
#2163=VECTOR('',#7858,10.);
#2164=VECTOR('',#7859,10.);
#2165=VECTOR('',#7860,10.);
#2166=VECTOR('',#7863,10.);
#2167=VECTOR('',#7866,10.);
#2168=VECTOR('',#7867,10.);
#2169=VECTOR('',#7872,10.);
#2170=VECTOR('',#7875,10.);
#2171=VECTOR('',#7876,10.);
#2172=VECTOR('',#7881,10.);
#2173=VECTOR('',#7884,10.);
#2174=VECTOR('',#7885,10.);
#2175=VECTOR('',#7890,10.);
#2176=VECTOR('',#7893,10.);
#2177=VECTOR('',#7894,10.);
#2178=VECTOR('',#7899,10.);
#2179=VECTOR('',#7902,10.);
#2180=VECTOR('',#7907,10.);
#2181=VECTOR('',#7910,10.);
#2182=VECTOR('',#7913,10.);
#2183=VECTOR('',#7914,10.);
#2184=VECTOR('',#7917,10.);
#2185=VECTOR('',#7922,10.);
#2186=VECTOR('',#7923,10.);
#2187=VECTOR('',#7924,10.);
#2188=VECTOR('',#7931,10.);
#2189=VECTOR('',#7934,10.);
#2190=VECTOR('',#7935,10.);
#2191=VECTOR('',#7938,10.);
#2192=VECTOR('',#7939,10.);
#2193=VECTOR('',#7940,10.);
#2194=VECTOR('',#7941,10.);
#2195=VECTOR('',#7942,10.);
#2196=VECTOR('',#7943,10.);
#2197=VECTOR('',#7950,10.);
#2198=VECTOR('',#7953,10.);
#2199=VECTOR('',#7954,10.);
#2200=VECTOR('',#7955,10.);
#2201=VECTOR('',#7962,10.);
#2202=VECTOR('',#7965,10.);
#2203=VECTOR('',#7966,10.);
#2204=VECTOR('',#7967,10.);
#2205=VECTOR('',#7974,10.);
#2206=VECTOR('',#7977,10.);
#2207=VECTOR('',#7978,10.);
#2208=VECTOR('',#7981,10.);
#2209=VECTOR('',#7982,10.);
#2210=VECTOR('',#7987,10.);
#2211=VECTOR('',#7988,10.);
#2212=VECTOR('',#7989,10.);
#2213=VECTOR('',#7990,10.);
#2214=VECTOR('',#7991,10.);
#2215=VECTOR('',#7994,10.);
#2216=VECTOR('',#7995,10.);
#2217=VECTOR('',#7996,10.);
#2218=VECTOR('',#7999,10.);
#2219=VECTOR('',#8000,10.);
#2220=VECTOR('',#8003,10.);
#2221=VECTOR('',#8006,10.);
#2222=VECTOR('',#8011,10.);
#2223=VECTOR('',#8012,10.);
#2224=VECTOR('',#8013,10.);
#2225=VECTOR('',#8016,10.);
#2226=VECTOR('',#8017,10.);
#2227=VECTOR('',#8018,10.);
#2228=VECTOR('',#8021,10.);
#2229=VECTOR('',#8022,10.);
#2230=VECTOR('',#8023,10.);
#2231=VECTOR('',#8024,10.);
#2232=VECTOR('',#8025,10.);
#2233=VECTOR('',#8026,10.);
#2234=VECTOR('',#8027,10.);
#2235=VECTOR('',#8028,10.);
#2236=VECTOR('',#8029,10.);
#2237=VECTOR('',#8030,10.);
#2238=VECTOR('',#8031,10.);
#2239=VECTOR('',#8032,10.);
#2240=VECTOR('',#8035,10.);
#2241=VECTOR('',#8036,10.);
#2242=VECTOR('',#8037,10.);
#2243=VECTOR('',#8038,10.);
#2244=VECTOR('',#8041,10.);
#2245=VECTOR('',#8042,10.);
#2246=VECTOR('',#8045,10.);
#2247=VECTOR('',#8050,10.);
#2248=VECTOR('',#8055,1.625);
#2249=VECTOR('',#8062,1.625);
#2250=VECTOR('',#8065,10.);
#2251=VECTOR('',#8066,10.);
#2252=VECTOR('',#8067,10.);
#2253=VECTOR('',#8070,10.);
#2254=VECTOR('',#8071,10.);
#2255=VECTOR('',#8074,10.);
#2256=VECTOR('',#8075,10.);
#2257=VECTOR('',#8078,10.);
#2258=VECTOR('',#8079,10.);
#2259=VECTOR('',#8080,10.);
#2260=VECTOR('',#8083,10.);
#2261=VECTOR('',#8084,10.);
#2262=VECTOR('',#8085,10.);
#2263=VECTOR('',#8086,10.);
#2264=VECTOR('',#8089,10.);
#2265=VECTOR('',#8090,10.);
#2266=VECTOR('',#8091,10.);
#2267=VECTOR('',#8094,10.);
#2268=VECTOR('',#8095,10.);
#2269=VECTOR('',#8096,10.);
#2270=VECTOR('',#8099,10.);
#2271=VECTOR('',#8100,10.);
#2272=VECTOR('',#8101,10.);
#2273=VECTOR('',#8104,10.);
#2274=VECTOR('',#8105,10.);
#2275=VECTOR('',#8106,10.);
#2276=VECTOR('',#8107,10.);
#2277=VECTOR('',#8110,10.);
#2278=VECTOR('',#8111,10.);
#2279=VECTOR('',#8112,10.);
#2280=VECTOR('',#8115,10.);
#2281=VECTOR('',#8116,10.);
#2282=VECTOR('',#8119,10.);
#2283=VECTOR('',#8120,10.);
#2284=VECTOR('',#8121,10.);
#2285=VECTOR('',#8122,10.);
#2286=VECTOR('',#8125,10.);
#2287=VECTOR('',#8126,10.);
#2288=VECTOR('',#8135,10.);
#2289=VECTOR('',#8136,10.);
#2290=VECTOR('',#8137,10.);
#2291=VECTOR('',#8140,10.);
#2292=VECTOR('',#8143,10.);
#2293=VECTOR('',#8144,10.);
#2294=VECTOR('',#8145,10.);
#2295=VECTOR('',#8148,10.);
#2296=VECTOR('',#8151,10.);
#2297=VECTOR('',#8158,10.);
#2298=VECTOR('',#8159,10.);
#2299=VECTOR('',#8160,10.);
#2300=VECTOR('',#8161,10.);
#2301=VECTOR('',#8164,10.);
#2302=VECTOR('',#8165,10.);
#2303=VECTOR('',#8166,10.);
#2304=VECTOR('',#8169,10.);
#2305=VECTOR('',#8170,10.);
#2306=VECTOR('',#8173,10.);
#2307=VECTOR('',#8174,10.);
#2308=VECTOR('',#8179,10.);
#2309=VECTOR('',#8180,10.);
#2310=VECTOR('',#8181,10.);
#2311=VECTOR('',#8186,10.);
#2312=VECTOR('',#8189,10.);
#2313=VECTOR('',#8190,10.);
#2314=VECTOR('',#8191,10.);
#2315=VECTOR('',#8192,10.);
#2316=VECTOR('',#8195,10.);
#2317=VECTOR('',#8196,10.);
#2318=VECTOR('',#8197,10.);
#2319=VECTOR('',#8200,10.);
#2320=VECTOR('',#8201,10.);
#2321=VECTOR('',#8202,10.);
#2322=VECTOR('',#8205,10.);
#2323=VECTOR('',#8206,10.);
#2324=VECTOR('',#8209,10.);
#2325=VECTOR('',#8210,10.);
#2326=VECTOR('',#8211,10.);
#2327=VECTOR('',#8212,10.);
#2328=VECTOR('',#8215,10.);
#2329=VECTOR('',#8216,10.);
#2330=VECTOR('',#8217,10.);
#2331=VECTOR('',#8218,10.);
#2332=VECTOR('',#8221,10.);
#2333=VECTOR('',#8228,10.);
#2334=VECTOR('',#8229,10.);
#2335=VECTOR('',#8230,10.);
#2336=VECTOR('',#8231,10.);
#2337=VECTOR('',#8234,10.);
#2338=VECTOR('',#8235,10.);
#2339=VECTOR('',#8236,10.);
#2340=VECTOR('',#8239,10.);
#2341=VECTOR('',#8240,10.);
#2342=VECTOR('',#8241,10.);
#2343=VECTOR('',#8244,10.);
#2344=VECTOR('',#8245,10.);
#2345=VECTOR('',#8246,10.);
#2346=VECTOR('',#8249,10.);
#2347=VECTOR('',#8250,10.);
#2348=VECTOR('',#8253,10.);
#2349=VECTOR('',#8256,10.);
#2350=VECTOR('',#8257,10.);
#2351=VECTOR('',#8260,10.);
#2352=VECTOR('',#8263,10.);
#2353=VECTOR('',#8264,10.);
#2354=VECTOR('',#8267,10.);
#2355=VECTOR('',#8268,10.);
#2356=VECTOR('',#8269,10.);
#2357=VECTOR('',#8270,10.);
#2358=VECTOR('',#8273,10.);
#2359=VECTOR('',#8274,10.);
#2360=VECTOR('',#8275,10.);
#2361=VECTOR('',#8278,10.);
#2362=VECTOR('',#8279,10.);
#2363=VECTOR('',#8280,10.);
#2364=VECTOR('',#8281,10.);
#2365=VECTOR('',#8284,10.);
#2366=VECTOR('',#8285,10.);
#2367=VECTOR('',#8290,10.);
#2368=VECTOR('',#8291,10.);
#2369=VECTOR('',#8296,10.);
#2370=VECTOR('',#8301,10.);
#2371=VECTOR('',#8304,10.);
#2372=VECTOR('',#8305,10.);
#2373=VECTOR('',#8306,10.);
#2374=VECTOR('',#8307,10.);
#2375=VECTOR('',#8308,10.);
#2376=VECTOR('',#8309,10.);
#2377=VECTOR('',#8310,10.);
#2378=VECTOR('',#8311,10.);
#2379=VECTOR('',#8312,10.);
#2380=VECTOR('',#8313,10.);
#2381=VECTOR('',#8314,10.);
#2382=VECTOR('',#8317,10.);
#2383=VECTOR('',#8318,10.);
#2384=VECTOR('',#8321,10.);
#2385=VECTOR('',#8322,10.);
#2386=VECTOR('',#8325,10.);
#2387=VECTOR('',#8326,10.);
#2388=VECTOR('',#8329,10.);
#2389=VECTOR('',#8330,10.);
#2390=VECTOR('',#8331,10.);
#2391=VECTOR('',#8334,10.);
#2392=VECTOR('',#8335,10.);
#2393=VECTOR('',#8336,10.);
#2394=VECTOR('',#8339,10.);
#2395=VECTOR('',#8340,10.);
#2396=VECTOR('',#8343,10.);
#2397=VECTOR('',#8348,10.);
#2398=VECTOR('',#8351,10.);
#2399=VECTOR('',#8352,10.);
#2400=VECTOR('',#8361,10.);
#2401=VECTOR('',#8364,10.);
#2402=VECTOR('',#8365,10.);
#2403=VECTOR('',#8370,10.);
#2404=VECTOR('',#8371,10.);
#2405=VECTOR('',#8372,10.);
#2406=VECTOR('',#8373,10.);
#2407=VECTOR('',#8378,10.);
#2408=VECTOR('',#8379,10.);
#2409=VECTOR('',#8382,10.);
#2410=VECTOR('',#8385,10.);
#2411=VECTOR('',#8392,10.);
#2412=VECTOR('',#8399,10.);
#2413=VECTOR('',#8400,10.);
#2414=VECTOR('',#8401,10.);
#2415=VECTOR('',#8402,10.);
#2416=VECTOR('',#8405,10.);
#2417=VECTOR('',#8406,10.);
#2418=VECTOR('',#8407,10.);
#2419=VECTOR('',#8412,10.);
#2420=VECTOR('',#8415,10.);
#2421=VECTOR('',#8418,10.);
#2422=VECTOR('',#8419,10.);
#2423=VECTOR('',#8422,10.);
#2424=VECTOR('',#8425,10.);
#2425=VECTOR('',#8426,10.);
#2426=VECTOR('',#8429,10.);
#2427=VECTOR('',#8432,10.);
#2428=VECTOR('',#8433,10.);
#2429=VECTOR('',#8434,10.);
#2430=VECTOR('',#8439,10.);
#2431=VECTOR('',#8440,10.);
#2432=VECTOR('',#8441,10.);
#2433=VECTOR('',#8442,10.);
#2434=VECTOR('',#8445,10.);
#2435=VECTOR('',#8446,10.);
#2436=VECTOR('',#8447,10.);
#2437=VECTOR('',#8450,10.);
#2438=VECTOR('',#8451,10.);
#2439=VECTOR('',#8454,10.);
#2440=VECTOR('',#8455,10.);
#2441=VECTOR('',#8458,10.);
#2442=VECTOR('',#8465,10.);
#2443=VECTOR('',#8466,10.);
#2444=VECTOR('',#8471,10.);
#2445=VECTOR('',#8472,10.);
#2446=VECTOR('',#8483,10.);
#2447=VECTOR('',#8486,10.);
#2448=VECTOR('',#8495,1.30000000000001);
#2449=VECTOR('',#8500,1.29999999999999);
#2450=VECTOR('',#8503,1.29999999999999);
#2451=VECTOR('',#8508,1.29999999999999);
#2452=VECTOR('',#8511,10.);
#2453=VECTOR('',#8512,10.);
#2454=VECTOR('',#8517,10.);
#2455=VECTOR('',#8520,10.);
#2456=VECTOR('',#8521,10.);
#2457=VECTOR('',#8530,10.);
#2458=VECTOR('',#8531,10.);
#2459=VECTOR('',#8532,10.);
#2460=VECTOR('',#8535,10.);
#2461=VECTOR('',#8536,10.);
#2462=VECTOR('',#8537,10.);
#2463=VECTOR('',#8540,10.);
#2464=VECTOR('',#8541,10.);
#2465=VECTOR('',#8544,10.);
#2466=VECTOR('',#8547,10.);
#2467=VECTOR('',#8552,10.);
#2468=VECTOR('',#8553,10.);
#2469=VECTOR('',#8554,10.);
#2470=VECTOR('',#8555,10.);
#2471=VECTOR('',#8558,10.);
#2472=VECTOR('',#8559,10.);
#2473=VECTOR('',#8560,10.);
#2474=VECTOR('',#8563,10.);
#2475=VECTOR('',#8564,10.);
#2476=VECTOR('',#8565,10.);
#2477=VECTOR('',#8568,10.);
#2478=VECTOR('',#8569,10.);
#2479=VECTOR('',#8572,10.);
#2480=VECTOR('',#8573,10.);
#2481=VECTOR('',#8574,10.);
#2482=VECTOR('',#8575,10.);
#2483=VECTOR('',#8578,10.);
#2484=VECTOR('',#8579,10.);
#2485=VECTOR('',#8580,10.);
#2486=VECTOR('',#8583,10.);
#2487=VECTOR('',#8584,10.);
#2488=VECTOR('',#8585,10.);
#2489=VECTOR('',#8588,10.);
#2490=VECTOR('',#8589,10.);
#2491=VECTOR('',#8590,10.);
#2492=VECTOR('',#8591,10.);
#2493=VECTOR('',#8594,10.);
#2494=VECTOR('',#8595,10.);
#2495=VECTOR('',#8596,10.);
#2496=VECTOR('',#8597,10.);
#2497=VECTOR('',#8598,10.);
#2498=VECTOR('',#8601,10.);
#2499=VECTOR('',#8602,10.);
#2500=VECTOR('',#8603,10.);
#2501=VECTOR('',#8606,10.);
#2502=VECTOR('',#8607,10.);
#2503=VECTOR('',#8608,10.);
#2504=VECTOR('',#8609,10.);
#2505=VECTOR('',#8612,10.);
#2506=VECTOR('',#8613,10.);
#2507=VECTOR('',#8616,10.);
#2508=VECTOR('',#8617,10.);
#2509=VECTOR('',#8618,10.);
#2510=VECTOR('',#8621,10.);
#2511=VECTOR('',#8622,10.);
#2512=VECTOR('',#8625,10.);
#2513=VECTOR('',#8626,10.);
#2514=VECTOR('',#8627,10.);
#2515=VECTOR('',#8630,10.);
#2516=VECTOR('',#8631,10.);
#2517=VECTOR('',#8632,10.);
#2518=VECTOR('',#8633,10.);
#2519=VECTOR('',#8636,10.);
#2520=VECTOR('',#8639,10.);
#2521=VECTOR('',#8644,10.);
#2522=VECTOR('',#8647,10.);
#2523=VECTOR('',#8648,10.);
#2524=VECTOR('',#8651,10.);
#2525=VECTOR('',#8652,10.);
#2526=VECTOR('',#8655,10.);
#2527=VERTEX_POINT('',#8662);
#2528=VERTEX_POINT('',#8663);
#2529=VERTEX_POINT('',#8665);
#2530=VERTEX_POINT('',#8667);
#2531=VERTEX_POINT('',#8671);
#2532=VERTEX_POINT('',#8672);
#2533=VERTEX_POINT('',#8674);
#2534=VERTEX_POINT('',#8676);
#2535=VERTEX_POINT('',#8680);
#2536=VERTEX_POINT('',#8682);
#2537=VERTEX_POINT('',#8686);
#2538=VERTEX_POINT('',#8688);
#2539=VERTEX_POINT('',#8692);
#2540=VERTEX_POINT('',#8694);
#2541=VERTEX_POINT('',#8698);
#2542=VERTEX_POINT('',#8700);
#2543=VERTEX_POINT('',#8705);
#2544=VERTEX_POINT('',#8706);
#2545=VERTEX_POINT('',#8708);
#2546=VERTEX_POINT('',#8710);
#2547=VERTEX_POINT('',#8714);
#2548=VERTEX_POINT('',#8715);
#2549=VERTEX_POINT('',#8717);
#2550=VERTEX_POINT('',#8719);
#2551=VERTEX_POINT('',#8729);
#2552=VERTEX_POINT('',#8730);
#2553=VERTEX_POINT('',#8735);
#2554=VERTEX_POINT('',#8739);
#2555=VERTEX_POINT('',#8745);
#2556=VERTEX_POINT('',#8746);
#2557=VERTEX_POINT('',#8751);
#2558=VERTEX_POINT('',#8755);
#2559=VERTEX_POINT('',#8759);
#2560=VERTEX_POINT('',#8761);
#2561=VERTEX_POINT('',#8763);
#2562=VERTEX_POINT('',#8765);
#2563=VERTEX_POINT('',#8770);
#2564=VERTEX_POINT('',#8771);
#2565=VERTEX_POINT('',#8773);
#2566=VERTEX_POINT('',#8775);
#2567=VERTEX_POINT('',#8777);
#2568=VERTEX_POINT('',#8779);
#2569=VERTEX_POINT('',#8783);
#2570=VERTEX_POINT('',#8784);
#2571=VERTEX_POINT('',#8789);
#2572=VERTEX_POINT('',#8790);
#2573=VERTEX_POINT('',#8792);
#2574=VERTEX_POINT('',#8794);
#2575=VERTEX_POINT('',#8798);
#2576=VERTEX_POINT('',#8799);
#2577=VERTEX_POINT('',#8801);
#2578=VERTEX_POINT('',#8803);
#2579=VERTEX_POINT('',#8805);
#2580=VERTEX_POINT('',#8807);
#2581=VERTEX_POINT('',#8809);
#2582=VERTEX_POINT('',#8811);
#2583=VERTEX_POINT('',#8813);
#2584=VERTEX_POINT('',#8815);
#2585=VERTEX_POINT('',#8817);
#2586=VERTEX_POINT('',#8819);
#2587=VERTEX_POINT('',#8821);
#2588=VERTEX_POINT('',#8824);
#2589=VERTEX_POINT('',#8826);
#2590=VERTEX_POINT('',#8828);
#2591=VERTEX_POINT('',#8831);
#2592=VERTEX_POINT('',#8832);
#2593=VERTEX_POINT('',#8834);
#2594=VERTEX_POINT('',#8838);
#2595=VERTEX_POINT('',#8842);
#2596=VERTEX_POINT('',#8843);
#2597=VERTEX_POINT('',#8845);
#2598=VERTEX_POINT('',#8847);
#2599=VERTEX_POINT('',#8849);
#2600=VERTEX_POINT('',#8851);
#2601=VERTEX_POINT('',#8853);
#2602=VERTEX_POINT('',#8855);
#2603=VERTEX_POINT('',#8857);
#2604=VERTEX_POINT('',#8859);
#2605=VERTEX_POINT('',#8861);
#2606=VERTEX_POINT('',#8863);
#2607=VERTEX_POINT('',#8865);
#2608=VERTEX_POINT('',#8867);
#2609=VERTEX_POINT('',#8869);
#2610=VERTEX_POINT('',#8871);
#2611=VERTEX_POINT('',#8873);
#2612=VERTEX_POINT('',#8875);
#2613=VERTEX_POINT('',#8879);
#2614=VERTEX_POINT('',#8880);
#2615=VERTEX_POINT('',#8882);
#2616=VERTEX_POINT('',#8884);
#2617=VERTEX_POINT('',#8886);
#2618=VERTEX_POINT('',#8888);
#2619=VERTEX_POINT('',#8890);
#2620=VERTEX_POINT('',#8892);
#2621=VERTEX_POINT('',#8894);
#2622=VERTEX_POINT('',#8896);
#2623=VERTEX_POINT('',#8898);
#2624=VERTEX_POINT('',#8901);
#2625=VERTEX_POINT('',#8902);
#2626=VERTEX_POINT('',#8904);
#2627=VERTEX_POINT('',#8907);
#2628=VERTEX_POINT('',#8909);
#2629=VERTEX_POINT('',#8911);
#2630=VERTEX_POINT('',#8913);
#2631=VERTEX_POINT('',#8915);
#2632=VERTEX_POINT('',#8917);
#2633=VERTEX_POINT('',#8919);
#2634=VERTEX_POINT('',#8921);
#2635=VERTEX_POINT('',#8923);
#2636=VERTEX_POINT('',#8925);
#2637=VERTEX_POINT('',#8927);
#2638=VERTEX_POINT('',#8929);
#2639=VERTEX_POINT('',#8931);
#2640=VERTEX_POINT('',#8933);
#2641=VERTEX_POINT('',#8936);
#2642=VERTEX_POINT('',#8938);
#2643=VERTEX_POINT('',#8940);
#2644=VERTEX_POINT('',#8942);
#2645=VERTEX_POINT('',#8944);
#2646=VERTEX_POINT('',#8946);
#2647=VERTEX_POINT('',#8948);
#2648=VERTEX_POINT('',#8952);
#2649=VERTEX_POINT('',#8956);
#2650=VERTEX_POINT('',#8957);
#2651=VERTEX_POINT('',#8959);
#2652=VERTEX_POINT('',#8961);
#2653=VERTEX_POINT('',#8969);
#2654=VERTEX_POINT('',#8973);
#2655=VERTEX_POINT('',#8975);
#2656=VERTEX_POINT('',#8977);
#2657=VERTEX_POINT('',#8980);
#2658=VERTEX_POINT('',#8982);
#2659=VERTEX_POINT('',#8984);
#2660=VERTEX_POINT('',#8987);
#2661=VERTEX_POINT('',#8989);
#2662=VERTEX_POINT('',#8991);
#2663=VERTEX_POINT('',#8994);
#2664=VERTEX_POINT('',#8996);
#2665=VERTEX_POINT('',#9008);
#2666=VERTEX_POINT('',#9012);
#2667=VERTEX_POINT('',#9015);
#2668=VERTEX_POINT('',#9019);
#2669=VERTEX_POINT('',#9026);
#2670=VERTEX_POINT('',#9027);
#2671=VERTEX_POINT('',#9029);
#2672=VERTEX_POINT('',#9031);
#2673=VERTEX_POINT('',#9033);
#2674=VERTEX_POINT('',#9035);
#2675=VERTEX_POINT('',#9037);
#2676=VERTEX_POINT('',#9039);
#2677=VERTEX_POINT('',#9041);
#2678=VERTEX_POINT('',#9043);
#2679=VERTEX_POINT('',#9045);
#2680=VERTEX_POINT('',#9047);
#2681=VERTEX_POINT('',#9062);
#2682=VERTEX_POINT('',#9064);
#2683=VERTEX_POINT('',#9068);
#2684=VERTEX_POINT('',#9070);
#2685=VERTEX_POINT('',#9076);
#2686=VERTEX_POINT('',#9080);
#2687=VERTEX_POINT('',#9082);
#2688=VERTEX_POINT('',#9086);
#2689=VERTEX_POINT('',#9090);
#2690=VERTEX_POINT('',#9094);
#2691=VERTEX_POINT('',#9098);
#2692=VERTEX_POINT('',#9102);
#2693=VERTEX_POINT('',#9106);
#2694=VERTEX_POINT('',#9110);
#2695=VERTEX_POINT('',#9114);
#2696=VERTEX_POINT('',#9118);
#2697=VERTEX_POINT('',#9120);
#2698=VERTEX_POINT('',#9126);
#2699=VERTEX_POINT('',#9128);
#2700=VERTEX_POINT('',#9130);
#2701=VERTEX_POINT('',#9132);
#2702=VERTEX_POINT('',#9134);
#2703=VERTEX_POINT('',#9136);
#2704=VERTEX_POINT('',#9138);
#2705=VERTEX_POINT('',#9140);
#2706=VERTEX_POINT('',#9146);
#2707=VERTEX_POINT('',#9148);
#2708=VERTEX_POINT('',#9159);
#2709=VERTEX_POINT('',#9215);
#2710=VERTEX_POINT('',#9216);
#2711=VERTEX_POINT('',#9218);
#2712=VERTEX_POINT('',#9220);
#2713=VERTEX_POINT('',#9224);
#2714=VERTEX_POINT('',#9225);
#2715=VERTEX_POINT('',#9230);
#2716=VERTEX_POINT('',#9234);
#2717=VERTEX_POINT('',#9241);
#2718=VERTEX_POINT('',#9242);
#2719=VERTEX_POINT('',#9244);
#2720=VERTEX_POINT('',#9246);
#2721=VERTEX_POINT('',#9250);
#2722=VERTEX_POINT('',#9251);
#2723=VERTEX_POINT('',#9256);
#2724=VERTEX_POINT('',#9260);
#2725=VERTEX_POINT('',#9267);
#2726=VERTEX_POINT('',#9268);
#2727=VERTEX_POINT('',#9270);
#2728=VERTEX_POINT('',#9272);
#2729=VERTEX_POINT('',#9275);
#2730=VERTEX_POINT('',#9276);
#2731=VERTEX_POINT('',#9278);
#2732=VERTEX_POINT('',#9280);
#2733=VERTEX_POINT('',#9284);
#2734=VERTEX_POINT('',#9286);
#2735=VERTEX_POINT('',#9289);
#2736=VERTEX_POINT('',#9291);
#2737=VERTEX_POINT('',#9293);
#2738=VERTEX_POINT('',#9295);
#2739=VERTEX_POINT('',#9297);
#2740=VERTEX_POINT('',#9299);
#2741=VERTEX_POINT('',#9301);
#2742=VERTEX_POINT('',#9304);
#2743=VERTEX_POINT('',#9306);
#2744=VERTEX_POINT('',#9310);
#2745=VERTEX_POINT('',#9311);
#2746=VERTEX_POINT('',#9313);
#2747=VERTEX_POINT('',#9315);
#2748=VERTEX_POINT('',#9319);
#2749=VERTEX_POINT('',#9320);
#2750=VERTEX_POINT('',#9322);
#2751=VERTEX_POINT('',#9324);
#2752=VERTEX_POINT('',#9331);
#2753=VERTEX_POINT('',#9333);
#2754=VERTEX_POINT('',#9337);
#2755=VERTEX_POINT('',#9338);
#2756=VERTEX_POINT('',#9340);
#2757=VERTEX_POINT('',#9342);
#2758=VERTEX_POINT('',#9346);
#2759=VERTEX_POINT('',#9348);
#2760=VERTEX_POINT('',#9351);
#2761=VERTEX_POINT('',#9352);
#2762=VERTEX_POINT('',#9354);
#2763=VERTEX_POINT('',#9356);
#2764=VERTEX_POINT('',#9358);
#2765=VERTEX_POINT('',#9360);
#2766=VERTEX_POINT('',#9362);
#2767=VERTEX_POINT('',#9366);
#2768=VERTEX_POINT('',#9367);
#2769=VERTEX_POINT('',#9369);
#2770=VERTEX_POINT('',#9371);
#2771=VERTEX_POINT('',#9373);
#2772=VERTEX_POINT('',#9375);
#2773=VERTEX_POINT('',#9377);
#2774=VERTEX_POINT('',#9379);
#2775=VERTEX_POINT('',#9383);
#2776=VERTEX_POINT('',#9385);
#2777=VERTEX_POINT('',#9389);
#2778=VERTEX_POINT('',#9391);
#2779=VERTEX_POINT('',#9395);
#2780=VERTEX_POINT('',#9396);
#2781=VERTEX_POINT('',#9399);
#2782=VERTEX_POINT('',#9401);
#2783=VERTEX_POINT('',#9405);
#2784=VERTEX_POINT('',#9406);
#2785=VERTEX_POINT('',#9408);
#2786=VERTEX_POINT('',#9410);
#2787=VERTEX_POINT('',#9412);
#2788=VERTEX_POINT('',#9424);
#2789=VERTEX_POINT('',#9425);
#2790=VERTEX_POINT('',#9430);
#2791=VERTEX_POINT('',#9432);
#2792=VERTEX_POINT('',#9434);
#2793=VERTEX_POINT('',#9436);
#2794=VERTEX_POINT('',#9458);
#2795=VERTEX_POINT('',#9459);
#2796=VERTEX_POINT('',#9461);
#2797=VERTEX_POINT('',#9463);
#2798=VERTEX_POINT('',#9478);
#2799=VERTEX_POINT('',#9479);
#2800=VERTEX_POINT('',#9481);
#2801=VERTEX_POINT('',#9483);
#2802=VERTEX_POINT('',#9487);
#2803=VERTEX_POINT('',#9488);
#2804=VERTEX_POINT('',#9490);
#2805=VERTEX_POINT('',#9492);
#2806=VERTEX_POINT('',#9497);
#2807=VERTEX_POINT('',#9501);
#2808=VERTEX_POINT('',#9505);
#2809=VERTEX_POINT('',#9509);
#2810=VERTEX_POINT('',#9513);
#2811=VERTEX_POINT('',#9517);
#2812=VERTEX_POINT('',#9521);
#2813=VERTEX_POINT('',#9525);
#2814=VERTEX_POINT('',#9526);
#2815=VERTEX_POINT('',#9528);
#2816=VERTEX_POINT('',#9530);
#2817=VERTEX_POINT('',#9536);
#2818=VERTEX_POINT('',#9537);
#2819=VERTEX_POINT('',#9539);
#2820=VERTEX_POINT('',#9541);
#2821=VERTEX_POINT('',#9544);
#2822=VERTEX_POINT('',#9545);
#2823=VERTEX_POINT('',#9547);
#2824=VERTEX_POINT('',#9549);
#2825=VERTEX_POINT('',#9551);
#2826=VERTEX_POINT('',#9553);
#2827=VERTEX_POINT('',#9555);
#2828=VERTEX_POINT('',#9557);
#2829=VERTEX_POINT('',#9561);
#2830=VERTEX_POINT('',#9562);
#2831=VERTEX_POINT('',#9564);
#2832=VERTEX_POINT('',#9566);
#2833=VERTEX_POINT('',#9570);
#2834=VERTEX_POINT('',#9572);
#2835=VERTEX_POINT('',#9576);
#2836=VERTEX_POINT('',#9578);
#2837=VERTEX_POINT('',#9581);
#2838=VERTEX_POINT('',#9582);
#2839=VERTEX_POINT('',#9584);
#2840=VERTEX_POINT('',#9586);
#2841=VERTEX_POINT('',#9590);
#2842=VERTEX_POINT('',#9591);
#2843=VERTEX_POINT('',#9593);
#2844=VERTEX_POINT('',#9595);
#2845=VERTEX_POINT('',#9597);
#2846=VERTEX_POINT('',#9601);
#2847=VERTEX_POINT('',#9602);
#2848=VERTEX_POINT('',#9605);
#2849=VERTEX_POINT('',#9608);
#2850=VERTEX_POINT('',#9612);
#2851=VERTEX_POINT('',#9616);
#2852=VERTEX_POINT('',#9618);
#2853=VERTEX_POINT('',#9622);
#2854=VERTEX_POINT('',#9623);
#2855=VERTEX_POINT('',#9628);
#2856=VERTEX_POINT('',#9630);
#2857=VERTEX_POINT('',#9634);
#2858=VERTEX_POINT('',#9635);
#2859=VERTEX_POINT('',#9638);
#2860=VERTEX_POINT('',#9640);
#2861=VERTEX_POINT('',#9642);
#2862=VERTEX_POINT('',#9644);
#2863=VERTEX_POINT('',#9646);
#2864=VERTEX_POINT('',#9649);
#2865=VERTEX_POINT('',#9651);
#2866=VERTEX_POINT('',#9653);
#2867=VERTEX_POINT('',#9657);
#2868=VERTEX_POINT('',#9659);
#2869=VERTEX_POINT('',#9661);
#2870=VERTEX_POINT('',#9663);
#2871=VERTEX_POINT('',#9666);
#2872=VERTEX_POINT('',#9668);
#2873=VERTEX_POINT('',#9670);
#2874=VERTEX_POINT('',#9675);
#2875=VERTEX_POINT('',#9676);
#2876=VERTEX_POINT('',#9678);
#2877=VERTEX_POINT('',#9680);
#2878=VERTEX_POINT('',#9682);
#2879=VERTEX_POINT('',#9684);
#2880=VERTEX_POINT('',#9686);
#2881=VERTEX_POINT('',#9688);
#2882=VERTEX_POINT('',#9690);
#2883=VERTEX_POINT('',#9692);
#2884=VERTEX_POINT('',#9697);
#2885=VERTEX_POINT('',#9698);
#2886=VERTEX_POINT('',#9705);
#2887=VERTEX_POINT('',#9709);
#2888=VERTEX_POINT('',#9713);
#2889=VERTEX_POINT('',#9717);
#2890=VERTEX_POINT('',#9721);
#2891=VERTEX_POINT('',#9725);
#2892=VERTEX_POINT('',#9729);
#2893=VERTEX_POINT('',#9733);
#2894=VERTEX_POINT('',#9739);
#2895=VERTEX_POINT('',#9740);
#2896=VERTEX_POINT('',#9742);
#2897=VERTEX_POINT('',#9744);
#2898=VERTEX_POINT('',#9751);
#2899=VERTEX_POINT('',#9755);
#2900=VERTEX_POINT('',#9757);
#2901=VERTEX_POINT('',#9761);
#2902=VERTEX_POINT('',#9763);
#2903=VERTEX_POINT('',#9770);
#2904=VERTEX_POINT('',#9772);
#2905=VERTEX_POINT('',#9775);
#2906=VERTEX_POINT('',#9777);
#2907=VERTEX_POINT('',#9785);
#2908=VERTEX_POINT('',#9787);
#2909=VERTEX_POINT('',#9791);
#2910=VERTEX_POINT('',#9793);
#2911=VERTEX_POINT('',#9797);
#2912=VERTEX_POINT('',#9799);
#2913=VERTEX_POINT('',#9803);
#2914=VERTEX_POINT('',#9805);
#2915=VERTEX_POINT('',#9816);
#2916=VERTEX_POINT('',#9817);
#2917=VERTEX_POINT('',#9819);
#2918=VERTEX_POINT('',#9822);
#2919=VERTEX_POINT('',#9831);
#2920=VERTEX_POINT('',#9836);
#2921=VERTEX_POINT('',#9840);
#2922=VERTEX_POINT('',#9842);
#2923=VERTEX_POINT('',#9854);
#2924=VERTEX_POINT('',#9855);
#2925=VERTEX_POINT('',#9860);
#2926=VERTEX_POINT('',#9862);
#2927=VERTEX_POINT('',#9866);
#2928=VERTEX_POINT('',#9867);
#2929=VERTEX_POINT('',#9869);
#2930=VERTEX_POINT('',#9871);
#2931=VERTEX_POINT('',#9874);
#2932=VERTEX_POINT('',#9876);
#2933=VERTEX_POINT('',#9879);
#2934=VERTEX_POINT('',#9881);
#2935=VERTEX_POINT('',#9883);
#2936=VERTEX_POINT('',#9885);
#2937=VERTEX_POINT('',#9889);
#2938=VERTEX_POINT('',#9890);
#2939=VERTEX_POINT('',#9892);
#2940=VERTEX_POINT('',#9894);
#2941=VERTEX_POINT('',#9902);
#2942=VERTEX_POINT('',#9907);
#2943=VERTEX_POINT('',#9909);
#2944=VERTEX_POINT('',#9913);
#2945=VERTEX_POINT('',#9917);
#2946=VERTEX_POINT('',#9919);
#2947=VERTEX_POINT('',#9923);
#2948=VERTEX_POINT('',#9930);
#2949=VERTEX_POINT('',#9931);
#2950=VERTEX_POINT('',#9936);
#2951=VERTEX_POINT('',#9939);
#2952=VERTEX_POINT('',#9943);
#2953=VERTEX_POINT('',#9944);
#2954=VERTEX_POINT('',#9946);
#2955=VERTEX_POINT('',#9949);
#2956=VERTEX_POINT('',#9951);
#2957=VERTEX_POINT('',#9953);
#2958=VERTEX_POINT('',#9957);
#2959=VERTEX_POINT('',#9959);
#2960=VERTEX_POINT('',#9963);
#2961=VERTEX_POINT('',#9964);
#2962=VERTEX_POINT('',#9966);
#2963=VERTEX_POINT('',#9968);
#2964=VERTEX_POINT('',#9972);
#2965=VERTEX_POINT('',#9974);
#2966=VERTEX_POINT('',#9981);
#2967=VERTEX_POINT('',#9982);
#2968=VERTEX_POINT('',#9984);
#2969=VERTEX_POINT('',#9986);
#2970=VERTEX_POINT('',#9990);
#2971=VERTEX_POINT('',#9992);
#2972=VERTEX_POINT('',#9996);
#2973=VERTEX_POINT('',#10005);
#2974=VERTEX_POINT('',#10007);
#2975=VERTEX_POINT('',#10013);
#2976=VERTEX_POINT('',#10015);
#2977=VERTEX_POINT('',#10019);
#2978=VERTEX_POINT('',#10021);
#2979=VERTEX_POINT('',#10025);
#2980=VERTEX_POINT('',#10034);
#2981=VERTEX_POINT('',#10035);
#2982=VERTEX_POINT('',#10037);
#2983=VERTEX_POINT('',#10039);
#2984=VERTEX_POINT('',#10043);
#2985=VERTEX_POINT('',#10045);
#2986=VERTEX_POINT('',#10056);
#2987=VERTEX_POINT('',#10057);
#2988=VERTEX_POINT('',#10062);
#2989=VERTEX_POINT('',#10066);
#2990=VERTEX_POINT('',#10067);
#2991=VERTEX_POINT('',#10069);
#2992=VERTEX_POINT('',#10071);
#2993=VERTEX_POINT('',#10075);
#2994=VERTEX_POINT('',#10077);
#2995=VERTEX_POINT('',#10081);
#2996=VERTEX_POINT('',#10083);
#2997=VERTEX_POINT('',#10090);
#2998=VERTEX_POINT('',#10091);
#2999=VERTEX_POINT('',#10093);
#3000=VERTEX_POINT('',#10095);
#3001=VERTEX_POINT('',#10099);
#3002=VERTEX_POINT('',#10100);
#3003=VERTEX_POINT('',#10102);
#3004=VERTEX_POINT('',#10104);
#3005=VERTEX_POINT('',#10118);
#3006=VERTEX_POINT('',#10123);
#3007=VERTEX_POINT('',#10127);
#3008=VERTEX_POINT('',#10128);
#3009=VERTEX_POINT('',#10130);
#3010=VERTEX_POINT('',#10132);
#3011=VERTEX_POINT('',#10136);
#3012=VERTEX_POINT('',#10138);
#3013=VERTEX_POINT('',#10142);
#3014=VERTEX_POINT('',#10144);
#3015=VERTEX_POINT('',#10148);
#3016=VERTEX_POINT('',#10149);
#3017=VERTEX_POINT('',#10154);
#3018=VERTEX_POINT('',#10155);
#3019=VERTEX_POINT('',#10157);
#3020=VERTEX_POINT('',#10162);
#3021=VERTEX_POINT('',#10163);
#3022=VERTEX_POINT('',#10166);
#3023=VERTEX_POINT('',#10170);
#3024=VERTEX_POINT('',#10174);
#3025=VERTEX_POINT('',#10175);
#3026=VERTEX_POINT('',#10181);
#3027=VERTEX_POINT('',#10183);
#3028=VERTEX_POINT('',#10187);
#3029=VERTEX_POINT('',#10188);
#3030=VERTEX_POINT('',#10190);
#3031=VERTEX_POINT('',#10192);
#3032=VERTEX_POINT('',#10200);
#3033=VERTEX_POINT('',#10204);
#3034=VERTEX_POINT('',#10208);
#3035=VERTEX_POINT('',#10212);
#3036=VERTEX_POINT('',#10213);
#3037=VERTEX_POINT('',#10215);
#3038=VERTEX_POINT('',#10217);
#3039=VERTEX_POINT('',#10220);
#3040=VERTEX_POINT('',#10221);
#3041=VERTEX_POINT('',#10223);
#3042=VERTEX_POINT('',#10225);
#3043=VERTEX_POINT('',#10228);
#3044=VERTEX_POINT('',#10230);
#3045=VERTEX_POINT('',#10240);
#3046=VERTEX_POINT('',#10244);
#3047=VERTEX_POINT('',#10246);
#3048=VERTEX_POINT('',#10250);
#3049=VERTEX_POINT('',#10252);
#3050=VERTEX_POINT('',#10256);
#3051=VERTEX_POINT('',#10262);
#3052=VERTEX_POINT('',#10266);
#3053=VERTEX_POINT('',#10272);
#3054=VERTEX_POINT('',#10276);
#3055=VERTEX_POINT('',#10281);
#3056=VERTEX_POINT('',#10282);
#3057=VERTEX_POINT('',#10284);
#3058=VERTEX_POINT('',#10286);
#3059=VERTEX_POINT('',#10299);
#3060=VERTEX_POINT('',#10305);
#3061=VERTEX_POINT('',#10308);
#3062=VERTEX_POINT('',#10312);
#3063=VERTEX_POINT('',#10313);
#3064=VERTEX_POINT('',#10318);
#3065=VERTEX_POINT('',#10324);
#3066=VERTEX_POINT('',#10330);
#3067=VERTEX_POINT('',#10337);
#3068=VERTEX_POINT('',#10354);
#3069=VERTEX_POINT('',#10355);
#3070=VERTEX_POINT('',#10357);
#3071=VERTEX_POINT('',#10359);
#3072=VERTEX_POINT('',#10363);
#3073=VERTEX_POINT('',#10364);
#3074=VERTEX_POINT('',#10369);
#3075=VERTEX_POINT('',#10373);
#3076=VERTEX_POINT('',#10379);
#3077=VERTEX_POINT('',#10380);
#3078=VERTEX_POINT('',#10382);
#3079=VERTEX_POINT('',#10385);
#3080=VERTEX_POINT('',#10387);
#3081=VERTEX_POINT('',#10389);
#3082=VERTEX_POINT('',#10393);
#3083=VERTEX_POINT('',#10395);
#3084=VERTEX_POINT('',#10398);
#3085=VERTEX_POINT('',#10400);
#3086=VERTEX_POINT('',#10402);
#3087=VERTEX_POINT('',#10403);
#3088=VERTEX_POINT('',#10406);
#3089=VERTEX_POINT('',#10448);
#3090=VERTEX_POINT('',#10454);
#3091=VERTEX_POINT('',#10460);
#3092=VERTEX_POINT('',#10464);
#3093=VERTEX_POINT('',#10468);
#3094=VERTEX_POINT('',#10475);
#3095=VERTEX_POINT('',#10477);
#3096=VERTEX_POINT('',#10481);
#3097=VERTEX_POINT('',#10486);
#3098=VERTEX_POINT('',#10495);
#3099=VERTEX_POINT('',#10496);
#3100=VERTEX_POINT('',#10498);
#3101=VERTEX_POINT('',#10500);
#3102=VERTEX_POINT('',#10504);
#3103=VERTEX_POINT('',#10506);
#3104=VERTEX_POINT('',#10510);
#3105=VERTEX_POINT('',#10512);
#3106=VERTEX_POINT('',#10519);
#3107=VERTEX_POINT('',#10520);
#3108=VERTEX_POINT('',#10522);
#3109=VERTEX_POINT('',#10524);
#3110=VERTEX_POINT('',#10528);
#3111=VERTEX_POINT('',#10530);
#3112=VERTEX_POINT('',#10534);
#3113=VERTEX_POINT('',#10536);
#3114=VERTEX_POINT('',#10540);
#3115=VERTEX_POINT('',#10541);
#3116=VERTEX_POINT('',#10543);
#3117=VERTEX_POINT('',#10545);
#3118=VERTEX_POINT('',#10550);
#3119=VERTEX_POINT('',#10551);
#3120=VERTEX_POINT('',#10553);
#3121=VERTEX_POINT('',#10555);
#3122=VERTEX_POINT('',#10559);
#3123=VERTEX_POINT('',#10560);
#3124=VERTEX_POINT('',#10565);
#3125=VERTEX_POINT('',#10566);
#3126=VERTEX_POINT('',#10568);
#3127=VERTEX_POINT('',#10570);
#3128=VERTEX_POINT('',#10574);
#3129=VERTEX_POINT('',#10578);
#3130=VERTEX_POINT('',#10580);
#3131=VERTEX_POINT('',#10584);
#3132=VERTEX_POINT('',#10588);
#3133=VERTEX_POINT('',#10590);
#3134=VERTEX_POINT('',#10595);
#3135=VERTEX_POINT('',#10596);
#3136=VERTEX_POINT('',#10608);
#3137=VERTEX_POINT('',#10612);
#3138=EDGE_CURVE('',#2527,#2528,#1073,.T.);
#3139=EDGE_CURVE('',#2527,#2529,#1074,.T.);
#3140=EDGE_CURVE('',#2530,#2529,#1075,.T.);
#3141=EDGE_CURVE('',#2528,#2530,#1076,.T.);
#3142=EDGE_CURVE('',#2531,#2532,#1077,.T.);
#3143=EDGE_CURVE('',#2531,#2533,#1078,.T.);
#3144=EDGE_CURVE('',#2533,#2534,#1079,.T.);
#3145=EDGE_CURVE('',#2532,#2534,#1080,.T.);
#3146=EDGE_CURVE('',#2528,#2535,#1081,.T.);
#3147=EDGE_CURVE('',#2536,#2530,#1082,.T.);
#3148=EDGE_CURVE('',#2535,#2536,#1083,.T.);
#3149=EDGE_CURVE('',#2532,#2537,#1084,.T.);
#3150=EDGE_CURVE('',#2534,#2538,#1085,.T.);
#3151=EDGE_CURVE('',#2537,#2538,#1086,.T.);
#3152=EDGE_CURVE('',#2535,#2539,#1087,.T.);
#3153=EDGE_CURVE('',#2540,#2536,#1088,.T.);
#3154=EDGE_CURVE('',#2539,#2540,#1089,.T.);
#3155=EDGE_CURVE('',#2537,#2541,#1090,.T.);
#3156=EDGE_CURVE('',#2538,#2542,#1091,.T.);
#3157=EDGE_CURVE('',#2541,#2542,#1092,.T.);
#3158=EDGE_CURVE('',#2541,#2531,#1093,.T.);
#3159=EDGE_CURVE('',#2543,#2544,#1094,.T.);
#3160=EDGE_CURVE('',#2544,#2545,#1095,.T.);
#3161=EDGE_CURVE('',#2545,#2546,#1096,.T.);
#3162=EDGE_CURVE('',#2546,#2543,#1097,.T.);
#3163=EDGE_CURVE('',#2547,#2548,#1098,.T.);
#3164=EDGE_CURVE('',#2549,#2548,#1099,.T.);
#3165=EDGE_CURVE('',#2549,#2550,#1100,.T.);
#3166=EDGE_CURVE('',#2550,#2547,#1101,.T.);
#3167=EDGE_CURVE('',#2529,#2540,#1102,.T.);
#3168=EDGE_CURVE('',#2539,#2527,#1103,.T.);
#3169=EDGE_CURVE('',#2542,#2533,#1104,.T.);
#3170=EDGE_CURVE('',#2551,#2552,#1105,.T.);
#3171=EDGE_CURVE('',#2551,#2543,#1106,.T.);
#3172=EDGE_CURVE('',#2552,#2546,#1107,.T.);
#3173=EDGE_CURVE('',#2552,#2553,#1108,.T.);
#3174=EDGE_CURVE('',#2553,#2545,#1109,.T.);
#3175=EDGE_CURVE('',#2553,#2554,#1110,.T.);
#3176=EDGE_CURVE('',#2554,#2544,#1111,.T.);
#3177=EDGE_CURVE('',#2554,#2551,#1112,.T.);
#3178=EDGE_CURVE('',#2555,#2556,#1113,.T.);
#3179=EDGE_CURVE('',#2555,#2547,#1114,.T.);
#3180=EDGE_CURVE('',#2556,#2550,#1115,.T.);
#3181=EDGE_CURVE('',#2556,#2557,#1116,.T.);
#3182=EDGE_CURVE('',#2557,#2549,#1117,.T.);
#3183=EDGE_CURVE('',#2558,#2555,#1118,.T.);
#3184=EDGE_CURVE('',#2548,#2558,#1119,.T.);
#3185=EDGE_CURVE('',#2558,#2559,#1120,.T.);
#3186=EDGE_CURVE('',#2559,#2560,#1121,.T.);
#3187=EDGE_CURVE('',#2561,#2560,#1122,.T.);
#3188=EDGE_CURVE('',#2561,#2562,#1123,.T.);
#3189=EDGE_CURVE('',#2562,#2557,#1124,.T.);
#3190=EDGE_CURVE('',#2563,#2564,#1125,.T.);
#3191=EDGE_CURVE('',#2565,#2563,#135,.T.);
#3192=EDGE_CURVE('',#2566,#2565,#1126,.T.);
#3193=EDGE_CURVE('',#2567,#2566,#1127,.T.);
#3194=EDGE_CURVE('',#2567,#2568,#1128,.T.);
#3195=EDGE_CURVE('',#2568,#2564,#1129,.T.);
#3196=EDGE_CURVE('',#2569,#2570,#1130,.T.);
#3197=EDGE_CURVE('',#2569,#2568,#1131,.T.);
#3198=EDGE_CURVE('',#2570,#2567,#1132,.T.);
#3199=EDGE_CURVE('',#2571,#2572,#1133,.T.);
#3200=EDGE_CURVE('',#2573,#2571,#1134,.T.);
#3201=EDGE_CURVE('',#2574,#2573,#1135,.T.);
#3202=EDGE_CURVE('',#2574,#2572,#1136,.T.);
#3203=EDGE_CURVE('',#2575,#2576,#1137,.T.);
#3204=EDGE_CURVE('',#2576,#2577,#1138,.T.);
#3205=EDGE_CURVE('',#2577,#2578,#1139,.T.);
#3206=EDGE_CURVE('',#2578,#2579,#1140,.T.);
#3207=EDGE_CURVE('',#2580,#2579,#136,.T.);
#3208=EDGE_CURVE('',#2580,#2581,#1141,.T.);
#3209=EDGE_CURVE('',#2582,#2581,#137,.T.);
#3210=EDGE_CURVE('',#2582,#2583,#1142,.T.);
#3211=EDGE_CURVE('',#2584,#2583,#138,.T.);
#3212=EDGE_CURVE('',#2584,#2585,#1143,.T.);
#3213=EDGE_CURVE('',#2586,#2585,#139,.T.);
#3214=EDGE_CURVE('',#2586,#2587,#1144,.T.);
#3215=EDGE_CURVE('',#2587,#2575,#1145,.T.);
#3216=EDGE_CURVE('',#2588,#2588,#140,.T.);
#3217=EDGE_CURVE('',#2589,#2589,#141,.T.);
#3218=EDGE_CURVE('',#2571,#2590,#1146,.T.);
#3219=EDGE_CURVE('',#2590,#2573,#1147,.T.);
#3220=EDGE_CURVE('',#2591,#2592,#1148,.T.);
#3221=EDGE_CURVE('',#2592,#2593,#1149,.T.);
#3222=EDGE_CURVE('',#2591,#2593,#1150,.T.);
#3223=EDGE_CURVE('',#2594,#2572,#1151,.T.);
#3224=EDGE_CURVE('',#2590,#2594,#1152,.T.);
#3225=EDGE_CURVE('',#2595,#2596,#1153,.T.);
#3226=EDGE_CURVE('',#2596,#2597,#142,.T.);
#3227=EDGE_CURVE('',#2597,#2598,#1154,.T.);
#3228=EDGE_CURVE('',#2598,#2599,#143,.T.);
#3229=EDGE_CURVE('',#2599,#2600,#1155,.T.);
#3230=EDGE_CURVE('',#2600,#2601,#1156,.T.);
#3231=EDGE_CURVE('',#2601,#2602,#1157,.T.);
#3232=EDGE_CURVE('',#2602,#2603,#1158,.T.);
#3233=EDGE_CURVE('',#2603,#2604,#144,.T.);
#3234=EDGE_CURVE('',#2604,#2605,#1159,.T.);
#3235=EDGE_CURVE('',#2605,#2606,#145,.T.);
#3236=EDGE_CURVE('',#2606,#2607,#1160,.T.);
#3237=EDGE_CURVE('',#2607,#2608,#146,.T.);
#3238=EDGE_CURVE('',#2608,#2609,#1161,.T.);
#3239=EDGE_CURVE('',#2609,#2610,#147,.T.);
#3240=EDGE_CURVE('',#2610,#2611,#1162,.T.);
#3241=EDGE_CURVE('',#2611,#2612,#1163,.T.);
#3242=EDGE_CURVE('',#2612,#2595,#1164,.T.);
#3243=EDGE_CURVE('',#2574,#2594,#1165,.T.);
#3244=EDGE_CURVE('',#2613,#2614,#1166,.T.);
#3245=EDGE_CURVE('',#2614,#2615,#1167,.T.);
#3246=EDGE_CURVE('',#2615,#2616,#1168,.T.);
#3247=EDGE_CURVE('',#2616,#2617,#1169,.T.);
#3248=EDGE_CURVE('',#2617,#2618,#148,.T.);
#3249=EDGE_CURVE('',#2618,#2619,#1170,.T.);
#3250=EDGE_CURVE('',#2619,#2620,#149,.T.);
#3251=EDGE_CURVE('',#2620,#2621,#1171,.T.);
#3252=EDGE_CURVE('',#2621,#2622,#1172,.T.);
#3253=EDGE_CURVE('',#2622,#2623,#1173,.T.);
#3254=EDGE_CURVE('',#2623,#2613,#1174,.T.);
#3255=EDGE_CURVE('',#2624,#2625,#1175,.T.);
#3256=EDGE_CURVE('',#2625,#2626,#1176,.T.);
#3257=EDGE_CURVE('',#2626,#2624,#1177,.T.);
#3258=EDGE_CURVE('',#2569,#2627,#1178,.T.);
#3259=EDGE_CURVE('',#2627,#2628,#150,.T.);
#3260=EDGE_CURVE('',#2628,#2629,#1179,.T.);
#3261=EDGE_CURVE('',#2629,#2630,#151,.T.);
#3262=EDGE_CURVE('',#2630,#2631,#1180,.T.);
#3263=EDGE_CURVE('',#2631,#2632,#1181,.T.);
#3264=EDGE_CURVE('',#2633,#2632,#1182,.T.);
#3265=EDGE_CURVE('',#2633,#2634,#152,.T.);
#3266=EDGE_CURVE('',#2634,#2635,#1183,.T.);
#3267=EDGE_CURVE('',#2635,#2636,#1184,.T.);
#3268=EDGE_CURVE('',#2636,#2637,#153,.T.);
#3269=EDGE_CURVE('',#2637,#2638,#1185,.T.);
#3270=EDGE_CURVE('',#2638,#2639,#154,.T.);
#3271=EDGE_CURVE('',#2639,#2640,#1186,.T.);
#3272=EDGE_CURVE('',#2640,#2561,#155,.T.);
#3273=EDGE_CURVE('',#2560,#2641,#156,.T.);
#3274=EDGE_CURVE('',#2641,#2642,#1187,.T.);
#3275=EDGE_CURVE('',#2642,#2643,#157,.T.);
#3276=EDGE_CURVE('',#2643,#2644,#1188,.T.);
#3277=EDGE_CURVE('',#2644,#2645,#158,.T.);
#3278=EDGE_CURVE('',#2645,#2646,#1189,.T.);
#3279=EDGE_CURVE('',#2646,#2647,#1190,.T.);
#3280=EDGE_CURVE('',#2647,#2564,#159,.T.);
#3281=EDGE_CURVE('',#2648,#2570,#1191,.T.);
#3282=EDGE_CURVE('',#2648,#2627,#1192,.T.);
#3283=EDGE_CURVE('',#2649,#2650,#1193,.T.);
#3284=EDGE_CURVE('',#2651,#2649,#1194,.T.);
#3285=EDGE_CURVE('',#2652,#2651,#160,.T.);
#3286=EDGE_CURVE('',#2633,#2652,#1195,.T.);
#3287=EDGE_CURVE('',#2632,#2650,#1196,.T.);
#3288=EDGE_CURVE('',#2625,#2593,#1197,.T.);
#3289=EDGE_CURVE('',#2591,#2624,#1198,.T.);
#3290=EDGE_CURVE('',#2650,#2653,#1199,.T.);
#3291=EDGE_CURVE('',#2653,#2631,#1200,.T.);
#3292=EDGE_CURVE('',#2654,#2562,#161,.T.);
#3293=EDGE_CURVE('',#2655,#2654,#1201,.T.);
#3294=EDGE_CURVE('',#2656,#2655,#162,.T.);
#3295=EDGE_CURVE('',#2649,#2656,#1202,.T.);
#3296=EDGE_CURVE('',#2657,#2653,#1203,.T.);
#3297=EDGE_CURVE('',#2657,#2658,#163,.T.);
#3298=EDGE_CURVE('',#2658,#2659,#1204,.T.);
#3299=EDGE_CURVE('',#2659,#2648,#164,.T.);
#3300=EDGE_CURVE('',#2566,#2660,#1205,.T.);
#3301=EDGE_CURVE('',#2660,#2661,#165,.T.);
#3302=EDGE_CURVE('',#2661,#2662,#1206,.T.);
#3303=EDGE_CURVE('',#2559,#2662,#166,.T.);
#3304=EDGE_CURVE('',#2663,#2663,#167,.T.);
#3305=EDGE_CURVE('',#2664,#2664,#168,.T.);
#3306=EDGE_CURVE('',#2630,#2657,#1207,.T.);
#3307=EDGE_CURVE('',#2576,#2613,#1208,.T.);
#3308=EDGE_CURVE('',#2577,#2623,#1209,.T.);
#3309=EDGE_CURVE('',#2626,#2592,#1210,.T.);
#3310=EDGE_CURVE('',#2614,#2575,#1211,.T.);
#3311=EDGE_CURVE('',#2665,#2665,#169,.T.);
#3312=EDGE_CURVE('',#2665,#2664,#1212,.T.);
#3313=EDGE_CURVE('',#2666,#2666,#170,.T.);
#3314=EDGE_CURVE('',#2667,#2667,#171,.T.);
#3315=EDGE_CURVE('',#2667,#2663,#1213,.T.);
#3316=EDGE_CURVE('',#2668,#2668,#172,.T.);
#3317=EDGE_CURVE('',#2588,#2666,#1214,.T.);
#3318=EDGE_CURVE('',#2589,#2668,#1215,.T.);
#3319=EDGE_CURVE('',#2669,#2670,#173,.T.);
#3320=EDGE_CURVE('',#2671,#2669,#1216,.T.);
#3321=EDGE_CURVE('',#2672,#2671,#174,.T.);
#3322=EDGE_CURVE('',#2673,#2672,#1217,.T.);
#3323=EDGE_CURVE('',#2674,#2673,#1218,.T.);
#3324=EDGE_CURVE('',#2675,#2674,#1219,.T.);
#3325=EDGE_CURVE('',#2676,#2675,#175,.T.);
#3326=EDGE_CURVE('',#2677,#2676,#1220,.T.);
#3327=EDGE_CURVE('',#2678,#2677,#176,.T.);
#3328=EDGE_CURVE('',#2679,#2678,#1221,.T.);
#3329=EDGE_CURVE('',#2680,#2679,#1222,.T.);
#3330=EDGE_CURVE('',#2670,#2680,#1223,.T.);
#3331=EDGE_CURVE('',#2596,#2672,#1224,.T.);
#3332=EDGE_CURVE('',#2673,#2595,#1225,.T.);
#3333=EDGE_CURVE('',#2671,#2597,#1226,.T.);
#3334=EDGE_CURVE('',#2598,#2669,#1227,.T.);
#3335=EDGE_CURVE('',#2670,#2599,#1228,.T.);
#3336=EDGE_CURVE('',#2600,#2680,#1229,.T.);
#3337=EDGE_CURVE('',#2681,#2634,#1230,.T.);
#3338=EDGE_CURVE('',#2681,#2682,#1231,.T.);
#3339=EDGE_CURVE('',#2635,#2682,#1232,.T.);
#3340=EDGE_CURVE('',#2647,#2683,#1233,.T.);
#3341=EDGE_CURVE('',#2684,#2646,#1234,.T.);
#3342=EDGE_CURVE('',#2684,#2683,#1235,.T.);
#3343=EDGE_CURVE('',#2683,#2563,#39,.T.);
#3344=EDGE_CURVE('',#2645,#2685,#1236,.T.);
#3345=EDGE_CURVE('',#2685,#2684,#40,.T.);
#3346=EDGE_CURVE('',#2610,#2686,#1237,.T.);
#3347=EDGE_CURVE('',#2686,#2687,#1238,.T.);
#3348=EDGE_CURVE('',#2611,#2687,#1239,.T.);
#3349=EDGE_CURVE('',#2609,#2688,#1240,.T.);
#3350=EDGE_CURVE('',#2688,#2686,#177,.T.);
#3351=EDGE_CURVE('',#2608,#2689,#1241,.T.);
#3352=EDGE_CURVE('',#2689,#2688,#1242,.T.);
#3353=EDGE_CURVE('',#2607,#2690,#1243,.T.);
#3354=EDGE_CURVE('',#2690,#2689,#178,.T.);
#3355=EDGE_CURVE('',#2606,#2691,#1244,.T.);
#3356=EDGE_CURVE('',#2691,#2690,#1245,.T.);
#3357=EDGE_CURVE('',#2605,#2692,#1246,.T.);
#3358=EDGE_CURVE('',#2692,#2691,#179,.T.);
#3359=EDGE_CURVE('',#2604,#2693,#1247,.T.);
#3360=EDGE_CURVE('',#2693,#2692,#1248,.T.);
#3361=EDGE_CURVE('',#2603,#2694,#1249,.T.);
#3362=EDGE_CURVE('',#2694,#2693,#180,.T.);
#3363=EDGE_CURVE('',#2687,#2695,#1250,.T.);
#3364=EDGE_CURVE('',#2695,#2612,#1251,.T.);
#3365=EDGE_CURVE('',#2601,#2696,#1252,.T.);
#3366=EDGE_CURVE('',#2697,#2696,#1253,.T.);
#3367=EDGE_CURVE('',#2602,#2697,#1254,.T.);
#3368=EDGE_CURVE('',#2694,#2697,#1255,.T.);
#3369=EDGE_CURVE('',#2696,#2698,#1256,.T.);
#3370=EDGE_CURVE('',#2698,#2699,#181,.T.);
#3371=EDGE_CURVE('',#2699,#2700,#1257,.T.);
#3372=EDGE_CURVE('',#2700,#2701,#182,.T.);
#3373=EDGE_CURVE('',#2701,#2702,#1258,.T.);
#3374=EDGE_CURVE('',#2702,#2703,#183,.T.);
#3375=EDGE_CURVE('',#2703,#2704,#1259,.T.);
#3376=EDGE_CURVE('',#2704,#2705,#184,.T.);
#3377=EDGE_CURVE('',#2705,#2695,#1260,.T.);
#3378=EDGE_CURVE('',#2629,#2658,#1261,.T.);
#3379=EDGE_CURVE('',#2706,#2636,#1262,.T.);
#3380=EDGE_CURVE('',#2706,#2707,#41,.T.);
#3381=EDGE_CURVE('',#2707,#2637,#1263,.T.);
#3382=EDGE_CURVE('',#2652,#2681,#42,.T.);
#3383=EDGE_CURVE('',#2659,#2628,#1264,.T.);
#3384=EDGE_CURVE('',#2651,#2707,#1265,.T.);
#3385=EDGE_CURVE('',#2682,#2706,#43,.T.);
#3386=EDGE_CURVE('',#2685,#2708,#44,.T.);
#3387=EDGE_CURVE('',#2708,#2565,#1266,.T.);
#3388=EDGE_CURVE('',#2644,#2708,#1267,.T.);
#3389=EDGE_CURVE('',#2656,#2638,#1268,.T.);
#3390=EDGE_CURVE('',#2639,#2655,#1269,.T.);
#3391=EDGE_CURVE('',#2654,#2640,#1270,.T.);
#3392=EDGE_CURVE('',#2641,#2662,#1271,.T.);
#3393=EDGE_CURVE('',#2643,#2660,#1272,.T.);
#3394=EDGE_CURVE('',#2661,#2642,#1273,.T.);
#3395=EDGE_CURVE('',#2699,#2585,#1274,.T.);
#3396=EDGE_CURVE('',#2700,#2584,#1275,.T.);
#3397=EDGE_CURVE('',#2586,#2698,#1276,.T.);
#3398=EDGE_CURVE('',#2615,#2587,#1277,.T.);
#3399=EDGE_CURVE('',#2679,#2616,#1278,.T.);
#3400=EDGE_CURVE('',#2619,#2676,#1279,.T.);
#3401=EDGE_CURVE('',#2677,#2618,#1280,.T.);
#3402=EDGE_CURVE('',#2617,#2678,#1281,.T.);
#3403=EDGE_CURVE('',#2701,#2583,#1282,.T.);
#3404=EDGE_CURVE('',#2702,#2582,#1283,.T.);
#3405=EDGE_CURVE('',#2703,#2581,#1284,.T.);
#3406=EDGE_CURVE('',#2704,#2580,#1285,.T.);
#3407=EDGE_CURVE('',#2579,#2705,#1286,.T.);
#3408=EDGE_CURVE('',#2621,#2674,#1287,.T.);
#3409=EDGE_CURVE('',#2578,#2622,#1288,.T.);
#3410=EDGE_CURVE('',#2675,#2620,#1289,.T.);
#3411=EDGE_CURVE('',#2709,#2710,#1290,.T.);
#3412=EDGE_CURVE('',#2710,#2711,#1291,.T.);
#3413=EDGE_CURVE('',#2711,#2712,#1292,.T.);
#3414=EDGE_CURVE('',#2712,#2709,#1293,.T.);
#3415=EDGE_CURVE('',#2713,#2714,#1294,.T.);
#3416=EDGE_CURVE('',#2713,#2709,#1295,.T.);
#3417=EDGE_CURVE('',#2714,#2712,#1296,.T.);
#3418=EDGE_CURVE('',#2714,#2715,#1297,.T.);
#3419=EDGE_CURVE('',#2715,#2711,#1298,.T.);
#3420=EDGE_CURVE('',#2715,#2716,#1299,.T.);
#3421=EDGE_CURVE('',#2716,#2710,#1300,.T.);
#3422=EDGE_CURVE('',#2713,#2716,#1301,.T.);
#3423=EDGE_CURVE('',#2717,#2718,#1302,.T.);
#3424=EDGE_CURVE('',#2718,#2719,#1303,.T.);
#3425=EDGE_CURVE('',#2719,#2720,#1304,.T.);
#3426=EDGE_CURVE('',#2720,#2717,#1305,.T.);
#3427=EDGE_CURVE('',#2721,#2722,#1306,.T.);
#3428=EDGE_CURVE('',#2722,#2717,#1307,.T.);
#3429=EDGE_CURVE('',#2721,#2720,#1308,.T.);
#3430=EDGE_CURVE('',#2721,#2723,#1309,.T.);
#3431=EDGE_CURVE('',#2723,#2719,#1310,.T.);
#3432=EDGE_CURVE('',#2724,#2723,#1311,.T.);
#3433=EDGE_CURVE('',#2724,#2718,#1312,.T.);
#3434=EDGE_CURVE('',#2722,#2724,#1313,.T.);
#3435=EDGE_CURVE('',#2725,#2726,#185,.T.);
#3436=EDGE_CURVE('',#2726,#2727,#1314,.T.);
#3437=EDGE_CURVE('',#2727,#2728,#186,.T.);
#3438=EDGE_CURVE('',#2728,#2725,#1315,.T.);
#3439=EDGE_CURVE('',#2729,#2730,#187,.T.);
#3440=EDGE_CURVE('',#2730,#2731,#1316,.T.);
#3441=EDGE_CURVE('',#2731,#2732,#188,.T.);
#3442=EDGE_CURVE('',#2732,#2729,#1317,.T.);
#3443=EDGE_CURVE('',#2733,#2725,#1318,.T.);
#3444=EDGE_CURVE('',#2734,#2728,#1319,.T.);
#3445=EDGE_CURVE('',#2733,#2734,#1320,.T.);
#3446=EDGE_CURVE('',#2735,#2735,#189,.T.);
#3447=EDGE_CURVE('',#2736,#2736,#190,.T.);
#3448=EDGE_CURVE('',#2737,#2737,#191,.T.);
#3449=EDGE_CURVE('',#2738,#2738,#192,.T.);
#3450=EDGE_CURVE('',#2739,#2739,#193,.T.);
#3451=EDGE_CURVE('',#2740,#2740,#194,.T.);
#3452=EDGE_CURVE('',#2741,#2741,#195,.T.);
#3453=EDGE_CURVE('',#2742,#2733,#196,.T.);
#3454=EDGE_CURVE('',#2734,#2743,#197,.T.);
#3455=EDGE_CURVE('',#2743,#2742,#1321,.T.);
#3456=EDGE_CURVE('',#2744,#2745,#1322,.T.);
#3457=EDGE_CURVE('',#2746,#2744,#1323,.T.);
#3458=EDGE_CURVE('',#2747,#2746,#1324,.T.);
#3459=EDGE_CURVE('',#2747,#2745,#1325,.T.);
#3460=EDGE_CURVE('',#2748,#2749,#1326,.T.);
#3461=EDGE_CURVE('',#2748,#2750,#1327,.T.);
#3462=EDGE_CURVE('',#2751,#2750,#1328,.T.);
#3463=EDGE_CURVE('',#2749,#2751,#1329,.T.);
#3464=EDGE_CURVE('',#2747,#2750,#198,.T.);
#3465=EDGE_CURVE('',#2746,#2751,#199,.T.);
#3466=EDGE_CURVE('',#2752,#2745,#200,.T.);
#3467=EDGE_CURVE('',#2752,#2753,#1330,.T.);
#3468=EDGE_CURVE('',#2753,#2744,#201,.T.);
#3469=EDGE_CURVE('',#2754,#2755,#1331,.T.);
#3470=EDGE_CURVE('',#2756,#2755,#1332,.T.);
#3471=EDGE_CURVE('',#2757,#2756,#1333,.T.);
#3472=EDGE_CURVE('',#2757,#2754,#1334,.T.);
#3473=EDGE_CURVE('',#2758,#2742,#1335,.T.);
#3474=EDGE_CURVE('',#2759,#2743,#1336,.T.);
#3475=EDGE_CURVE('',#2758,#2759,#1337,.T.);
#3476=EDGE_CURVE('',#2760,#2761,#1338,.T.);
#3477=EDGE_CURVE('',#2761,#2762,#1339,.T.);
#3478=EDGE_CURVE('',#2763,#2762,#202,.T.);
#3479=EDGE_CURVE('',#2763,#2764,#1340,.T.);
#3480=EDGE_CURVE('',#2765,#2764,#203,.T.);
#3481=EDGE_CURVE('',#2765,#2766,#1341,.T.);
#3482=EDGE_CURVE('',#2760,#2766,#204,.T.);
#3483=EDGE_CURVE('',#2767,#2768,#1342,.T.);
#3484=EDGE_CURVE('',#2769,#2768,#1343,.T.);
#3485=EDGE_CURVE('',#2770,#2769,#1344,.T.);
#3486=EDGE_CURVE('',#2770,#2771,#1345,.T.);
#3487=EDGE_CURVE('',#2771,#2772,#1346,.T.);
#3488=EDGE_CURVE('',#2773,#2772,#1347,.T.);
#3489=EDGE_CURVE('',#2774,#2773,#1348,.T.);
#3490=EDGE_CURVE('',#2767,#2774,#1349,.T.);
#3491=EDGE_CURVE('',#2775,#2771,#205,.T.);
#3492=EDGE_CURVE('',#2776,#2770,#206,.T.);
#3493=EDGE_CURVE('',#2776,#2775,#1350,.T.);
#3494=EDGE_CURVE('',#2772,#2777,#207,.T.);
#3495=EDGE_CURVE('',#2778,#2777,#1351,.T.);
#3496=EDGE_CURVE('',#2773,#2778,#45,.T.);
#3497=EDGE_CURVE('',#2779,#2780,#1352,.T.);
#3498=EDGE_CURVE('',#2779,#2774,#46,.T.);
#3499=EDGE_CURVE('',#2781,#2778,#47,.T.);
#3500=EDGE_CURVE('',#2782,#2781,#1353,.T.);
#3501=EDGE_CURVE('',#2780,#2782,#1354,.T.);
#3502=EDGE_CURVE('',#2783,#2784,#48,.T.);
#3503=EDGE_CURVE('',#2783,#2785,#49,.T.);
#3504=EDGE_CURVE('',#2785,#2786,#1355,.T.);
#3505=EDGE_CURVE('',#2787,#2786,#50,.T.);
#3506=EDGE_CURVE('',#2784,#2787,#1356,.T.);
#3507=EDGE_CURVE('',#2788,#2789,#14,.T.);
#3508=EDGE_CURVE('',#2789,#2790,#208,.T.);
#3509=EDGE_CURVE('',#2790,#2791,#209,.T.);
#3510=EDGE_CURVE('',#2792,#2791,#210,.T.);
#3511=EDGE_CURVE('',#2792,#2793,#15,.T.);
#3512=EDGE_CURVE('',#2793,#2788,#16,.T.);
#3513=EDGE_CURVE('',#2794,#2795,#211,.T.);
#3514=EDGE_CURVE('',#2794,#2796,#212,.T.);
#3515=EDGE_CURVE('',#2796,#2797,#213,.T.);
#3516=EDGE_CURVE('',#2797,#2795,#214,.T.);
#3517=EDGE_CURVE('',#2791,#2794,#1357,.T.);
#3518=EDGE_CURVE('',#2796,#2790,#1358,.T.);
#3519=EDGE_CURVE('',#2798,#2799,#215,.T.);
#3520=EDGE_CURVE('',#2798,#2800,#216,.T.);
#3521=EDGE_CURVE('',#2800,#2801,#217,.T.);
#3522=EDGE_CURVE('',#2799,#2801,#218,.T.);
#3523=EDGE_CURVE('',#2802,#2803,#1359,.T.);
#3524=EDGE_CURVE('',#2803,#2804,#1360,.T.);
#3525=EDGE_CURVE('',#2804,#2805,#219,.T.);
#3526=EDGE_CURVE('',#2805,#2776,#1361,.T.);
#3527=EDGE_CURVE('',#2769,#2802,#1362,.T.);
#3528=EDGE_CURVE('',#2806,#2806,#220,.T.);
#3529=EDGE_CURVE('',#2806,#2735,#1363,.T.);
#3530=EDGE_CURVE('',#2807,#2807,#221,.T.);
#3531=EDGE_CURVE('',#2807,#2736,#1364,.T.);
#3532=EDGE_CURVE('',#2808,#2808,#222,.T.);
#3533=EDGE_CURVE('',#2808,#2737,#1365,.T.);
#3534=EDGE_CURVE('',#2809,#2809,#223,.T.);
#3535=EDGE_CURVE('',#2809,#2738,#1366,.T.);
#3536=EDGE_CURVE('',#2810,#2810,#224,.T.);
#3537=EDGE_CURVE('',#2810,#2739,#1367,.T.);
#3538=EDGE_CURVE('',#2811,#2811,#225,.T.);
#3539=EDGE_CURVE('',#2811,#2740,#1368,.T.);
#3540=EDGE_CURVE('',#2812,#2812,#226,.T.);
#3541=EDGE_CURVE('',#2812,#2741,#1369,.T.);
#3542=EDGE_CURVE('',#2813,#2814,#227,.T.);
#3543=EDGE_CURVE('',#2815,#2814,#1370,.T.);
#3544=EDGE_CURVE('',#2815,#2816,#228,.T.);
#3545=EDGE_CURVE('',#2816,#2813,#1371,.T.);
#3546=EDGE_CURVE('',#2726,#2813,#1372,.T.);
#3547=EDGE_CURVE('',#2727,#2816,#1373,.T.);
#3548=EDGE_CURVE('',#2817,#2818,#1374,.T.);
#3549=EDGE_CURVE('',#2818,#2819,#1375,.T.);
#3550=EDGE_CURVE('',#2819,#2820,#1376,.T.);
#3551=EDGE_CURVE('',#2820,#2817,#1377,.T.);
#3552=EDGE_CURVE('',#2821,#2822,#1378,.T.);
#3553=EDGE_CURVE('',#2823,#2822,#229,.T.);
#3554=EDGE_CURVE('',#2823,#2824,#1379,.T.);
#3555=EDGE_CURVE('',#2825,#2824,#230,.T.);
#3556=EDGE_CURVE('',#2825,#2826,#1380,.T.);
#3557=EDGE_CURVE('',#2827,#2826,#231,.T.);
#3558=EDGE_CURVE('',#2827,#2828,#1381,.T.);
#3559=EDGE_CURVE('',#2821,#2828,#232,.T.);
#3560=EDGE_CURVE('',#2829,#2830,#233,.T.);
#3561=EDGE_CURVE('',#2831,#2830,#1382,.T.);
#3562=EDGE_CURVE('',#2831,#2832,#234,.T.);
#3563=EDGE_CURVE('',#2829,#2832,#1383,.T.);
#3564=EDGE_CURVE('',#2833,#2829,#1384,.T.);
#3565=EDGE_CURVE('',#2832,#2834,#1385,.T.);
#3566=EDGE_CURVE('',#2834,#2833,#1386,.T.);
#3567=EDGE_CURVE('',#2835,#2833,#235,.T.);
#3568=EDGE_CURVE('',#2834,#2836,#236,.T.);
#3569=EDGE_CURVE('',#2836,#2835,#1387,.T.);
#3570=EDGE_CURVE('',#2837,#2838,#237,.T.);
#3571=EDGE_CURVE('',#2838,#2839,#1388,.T.);
#3572=EDGE_CURVE('',#2839,#2840,#238,.T.);
#3573=EDGE_CURVE('',#2840,#2837,#1389,.T.);
#3574=EDGE_CURVE('',#2841,#2842,#239,.T.);
#3575=EDGE_CURVE('',#2843,#2842,#1390,.T.);
#3576=EDGE_CURVE('',#2844,#2843,#1391,.T.);
#3577=EDGE_CURVE('',#2844,#2845,#240,.T.);
#3578=EDGE_CURVE('',#2845,#2841,#1392,.T.);
#3579=EDGE_CURVE('',#2846,#2847,#1393,.T.);
#3580=EDGE_CURVE('',#2786,#2847,#1394,.T.);
#3581=EDGE_CURVE('',#2848,#2785,#1395,.T.);
#3582=EDGE_CURVE('',#2848,#2841,#1396,.T.);
#3583=EDGE_CURVE('',#2845,#2849,#1397,.T.);
#3584=EDGE_CURVE('',#2849,#2846,#1398,.T.);
#3585=EDGE_CURVE('',#2850,#2848,#241,.T.);
#3586=EDGE_CURVE('',#2783,#2850,#1399,.T.);
#3587=EDGE_CURVE('',#2784,#2851,#1400,.T.);
#3588=EDGE_CURVE('',#2851,#2852,#1401,.T.);
#3589=EDGE_CURVE('',#2852,#2850,#1402,.T.);
#3590=EDGE_CURVE('',#2853,#2854,#1403,.T.);
#3591=EDGE_CURVE('',#2756,#2854,#1404,.T.);
#3592=EDGE_CURVE('',#2755,#2853,#1405,.T.);
#3593=EDGE_CURVE('',#2855,#2758,#242,.T.);
#3594=EDGE_CURVE('',#2759,#2856,#243,.T.);
#3595=EDGE_CURVE('',#2856,#2855,#1406,.T.);
#3596=EDGE_CURVE('',#2857,#2858,#1407,.T.);
#3597=EDGE_CURVE('',#2858,#2855,#1408,.T.);
#3598=EDGE_CURVE('',#2859,#2856,#1409,.T.);
#3599=EDGE_CURVE('',#2859,#2860,#1410,.T.);
#3600=EDGE_CURVE('',#2860,#2861,#1411,.T.);
#3601=EDGE_CURVE('',#2862,#2861,#1412,.T.);
#3602=EDGE_CURVE('',#2862,#2863,#1413,.T.);
#3603=EDGE_CURVE('',#2779,#2863,#1414,.T.);
#3604=EDGE_CURVE('',#2864,#2781,#1415,.T.);
#3605=EDGE_CURVE('',#2864,#2865,#1416,.T.);
#3606=EDGE_CURVE('',#2865,#2866,#1417,.T.);
#3607=EDGE_CURVE('',#2866,#2857,#1418,.T.);
#3608=EDGE_CURVE('',#2814,#2867,#1419,.T.);
#3609=EDGE_CURVE('',#2867,#2868,#1420,.T.);
#3610=EDGE_CURVE('',#2868,#2869,#1421,.T.);
#3611=EDGE_CURVE('',#2869,#2870,#1422,.T.);
#3612=EDGE_CURVE('',#2870,#2851,#1423,.T.);
#3613=EDGE_CURVE('',#2871,#2787,#1424,.T.);
#3614=EDGE_CURVE('',#2871,#2872,#1425,.T.);
#3615=EDGE_CURVE('',#2872,#2873,#1426,.T.);
#3616=EDGE_CURVE('',#2873,#2754,#1427,.T.);
#3617=EDGE_CURVE('',#2815,#2757,#1428,.T.);
#3618=EDGE_CURVE('',#2874,#2875,#1429,.T.);
#3619=EDGE_CURVE('',#2874,#2876,#244,.T.);
#3620=EDGE_CURVE('',#2876,#2877,#1430,.T.);
#3621=EDGE_CURVE('',#2877,#2878,#245,.T.);
#3622=EDGE_CURVE('',#2878,#2879,#1431,.T.);
#3623=EDGE_CURVE('',#2879,#2880,#246,.T.);
#3624=EDGE_CURVE('',#2880,#2881,#1432,.T.);
#3625=EDGE_CURVE('',#2881,#2882,#247,.T.);
#3626=EDGE_CURVE('',#2882,#2883,#1433,.T.);
#3627=EDGE_CURVE('',#2883,#2867,#1434,.T.);
#3628=EDGE_CURVE('',#2875,#2858,#1435,.T.);
#3629=EDGE_CURVE('',#2884,#2885,#1436,.T.);
#3630=EDGE_CURVE('',#2884,#2874,#1437,.T.);
#3631=EDGE_CURVE('',#2885,#2875,#1438,.T.);
#3632=EDGE_CURVE('',#2885,#2857,#1439,.T.);
#3633=EDGE_CURVE('',#2868,#2886,#1440,.T.);
#3634=EDGE_CURVE('',#2886,#2883,#1441,.T.);
#3635=EDGE_CURVE('',#2887,#2884,#248,.T.);
#3636=EDGE_CURVE('',#2887,#2876,#1442,.T.);
#3637=EDGE_CURVE('',#2888,#2887,#1443,.T.);
#3638=EDGE_CURVE('',#2888,#2877,#1444,.T.);
#3639=EDGE_CURVE('',#2889,#2888,#249,.T.);
#3640=EDGE_CURVE('',#2889,#2878,#1445,.T.);
#3641=EDGE_CURVE('',#2890,#2889,#1446,.T.);
#3642=EDGE_CURVE('',#2890,#2879,#1447,.T.);
#3643=EDGE_CURVE('',#2891,#2890,#250,.T.);
#3644=EDGE_CURVE('',#2891,#2880,#1448,.T.);
#3645=EDGE_CURVE('',#2892,#2891,#1449,.T.);
#3646=EDGE_CURVE('',#2892,#2881,#1450,.T.);
#3647=EDGE_CURVE('',#2893,#2892,#251,.T.);
#3648=EDGE_CURVE('',#2893,#2882,#1451,.T.);
#3649=EDGE_CURVE('',#2886,#2893,#1452,.T.);
#3650=EDGE_CURVE('',#2894,#2895,#252,.T.);
#3651=EDGE_CURVE('',#2895,#2896,#1453,.T.);
#3652=EDGE_CURVE('',#2896,#2897,#253,.T.);
#3653=EDGE_CURVE('',#2897,#2894,#1454,.T.);
#3654=EDGE_CURVE('',#2865,#2894,#1455,.T.);
#3655=EDGE_CURVE('',#2897,#2866,#1456,.T.);
#3656=EDGE_CURVE('',#2898,#2871,#1457,.T.);
#3657=EDGE_CURVE('',#2847,#2898,#254,.T.);
#3658=EDGE_CURVE('',#2899,#2870,#1458,.T.);
#3659=EDGE_CURVE('',#2869,#2900,#1459,.T.);
#3660=EDGE_CURVE('',#2899,#2900,#1460,.T.);
#3661=EDGE_CURVE('',#2901,#2899,#255,.T.);
#3662=EDGE_CURVE('',#2900,#2902,#256,.T.);
#3663=EDGE_CURVE('',#2902,#2901,#1461,.T.);
#3664=EDGE_CURVE('',#2895,#2901,#1462,.T.);
#3665=EDGE_CURVE('',#2902,#2896,#1463,.T.);
#3666=EDGE_CURVE('',#2863,#2903,#1464,.T.);
#3667=EDGE_CURVE('',#2903,#2904,#1465,.T.);
#3668=EDGE_CURVE('',#2904,#2864,#1466,.T.);
#3669=EDGE_CURVE('',#2905,#2864,#1467,.T.);
#3670=EDGE_CURVE('',#2906,#2905,#1468,.T.);
#3671=EDGE_CURVE('',#2863,#2906,#1469,.T.);
#3672=EDGE_CURVE('',#2906,#2767,#257,.T.);
#3673=EDGE_CURVE('',#2777,#2905,#1470,.T.);
#3674=EDGE_CURVE('',#2907,#2862,#1471,.T.);
#3675=EDGE_CURVE('',#2861,#2908,#1472,.T.);
#3676=EDGE_CURVE('',#2907,#2908,#1473,.T.);
#3677=EDGE_CURVE('',#2909,#2907,#258,.T.);
#3678=EDGE_CURVE('',#2908,#2910,#259,.T.);
#3679=EDGE_CURVE('',#2910,#2909,#1474,.T.);
#3680=EDGE_CURVE('',#2911,#2909,#1475,.T.);
#3681=EDGE_CURVE('',#2910,#2912,#1476,.T.);
#3682=EDGE_CURVE('',#2911,#2912,#1477,.T.);
#3683=EDGE_CURVE('',#2913,#2911,#260,.T.);
#3684=EDGE_CURVE('',#2912,#2914,#261,.T.);
#3685=EDGE_CURVE('',#2914,#2913,#1478,.T.);
#3686=EDGE_CURVE('',#2872,#2913,#1479,.T.);
#3687=EDGE_CURVE('',#2914,#2873,#1480,.T.);
#3688=EDGE_CURVE('',#2851,#2871,#1481,.T.);
#3689=EDGE_CURVE('',#2852,#2898,#1482,.T.);
#3690=EDGE_CURVE('',#2915,#2916,#1483,.T.);
#3691=EDGE_CURVE('',#2917,#2916,#1484,.T.);
#3692=EDGE_CURVE('',#2917,#2775,#1485,.T.);
#3693=EDGE_CURVE('',#2918,#2805,#17,.T.);
#3694=EDGE_CURVE('',#2919,#2918,#18,.T.);
#3695=EDGE_CURVE('',#2919,#2920,#1486,.T.);
#3696=EDGE_CURVE('',#2920,#2915,#1487,.T.);
#3697=EDGE_CURVE('',#2838,#2921,#1488,.T.);
#3698=EDGE_CURVE('',#2921,#2922,#1489,.T.);
#3699=EDGE_CURVE('',#2922,#2839,#1490,.T.);
#3700=EDGE_CURVE('',#2837,#2730,#1491,.T.);
#3701=EDGE_CURVE('',#2921,#2729,#1492,.T.);
#3702=EDGE_CURVE('',#2922,#2732,#1493,.T.);
#3703=EDGE_CURVE('',#2840,#2731,#1494,.T.);
#3704=EDGE_CURVE('',#2923,#2924,#1495,.T.);
#3705=EDGE_CURVE('',#2924,#2917,#1496,.T.);
#3706=EDGE_CURVE('',#2916,#2923,#1497,.T.);
#3707=EDGE_CURVE('',#2924,#2925,#1498,.T.);
#3708=EDGE_CURVE('',#2926,#2923,#1499,.T.);
#3709=EDGE_CURVE('',#2926,#2925,#1500,.T.);
#3710=EDGE_CURVE('',#2927,#2928,#1501,.T.);
#3711=EDGE_CURVE('',#2928,#2929,#1502,.T.);
#3712=EDGE_CURVE('',#2929,#2930,#1503,.T.);
#3713=EDGE_CURVE('',#2930,#2844,#1504,.T.);
#3714=EDGE_CURVE('',#2843,#2931,#1505,.T.);
#3715=EDGE_CURVE('',#2931,#2932,#1506,.T.);
#3716=EDGE_CURVE('',#2932,#2835,#1507,.T.);
#3717=EDGE_CURVE('',#2836,#2933,#1508,.T.);
#3718=EDGE_CURVE('',#2933,#2934,#1509,.T.);
#3719=EDGE_CURVE('',#2934,#2935,#1510,.T.);
#3720=EDGE_CURVE('',#2935,#2936,#1511,.T.);
#3721=EDGE_CURVE('',#2936,#2927,#1512,.T.);
#3722=EDGE_CURVE('',#2937,#2938,#1513,.T.);
#3723=EDGE_CURVE('',#2938,#2939,#1514,.T.);
#3724=EDGE_CURVE('',#2939,#2940,#1515,.T.);
#3725=EDGE_CURVE('',#2940,#2937,#1516,.T.);
#3726=EDGE_CURVE('',#2931,#2938,#1517,.T.);
#3727=EDGE_CURVE('',#2932,#2937,#1518,.T.);
#3728=EDGE_CURVE('',#2843,#2939,#1519,.T.);
#3729=EDGE_CURVE('',#2941,#2941,#262,.T.);
#3730=EDGE_CURVE('',#2842,#2940,#1520,.T.);
#3731=EDGE_CURVE('',#2942,#2942,#263,.T.);
#3732=EDGE_CURVE('',#2942,#2943,#1521,.T.);
#3733=EDGE_CURVE('',#2943,#2943,#264,.T.);
#3734=EDGE_CURVE('',#2944,#2944,#265,.T.);
#3735=EDGE_CURVE('',#2944,#2941,#1522,.T.);
#3736=EDGE_CURVE('',#2945,#2853,#1523,.T.);
#3737=EDGE_CURVE('',#2946,#2945,#1524,.T.);
#3738=EDGE_CURVE('',#2854,#2946,#1525,.T.);
#3739=EDGE_CURVE('',#2947,#2802,#1526,.T.);
#3740=EDGE_CURVE('',#2768,#2947,#1527,.T.);
#3741=EDGE_CURVE('',#2945,#2860,#1528,.T.);
#3742=EDGE_CURVE('',#2946,#2859,#1529,.T.);
#3743=EDGE_CURVE('',#2948,#2949,#1530,.T.);
#3744=EDGE_CURVE('',#2949,#2846,#1531,.T.);
#3745=EDGE_CURVE('',#2948,#2849,#1532,.T.);
#3746=EDGE_CURVE('',#2930,#2950,#1533,.T.);
#3747=EDGE_CURVE('',#2950,#2799,#1534,.T.);
#3748=EDGE_CURVE('',#2801,#2951,#1535,.T.);
#3749=EDGE_CURVE('',#2951,#2948,#1536,.T.);
#3750=EDGE_CURVE('',#2952,#2953,#1537,.T.);
#3751=EDGE_CURVE('',#2953,#2954,#1538,.T.);
#3752=EDGE_CURVE('',#2954,#2949,#1539,.T.);
#3753=EDGE_CURVE('',#2955,#2951,#266,.T.);
#3754=EDGE_CURVE('',#2955,#2956,#1540,.T.);
#3755=EDGE_CURVE('',#2956,#2957,#1541,.T.);
#3756=EDGE_CURVE('',#2957,#2952,#1542,.T.);
#3757=EDGE_CURVE('',#2953,#2958,#1543,.T.);
#3758=EDGE_CURVE('',#2959,#2958,#1544,.T.);
#3759=EDGE_CURVE('',#2954,#2959,#1545,.T.);
#3760=EDGE_CURVE('',#2960,#2961,#1546,.T.);
#3761=EDGE_CURVE('',#2962,#2961,#1547,.T.);
#3762=EDGE_CURVE('',#2962,#2963,#1548,.T.);
#3763=EDGE_CURVE('',#2960,#2963,#1549,.T.);
#3764=EDGE_CURVE('',#2964,#2960,#1550,.T.);
#3765=EDGE_CURVE('',#2965,#2963,#1551,.T.);
#3766=EDGE_CURVE('',#2964,#2965,#1552,.T.);
#3767=EDGE_CURVE('',#2961,#2964,#1553,.T.);
#3768=EDGE_CURVE('',#2962,#2965,#1554,.T.);
#3769=EDGE_CURVE('',#2966,#2967,#1555,.T.);
#3770=EDGE_CURVE('',#2968,#2967,#1556,.T.);
#3771=EDGE_CURVE('',#2969,#2968,#1557,.T.);
#3772=EDGE_CURVE('',#2966,#2969,#1558,.T.);
#3773=EDGE_CURVE('',#2967,#2970,#1559,.T.);
#3774=EDGE_CURVE('',#2971,#2970,#1560,.T.);
#3775=EDGE_CURVE('',#2971,#2968,#51,.T.);
#3776=EDGE_CURVE('',#2970,#2972,#267,.T.);
#3777=EDGE_CURVE('',#2971,#2972,#19,.T.);
#3778=EDGE_CURVE('',#2958,#2973,#1561,.T.);
#3779=EDGE_CURVE('',#2973,#2974,#1562,.T.);
#3780=EDGE_CURVE('',#2974,#2966,#1563,.T.);
#3781=EDGE_CURVE('',#2803,#2969,#268,.T.);
#3782=EDGE_CURVE('',#2947,#2959,#1564,.T.);
#3783=EDGE_CURVE('',#2975,#2956,#1565,.T.);
#3784=EDGE_CURVE('',#2976,#2955,#1566,.T.);
#3785=EDGE_CURVE('',#2975,#2976,#1567,.T.);
#3786=EDGE_CURVE('',#2977,#2975,#1568,.T.);
#3787=EDGE_CURVE('',#2976,#2978,#52,.T.);
#3788=EDGE_CURVE('',#2978,#2977,#1569,.T.);
#3789=EDGE_CURVE('',#2979,#2977,#269,.T.);
#3790=EDGE_CURVE('',#2979,#2978,#20,.T.);
#3791=EDGE_CURVE('',#2980,#2981,#1570,.T.);
#3792=EDGE_CURVE('',#2982,#2981,#1571,.T.);
#3793=EDGE_CURVE('',#2983,#2982,#1572,.T.);
#3794=EDGE_CURVE('',#2983,#2980,#1573,.T.);
#3795=EDGE_CURVE('',#2981,#2984,#1574,.T.);
#3796=EDGE_CURVE('',#2985,#2984,#1575,.T.);
#3797=EDGE_CURVE('',#2982,#2985,#1576,.T.);
#3798=EDGE_CURVE('',#2984,#2980,#1577,.T.);
#3799=EDGE_CURVE('',#2985,#2983,#1578,.T.);
#3800=EDGE_CURVE('',#2974,#2957,#1579,.T.);
#3801=EDGE_CURVE('',#2952,#2973,#1580,.T.);
#3802=EDGE_CURVE('',#2986,#2987,#1581,.T.);
#3803=EDGE_CURVE('',#2987,#2761,#1582,.T.);
#3804=EDGE_CURVE('',#2986,#2760,#1583,.T.);
#3805=EDGE_CURVE('',#2988,#2986,#270,.T.);
#3806=EDGE_CURVE('',#2766,#2988,#1584,.T.);
#3807=EDGE_CURVE('',#2989,#2990,#1585,.T.);
#3808=EDGE_CURVE('',#2991,#2989,#1586,.T.);
#3809=EDGE_CURVE('',#2992,#2991,#1587,.T.);
#3810=EDGE_CURVE('',#2992,#2990,#1588,.T.);
#3811=EDGE_CURVE('',#2993,#2989,#1589,.T.);
#3812=EDGE_CURVE('',#2994,#2993,#1590,.T.);
#3813=EDGE_CURVE('',#2991,#2994,#1591,.T.);
#3814=EDGE_CURVE('',#2995,#2993,#1592,.T.);
#3815=EDGE_CURVE('',#2996,#2995,#1593,.T.);
#3816=EDGE_CURVE('',#2994,#2996,#1594,.T.);
#3817=EDGE_CURVE('',#2990,#2995,#1595,.T.);
#3818=EDGE_CURVE('',#2996,#2992,#1596,.T.);
#3819=EDGE_CURVE('',#2997,#2998,#1597,.T.);
#3820=EDGE_CURVE('',#2999,#2998,#1598,.T.);
#3821=EDGE_CURVE('',#3000,#2999,#1599,.T.);
#3822=EDGE_CURVE('',#2997,#3000,#1600,.T.);
#3823=EDGE_CURVE('',#3001,#3002,#1601,.T.);
#3824=EDGE_CURVE('',#3003,#3002,#1602,.T.);
#3825=EDGE_CURVE('',#3004,#3003,#1603,.T.);
#3826=EDGE_CURVE('',#3004,#3001,#1604,.T.);
#3827=EDGE_CURVE('',#2915,#2926,#1605,.T.);
#3828=EDGE_CURVE('',#3005,#2919,#21,.T.);
#3829=EDGE_CURVE('',#3006,#2804,#271,.T.);
#3830=EDGE_CURVE('',#3006,#3005,#272,.T.);
#3831=EDGE_CURVE('',#3007,#3008,#1606,.T.);
#3832=EDGE_CURVE('',#3009,#3008,#1607,.T.);
#3833=EDGE_CURVE('',#3010,#3009,#1608,.T.);
#3834=EDGE_CURVE('',#3010,#3007,#1609,.T.);
#3835=EDGE_CURVE('',#3008,#3011,#1610,.T.);
#3836=EDGE_CURVE('',#3012,#3011,#1611,.T.);
#3837=EDGE_CURVE('',#3009,#3012,#1612,.T.);
#3838=EDGE_CURVE('',#3002,#3013,#1613,.T.);
#3839=EDGE_CURVE('',#3014,#3013,#1614,.T.);
#3840=EDGE_CURVE('',#3003,#3014,#1615,.T.);
#3841=EDGE_CURVE('',#3015,#3016,#1616,.T.);
#3842=EDGE_CURVE('',#2987,#3015,#1617,.T.);
#3843=EDGE_CURVE('',#3016,#2988,#1618,.T.);
#3844=EDGE_CURVE('',#3017,#3018,#1619,.T.);
#3845=EDGE_CURVE('',#3018,#3019,#1620,.T.);
#3846=EDGE_CURVE('',#3016,#3019,#273,.F.);
#3847=EDGE_CURVE('',#3017,#2765,#1621,.T.);
#3848=EDGE_CURVE('',#3020,#3021,#1622,.T.);
#3849=EDGE_CURVE('',#2762,#3021,#1623,.T.);
#3850=EDGE_CURVE('',#3022,#3015,#274,.F.);
#3851=EDGE_CURVE('',#3022,#3020,#1624,.T.);
#3852=EDGE_CURVE('',#3023,#2789,#1625,.T.);
#3853=EDGE_CURVE('',#2788,#3023,#1626,.T.);
#3854=EDGE_CURVE('',#3024,#3025,#1627,.T.);
#3855=EDGE_CURVE('',#3025,#3023,#1628,.T.);
#3856=EDGE_CURVE('',#2831,#2792,#1629,.T.);
#3857=EDGE_CURVE('',#2830,#3024,#1630,.T.);
#3858=EDGE_CURVE('',#3026,#3024,#1631,.T.);
#3859=EDGE_CURVE('',#3027,#3026,#1632,.T.);
#3860=EDGE_CURVE('',#3025,#3027,#1633,.T.);
#3861=EDGE_CURVE('',#3028,#3029,#1634,.T.);
#3862=EDGE_CURVE('',#3029,#3030,#1635,.T.);
#3863=EDGE_CURVE('',#3031,#3030,#1636,.T.);
#3864=EDGE_CURVE('',#3028,#3031,#1637,.T.);
#3865=EDGE_CURVE('',#3018,#3020,#1638,.T.);
#3866=EDGE_CURVE('',#3019,#3022,#1639,.T.);
#3867=EDGE_CURVE('',#3032,#2933,#1640,.T.);
#3868=EDGE_CURVE('',#2795,#3032,#1641,.T.);
#3869=EDGE_CURVE('',#2950,#3033,#275,.T.);
#3870=EDGE_CURVE('',#2798,#3033,#1642,.T.);
#3871=EDGE_CURVE('',#3034,#3032,#276,.T.);
#3872=EDGE_CURVE('',#3034,#2797,#1643,.T.);
#3873=EDGE_CURVE('',#3035,#3036,#1644,.T.);
#3874=EDGE_CURVE('',#3035,#3037,#1645,.T.);
#3875=EDGE_CURVE('',#3037,#3038,#1646,.T.);
#3876=EDGE_CURVE('',#3038,#3036,#1647,.T.);
#3877=EDGE_CURVE('',#3039,#3040,#1648,.T.);
#3878=EDGE_CURVE('',#3041,#3040,#1649,.T.);
#3879=EDGE_CURVE('',#3041,#3042,#1650,.T.);
#3880=EDGE_CURVE('',#3039,#3042,#1651,.T.);
#3881=EDGE_CURVE('',#3030,#3043,#1652,.T.);
#3882=EDGE_CURVE('',#3043,#3044,#1653,.T.);
#3883=EDGE_CURVE('',#3044,#3031,#1654,.T.);
#3884=EDGE_CURVE('',#3036,#3034,#1655,.T.);
#3885=EDGE_CURVE('',#2934,#3038,#1656,.T.);
#3886=EDGE_CURVE('',#3033,#3035,#1657,.T.);
#3887=EDGE_CURVE('',#2929,#3037,#1658,.T.);
#3888=EDGE_CURVE('',#3045,#3028,#1659,.T.);
#3889=EDGE_CURVE('',#3045,#3044,#1660,.T.);
#3890=EDGE_CURVE('',#3046,#2823,#1661,.T.);
#3891=EDGE_CURVE('',#3046,#3047,#1662,.T.);
#3892=EDGE_CURVE('',#2824,#3047,#1663,.T.);
#3893=EDGE_CURVE('',#2828,#3048,#1664,.T.);
#3894=EDGE_CURVE('',#3049,#2827,#1665,.T.);
#3895=EDGE_CURVE('',#3049,#3048,#1666,.T.);
#3896=EDGE_CURVE('',#3050,#3045,#1667,.T.);
#3897=EDGE_CURVE('',#3050,#3043,#1668,.T.);
#3898=EDGE_CURVE('',#3029,#3050,#1669,.T.);
#3899=EDGE_CURVE('',#3051,#3047,#277,.T.);
#3900=EDGE_CURVE('',#3051,#2825,#1670,.T.);
#3901=EDGE_CURVE('',#2826,#3052,#1671,.T.);
#3902=EDGE_CURVE('',#3051,#3052,#1672,.T.);
#3903=EDGE_CURVE('',#3049,#3052,#278,.T.);
#3904=EDGE_CURVE('',#3053,#3048,#279,.T.);
#3905=EDGE_CURVE('',#3053,#2821,#1673,.T.);
#3906=EDGE_CURVE('',#2822,#3054,#1674,.T.);
#3907=EDGE_CURVE('',#3053,#3054,#1675,.T.);
#3908=EDGE_CURVE('',#3046,#3054,#280,.T.);
#3909=EDGE_CURVE('',#3055,#3056,#1676,.T.);
#3910=EDGE_CURVE('',#3057,#3055,#1677,.T.);
#3911=EDGE_CURVE('',#3058,#3057,#1678,.T.);
#3912=EDGE_CURVE('',#3056,#3058,#1679,.T.);
#3913=EDGE_CURVE('',#3056,#3040,#1680,.T.);
#3914=EDGE_CURVE('',#3039,#3055,#1681,.T.);
#3915=EDGE_CURVE('',#3057,#3042,#1682,.T.);
#3916=EDGE_CURVE('',#3041,#3058,#1683,.T.);
#3917=EDGE_CURVE('',#2998,#3059,#281,.T.);
#3918=EDGE_CURVE('',#3059,#2763,#1684,.T.);
#3919=EDGE_CURVE('',#3021,#2999,#282,.T.);
#3920=EDGE_CURVE('',#3000,#3017,#283,.T.);
#3921=EDGE_CURVE('',#3012,#3060,#1685,.T.);
#3922=EDGE_CURVE('',#3060,#3010,#1686,.T.);
#3923=EDGE_CURVE('',#3014,#3061,#1687,.T.);
#3924=EDGE_CURVE('',#3061,#3004,#1688,.T.);
#3925=EDGE_CURVE('',#3062,#3063,#1689,.T.);
#3926=EDGE_CURVE('',#3063,#3027,#1690,.T.);
#3927=EDGE_CURVE('',#3062,#3026,#1691,.T.);
#3928=EDGE_CURVE('',#3064,#2997,#284,.T.);
#3929=EDGE_CURVE('',#2764,#3064,#1692,.T.);
#3930=EDGE_CURVE('',#3059,#3064,#1693,.T.);
#3931=EDGE_CURVE('',#3065,#3001,#1694,.T.);
#3932=EDGE_CURVE('',#3061,#3065,#1695,.T.);
#3933=EDGE_CURVE('',#3013,#3065,#1696,.T.);
#3934=EDGE_CURVE('',#3066,#3007,#1697,.T.);
#3935=EDGE_CURVE('',#3066,#3060,#1698,.T.);
#3936=EDGE_CURVE('',#3011,#3066,#1699,.T.);
#3937=EDGE_CURVE('',#2925,#3062,#1700,.T.);
#3938=EDGE_CURVE('',#3067,#2920,#22,.T.);
#3939=EDGE_CURVE('',#3063,#3067,#1701,.T.);
#3940=EDGE_CURVE('',#3005,#3067,#1702,.T.);
#3941=EDGE_CURVE('',#3068,#3069,#1703,.T.);
#3942=EDGE_CURVE('',#3069,#3070,#1704,.T.);
#3943=EDGE_CURVE('',#3070,#3071,#1705,.T.);
#3944=EDGE_CURVE('',#3071,#3068,#1706,.T.);
#3945=EDGE_CURVE('',#3072,#3073,#1707,.T.);
#3946=EDGE_CURVE('',#3072,#3069,#1708,.T.);
#3947=EDGE_CURVE('',#3073,#3068,#1709,.T.);
#3948=EDGE_CURVE('',#3074,#3072,#1710,.T.);
#3949=EDGE_CURVE('',#3074,#3070,#1711,.T.);
#3950=EDGE_CURVE('',#3075,#3074,#1712,.T.);
#3951=EDGE_CURVE('',#3075,#3071,#1713,.T.);
#3952=EDGE_CURVE('',#3073,#3075,#1714,.T.);
#3953=EDGE_CURVE('',#3076,#3077,#285,.T.);
#3954=EDGE_CURVE('',#3077,#3078,#286,.T.);
#3955=EDGE_CURVE('',#3078,#2972,#1715,.T.);
#3956=EDGE_CURVE('',#2979,#3079,#1716,.T.);
#3957=EDGE_CURVE('',#3079,#3080,#287,.T.);
#3958=EDGE_CURVE('',#3080,#3081,#288,.T.);
#3959=EDGE_CURVE('',#3081,#2800,#1717,.T.);
#3960=EDGE_CURVE('',#3006,#3076,#1718,.T.);
#3961=EDGE_CURVE('',#3082,#3082,#289,.T.);
#3962=EDGE_CURVE('',#3083,#3083,#290,.T.);
#3963=EDGE_CURVE('',#3084,#3084,#291,.T.);
#3964=EDGE_CURVE('',#3085,#3085,#292,.T.);
#3965=EDGE_CURVE('',#3086,#3087,#1719,.T.);
#3966=EDGE_CURVE('',#2749,#3087,#293,.T.);
#3967=EDGE_CURVE('',#2753,#3088,#1720,.T.);
#3968=EDGE_CURVE('',#3086,#3088,#294,.T.);
#3969=EDGE_CURVE('',#3081,#3079,#23,.T.);
#3970=EDGE_CURVE('',#3078,#3076,#24,.T.);
#3971=EDGE_CURVE('',#3082,#3089,#1721,.T.);
#3972=EDGE_CURVE('',#3089,#3089,#295,.T.);
#3973=EDGE_CURVE('',#3080,#3085,#1722,.T.);
#3974=EDGE_CURVE('',#3083,#3090,#1723,.T.);
#3975=EDGE_CURVE('',#3090,#3090,#296,.T.);
#3976=EDGE_CURVE('',#3077,#3084,#1724,.T.);
#3977=EDGE_CURVE('',#3088,#3091,#1725,.T.);
#3978=EDGE_CURVE('',#2752,#3091,#1726,.T.);
#3979=EDGE_CURVE('',#3092,#3091,#297,.T.);
#3980=EDGE_CURVE('',#3092,#3086,#1727,.T.);
#3981=EDGE_CURVE('',#3087,#3093,#1728,.T.);
#3982=EDGE_CURVE('',#3093,#3092,#1729,.T.);
#3983=EDGE_CURVE('',#2748,#3093,#298,.T.);
#3984=EDGE_CURVE('',#2928,#3094,#1730,.T.);
#3985=EDGE_CURVE('',#3094,#3095,#1731,.T.);
#3986=EDGE_CURVE('',#3095,#2935,#1732,.T.);
#3987=EDGE_CURVE('',#3095,#3096,#1733,.T.);
#3988=EDGE_CURVE('',#2819,#3096,#1734,.T.);
#3989=EDGE_CURVE('',#2818,#2936,#1735,.T.);
#3990=EDGE_CURVE('',#3096,#3097,#1736,.T.);
#3991=EDGE_CURVE('',#2820,#3097,#1737,.T.);
#3992=EDGE_CURVE('',#2817,#2927,#1738,.T.);
#3993=EDGE_CURVE('',#3097,#3094,#1739,.T.);
#3994=EDGE_CURVE('',#3098,#3099,#1740,.T.);
#3995=EDGE_CURVE('',#3100,#3098,#1741,.T.);
#3996=EDGE_CURVE('',#3101,#3100,#1742,.T.);
#3997=EDGE_CURVE('',#3101,#3099,#1743,.T.);
#3998=EDGE_CURVE('',#3099,#3102,#1744,.T.);
#3999=EDGE_CURVE('',#3103,#3101,#1745,.T.);
#4000=EDGE_CURVE('',#3103,#3102,#1746,.T.);
#4001=EDGE_CURVE('',#3102,#3104,#1747,.T.);
#4002=EDGE_CURVE('',#3105,#3103,#1748,.T.);
#4003=EDGE_CURVE('',#3105,#3104,#1749,.T.);
#4004=EDGE_CURVE('',#3104,#3098,#1750,.T.);
#4005=EDGE_CURVE('',#3100,#3105,#1751,.T.);
#4006=EDGE_CURVE('',#3106,#3107,#1752,.T.);
#4007=EDGE_CURVE('',#3108,#3107,#1753,.T.);
#4008=EDGE_CURVE('',#3109,#3108,#1754,.T.);
#4009=EDGE_CURVE('',#3109,#3106,#1755,.T.);
#4010=EDGE_CURVE('',#3107,#3110,#1756,.T.);
#4011=EDGE_CURVE('',#3111,#3110,#1757,.T.);
#4012=EDGE_CURVE('',#3108,#3111,#1758,.T.);
#4013=EDGE_CURVE('',#3112,#3106,#1759,.T.);
#4014=EDGE_CURVE('',#3113,#3109,#1760,.T.);
#4015=EDGE_CURVE('',#3113,#3112,#1761,.T.);
#4016=EDGE_CURVE('',#3114,#3115,#1762,.T.);
#4017=EDGE_CURVE('',#3116,#3115,#1763,.T.);
#4018=EDGE_CURVE('',#3117,#3116,#1764,.T.);
#4019=EDGE_CURVE('',#3117,#3114,#1765,.T.);
#4020=EDGE_CURVE('',#3110,#3112,#1766,.T.);
#4021=EDGE_CURVE('',#3118,#3119,#1767,.T.);
#4022=EDGE_CURVE('',#3120,#3118,#1768,.T.);
#4023=EDGE_CURVE('',#3121,#3120,#1769,.T.);
#4024=EDGE_CURVE('',#3119,#3121,#1770,.T.);
#4025=EDGE_CURVE('',#3122,#3123,#1771,.T.);
#4026=EDGE_CURVE('',#3123,#3119,#1772,.T.);
#4027=EDGE_CURVE('',#3122,#3121,#1773,.T.);
#4028=EDGE_CURVE('',#3124,#3125,#1774,.T.);
#4029=EDGE_CURVE('',#3125,#3126,#1775,.T.);
#4030=EDGE_CURVE('',#3127,#3126,#1776,.T.);
#4031=EDGE_CURVE('',#3124,#3127,#1777,.T.);
#4032=EDGE_CURVE('',#3123,#3128,#1778,.T.);
#4033=EDGE_CURVE('',#3128,#3118,#1779,.T.);
#4034=EDGE_CURVE('',#3125,#3129,#1780,.T.);
#4035=EDGE_CURVE('',#3129,#3130,#1781,.T.);
#4036=EDGE_CURVE('',#3126,#3130,#1782,.T.);
#4037=EDGE_CURVE('',#3128,#3131,#1783,.T.);
#4038=EDGE_CURVE('',#3131,#3120,#1784,.T.);
#4039=EDGE_CURVE('',#3129,#3132,#1785,.T.);
#4040=EDGE_CURVE('',#3132,#3133,#1786,.T.);
#4041=EDGE_CURVE('',#3130,#3133,#1787,.T.);
#4042=EDGE_CURVE('',#3132,#3124,#1788,.T.);
#4043=EDGE_CURVE('',#3134,#3135,#1789,.T.);
#4044=EDGE_CURVE('',#3115,#3134,#1790,.T.);
#4045=EDGE_CURVE('',#3135,#3114,#1791,.T.);
#4046=EDGE_CURVE('',#3131,#3122,#1792,.T.);
#4047=EDGE_CURVE('',#3133,#3127,#1793,.T.);
#4048=EDGE_CURVE('',#3111,#3113,#1794,.T.);
#4049=EDGE_CURVE('',#3136,#3117,#1795,.T.);
#4050=EDGE_CURVE('',#3136,#3135,#1796,.T.);
#4051=EDGE_CURVE('',#3137,#3136,#1797,.T.);
#4052=EDGE_CURVE('',#3137,#3134,#1798,.T.);
#4053=EDGE_CURVE('',#3116,#3137,#1799,.T.);
#4054=ORIENTED_EDGE('',*,*,#3138,.F.);
#4055=ORIENTED_EDGE('',*,*,#3139,.T.);
#4056=ORIENTED_EDGE('',*,*,#3140,.F.);
#4057=ORIENTED_EDGE('',*,*,#3141,.F.);
#4058=ORIENTED_EDGE('',*,*,#3142,.F.);
#4059=ORIENTED_EDGE('',*,*,#3143,.T.);
#4060=ORIENTED_EDGE('',*,*,#3144,.T.);
#4061=ORIENTED_EDGE('',*,*,#3145,.F.);
#4062=ORIENTED_EDGE('',*,*,#3146,.F.);
#4063=ORIENTED_EDGE('',*,*,#3141,.T.);
#4064=ORIENTED_EDGE('',*,*,#3147,.F.);
#4065=ORIENTED_EDGE('',*,*,#3148,.F.);
#4066=ORIENTED_EDGE('',*,*,#3149,.F.);
#4067=ORIENTED_EDGE('',*,*,#3145,.T.);
#4068=ORIENTED_EDGE('',*,*,#3150,.T.);
#4069=ORIENTED_EDGE('',*,*,#3151,.F.);
#4070=ORIENTED_EDGE('',*,*,#3152,.F.);
#4071=ORIENTED_EDGE('',*,*,#3148,.T.);
#4072=ORIENTED_EDGE('',*,*,#3153,.F.);
#4073=ORIENTED_EDGE('',*,*,#3154,.F.);
#4074=ORIENTED_EDGE('',*,*,#3155,.F.);
#4075=ORIENTED_EDGE('',*,*,#3151,.T.);
#4076=ORIENTED_EDGE('',*,*,#3156,.T.);
#4077=ORIENTED_EDGE('',*,*,#3157,.F.);
#4078=ORIENTED_EDGE('',*,*,#3158,.T.);
#4079=ORIENTED_EDGE('',*,*,#3142,.T.);
#4080=ORIENTED_EDGE('',*,*,#3149,.T.);
#4081=ORIENTED_EDGE('',*,*,#3155,.T.);
#4082=ORIENTED_EDGE('',*,*,#3159,.T.);
#4083=ORIENTED_EDGE('',*,*,#3160,.T.);
#4084=ORIENTED_EDGE('',*,*,#3161,.T.);
#4085=ORIENTED_EDGE('',*,*,#3162,.T.);
#4086=ORIENTED_EDGE('',*,*,#3163,.T.);
#4087=ORIENTED_EDGE('',*,*,#3164,.F.);
#4088=ORIENTED_EDGE('',*,*,#3165,.T.);
#4089=ORIENTED_EDGE('',*,*,#3166,.T.);
#4090=ORIENTED_EDGE('',*,*,#3167,.T.);
#4091=ORIENTED_EDGE('',*,*,#3153,.T.);
#4092=ORIENTED_EDGE('',*,*,#3147,.T.);
#4093=ORIENTED_EDGE('',*,*,#3140,.T.);
#4094=ORIENTED_EDGE('',*,*,#3167,.F.);
#4095=ORIENTED_EDGE('',*,*,#3139,.F.);
#4096=ORIENTED_EDGE('',*,*,#3168,.F.);
#4097=ORIENTED_EDGE('',*,*,#3154,.T.);
#4098=ORIENTED_EDGE('',*,*,#3158,.F.);
#4099=ORIENTED_EDGE('',*,*,#3157,.T.);
#4100=ORIENTED_EDGE('',*,*,#3169,.T.);
#4101=ORIENTED_EDGE('',*,*,#3143,.F.);
#4102=ORIENTED_EDGE('',*,*,#3168,.T.);
#4103=ORIENTED_EDGE('',*,*,#3138,.T.);
#4104=ORIENTED_EDGE('',*,*,#3146,.T.);
#4105=ORIENTED_EDGE('',*,*,#3152,.T.);
#4106=ORIENTED_EDGE('',*,*,#3169,.F.);
#4107=ORIENTED_EDGE('',*,*,#3156,.F.);
#4108=ORIENTED_EDGE('',*,*,#3150,.F.);
#4109=ORIENTED_EDGE('',*,*,#3144,.F.);
#4110=ORIENTED_EDGE('',*,*,#3170,.F.);
#4111=ORIENTED_EDGE('',*,*,#3171,.T.);
#4112=ORIENTED_EDGE('',*,*,#3162,.F.);
#4113=ORIENTED_EDGE('',*,*,#3172,.F.);
#4114=ORIENTED_EDGE('',*,*,#3173,.F.);
#4115=ORIENTED_EDGE('',*,*,#3172,.T.);
#4116=ORIENTED_EDGE('',*,*,#3161,.F.);
#4117=ORIENTED_EDGE('',*,*,#3174,.F.);
#4118=ORIENTED_EDGE('',*,*,#3175,.F.);
#4119=ORIENTED_EDGE('',*,*,#3174,.T.);
#4120=ORIENTED_EDGE('',*,*,#3160,.F.);
#4121=ORIENTED_EDGE('',*,*,#3176,.F.);
#4122=ORIENTED_EDGE('',*,*,#3177,.F.);
#4123=ORIENTED_EDGE('',*,*,#3176,.T.);
#4124=ORIENTED_EDGE('',*,*,#3159,.F.);
#4125=ORIENTED_EDGE('',*,*,#3171,.F.);
#4126=ORIENTED_EDGE('',*,*,#3178,.F.);
#4127=ORIENTED_EDGE('',*,*,#3179,.T.);
#4128=ORIENTED_EDGE('',*,*,#3166,.F.);
#4129=ORIENTED_EDGE('',*,*,#3180,.F.);
#4130=ORIENTED_EDGE('',*,*,#3181,.F.);
#4131=ORIENTED_EDGE('',*,*,#3180,.T.);
#4132=ORIENTED_EDGE('',*,*,#3165,.F.);
#4133=ORIENTED_EDGE('',*,*,#3182,.F.);
#4134=ORIENTED_EDGE('',*,*,#3183,.F.);
#4135=ORIENTED_EDGE('',*,*,#3184,.F.);
#4136=ORIENTED_EDGE('',*,*,#3163,.F.);
#4137=ORIENTED_EDGE('',*,*,#3179,.F.);
#4138=ORIENTED_EDGE('',*,*,#3182,.T.);
#4139=ORIENTED_EDGE('',*,*,#3164,.T.);
#4140=ORIENTED_EDGE('',*,*,#3184,.T.);
#4141=ORIENTED_EDGE('',*,*,#3185,.T.);
#4142=ORIENTED_EDGE('',*,*,#3186,.T.);
#4143=ORIENTED_EDGE('',*,*,#3187,.F.);
#4144=ORIENTED_EDGE('',*,*,#3188,.T.);
#4145=ORIENTED_EDGE('',*,*,#3189,.T.);
#4146=ORIENTED_EDGE('',*,*,#3170,.T.);
#4147=ORIENTED_EDGE('',*,*,#3173,.T.);
#4148=ORIENTED_EDGE('',*,*,#3175,.T.);
#4149=ORIENTED_EDGE('',*,*,#3177,.T.);
#4150=ORIENTED_EDGE('',*,*,#3190,.F.);
#4151=ORIENTED_EDGE('',*,*,#3191,.F.);
#4152=ORIENTED_EDGE('',*,*,#3192,.F.);
#4153=ORIENTED_EDGE('',*,*,#3193,.F.);
#4154=ORIENTED_EDGE('',*,*,#3194,.T.);
#4155=ORIENTED_EDGE('',*,*,#3195,.T.);
#4156=ORIENTED_EDGE('',*,*,#3196,.F.);
#4157=ORIENTED_EDGE('',*,*,#3197,.T.);
#4158=ORIENTED_EDGE('',*,*,#3194,.F.);
#4159=ORIENTED_EDGE('',*,*,#3198,.F.);
#4160=ORIENTED_EDGE('',*,*,#3199,.F.);
#4161=ORIENTED_EDGE('',*,*,#3200,.F.);
#4162=ORIENTED_EDGE('',*,*,#3201,.F.);
#4163=ORIENTED_EDGE('',*,*,#3202,.T.);
#4164=ORIENTED_EDGE('',*,*,#3203,.T.);
#4165=ORIENTED_EDGE('',*,*,#3204,.T.);
#4166=ORIENTED_EDGE('',*,*,#3205,.T.);
#4167=ORIENTED_EDGE('',*,*,#3206,.T.);
#4168=ORIENTED_EDGE('',*,*,#3207,.F.);
#4169=ORIENTED_EDGE('',*,*,#3208,.T.);
#4170=ORIENTED_EDGE('',*,*,#3209,.F.);
#4171=ORIENTED_EDGE('',*,*,#3210,.T.);
#4172=ORIENTED_EDGE('',*,*,#3211,.F.);
#4173=ORIENTED_EDGE('',*,*,#3212,.T.);
#4174=ORIENTED_EDGE('',*,*,#3213,.F.);
#4175=ORIENTED_EDGE('',*,*,#3214,.T.);
#4176=ORIENTED_EDGE('',*,*,#3215,.T.);
#4177=ORIENTED_EDGE('',*,*,#3216,.T.);
#4178=ORIENTED_EDGE('',*,*,#3217,.T.);
#4179=ORIENTED_EDGE('',*,*,#3200,.T.);
#4180=ORIENTED_EDGE('',*,*,#3218,.T.);
#4181=ORIENTED_EDGE('',*,*,#3219,.T.);
#4182=ORIENTED_EDGE('',*,*,#3220,.T.);
#4183=ORIENTED_EDGE('',*,*,#3221,.T.);
#4184=ORIENTED_EDGE('',*,*,#3222,.F.);
#4185=ORIENTED_EDGE('',*,*,#3199,.T.);
#4186=ORIENTED_EDGE('',*,*,#3223,.F.);
#4187=ORIENTED_EDGE('',*,*,#3224,.F.);
#4188=ORIENTED_EDGE('',*,*,#3218,.F.);
#4189=ORIENTED_EDGE('',*,*,#3225,.T.);
#4190=ORIENTED_EDGE('',*,*,#3226,.T.);
#4191=ORIENTED_EDGE('',*,*,#3227,.T.);
#4192=ORIENTED_EDGE('',*,*,#3228,.T.);
#4193=ORIENTED_EDGE('',*,*,#3229,.T.);
#4194=ORIENTED_EDGE('',*,*,#3230,.T.);
#4195=ORIENTED_EDGE('',*,*,#3231,.T.);
#4196=ORIENTED_EDGE('',*,*,#3232,.T.);
#4197=ORIENTED_EDGE('',*,*,#3233,.T.);
#4198=ORIENTED_EDGE('',*,*,#3234,.T.);
#4199=ORIENTED_EDGE('',*,*,#3235,.T.);
#4200=ORIENTED_EDGE('',*,*,#3236,.T.);
#4201=ORIENTED_EDGE('',*,*,#3237,.T.);
#4202=ORIENTED_EDGE('',*,*,#3238,.T.);
#4203=ORIENTED_EDGE('',*,*,#3239,.T.);
#4204=ORIENTED_EDGE('',*,*,#3240,.T.);
#4205=ORIENTED_EDGE('',*,*,#3241,.T.);
#4206=ORIENTED_EDGE('',*,*,#3242,.T.);
#4207=ORIENTED_EDGE('',*,*,#3243,.T.);
#4208=ORIENTED_EDGE('',*,*,#3223,.T.);
#4209=ORIENTED_EDGE('',*,*,#3202,.F.);
#4210=ORIENTED_EDGE('',*,*,#3244,.T.);
#4211=ORIENTED_EDGE('',*,*,#3245,.T.);
#4212=ORIENTED_EDGE('',*,*,#3246,.T.);
#4213=ORIENTED_EDGE('',*,*,#3247,.T.);
#4214=ORIENTED_EDGE('',*,*,#3248,.T.);
#4215=ORIENTED_EDGE('',*,*,#3249,.T.);
#4216=ORIENTED_EDGE('',*,*,#3250,.T.);
#4217=ORIENTED_EDGE('',*,*,#3251,.T.);
#4218=ORIENTED_EDGE('',*,*,#3252,.T.);
#4219=ORIENTED_EDGE('',*,*,#3253,.T.);
#4220=ORIENTED_EDGE('',*,*,#3254,.T.);
#4221=ORIENTED_EDGE('',*,*,#3255,.T.);
#4222=ORIENTED_EDGE('',*,*,#3256,.T.);
#4223=ORIENTED_EDGE('',*,*,#3257,.T.);
#4224=ORIENTED_EDGE('',*,*,#3195,.F.);
#4225=ORIENTED_EDGE('',*,*,#3197,.F.);
#4226=ORIENTED_EDGE('',*,*,#3258,.T.);
#4227=ORIENTED_EDGE('',*,*,#3259,.T.);
#4228=ORIENTED_EDGE('',*,*,#3260,.T.);
#4229=ORIENTED_EDGE('',*,*,#3261,.T.);
#4230=ORIENTED_EDGE('',*,*,#3262,.T.);
#4231=ORIENTED_EDGE('',*,*,#3263,.T.);
#4232=ORIENTED_EDGE('',*,*,#3264,.F.);
#4233=ORIENTED_EDGE('',*,*,#3265,.T.);
#4234=ORIENTED_EDGE('',*,*,#3266,.T.);
#4235=ORIENTED_EDGE('',*,*,#3267,.T.);
#4236=ORIENTED_EDGE('',*,*,#3268,.T.);
#4237=ORIENTED_EDGE('',*,*,#3269,.T.);
#4238=ORIENTED_EDGE('',*,*,#3270,.T.);
#4239=ORIENTED_EDGE('',*,*,#3271,.T.);
#4240=ORIENTED_EDGE('',*,*,#3272,.T.);
#4241=ORIENTED_EDGE('',*,*,#3187,.T.);
#4242=ORIENTED_EDGE('',*,*,#3273,.T.);
#4243=ORIENTED_EDGE('',*,*,#3274,.T.);
#4244=ORIENTED_EDGE('',*,*,#3275,.T.);
#4245=ORIENTED_EDGE('',*,*,#3276,.T.);
#4246=ORIENTED_EDGE('',*,*,#3277,.T.);
#4247=ORIENTED_EDGE('',*,*,#3278,.T.);
#4248=ORIENTED_EDGE('',*,*,#3279,.T.);
#4249=ORIENTED_EDGE('',*,*,#3280,.T.);
#4250=ORIENTED_EDGE('',*,*,#3196,.T.);
#4251=ORIENTED_EDGE('',*,*,#3281,.F.);
#4252=ORIENTED_EDGE('',*,*,#3282,.T.);
#4253=ORIENTED_EDGE('',*,*,#3258,.F.);
#4254=ORIENTED_EDGE('',*,*,#3283,.F.);
#4255=ORIENTED_EDGE('',*,*,#3284,.F.);
#4256=ORIENTED_EDGE('',*,*,#3285,.F.);
#4257=ORIENTED_EDGE('',*,*,#3286,.F.);
#4258=ORIENTED_EDGE('',*,*,#3264,.T.);
#4259=ORIENTED_EDGE('',*,*,#3287,.T.);
#4260=ORIENTED_EDGE('',*,*,#3288,.F.);
#4261=ORIENTED_EDGE('',*,*,#3255,.F.);
#4262=ORIENTED_EDGE('',*,*,#3289,.F.);
#4263=ORIENTED_EDGE('',*,*,#3222,.T.);
#4264=ORIENTED_EDGE('',*,*,#3290,.F.);
#4265=ORIENTED_EDGE('',*,*,#3287,.F.);
#4266=ORIENTED_EDGE('',*,*,#3263,.F.);
#4267=ORIENTED_EDGE('',*,*,#3291,.F.);
#4268=ORIENTED_EDGE('',*,*,#3181,.T.);
#4269=ORIENTED_EDGE('',*,*,#3189,.F.);
#4270=ORIENTED_EDGE('',*,*,#3292,.F.);
#4271=ORIENTED_EDGE('',*,*,#3293,.F.);
#4272=ORIENTED_EDGE('',*,*,#3294,.F.);
#4273=ORIENTED_EDGE('',*,*,#3295,.F.);
#4274=ORIENTED_EDGE('',*,*,#3283,.T.);
#4275=ORIENTED_EDGE('',*,*,#3290,.T.);
#4276=ORIENTED_EDGE('',*,*,#3296,.F.);
#4277=ORIENTED_EDGE('',*,*,#3297,.T.);
#4278=ORIENTED_EDGE('',*,*,#3298,.T.);
#4279=ORIENTED_EDGE('',*,*,#3299,.T.);
#4280=ORIENTED_EDGE('',*,*,#3281,.T.);
#4281=ORIENTED_EDGE('',*,*,#3198,.T.);
#4282=ORIENTED_EDGE('',*,*,#3193,.T.);
#4283=ORIENTED_EDGE('',*,*,#3300,.T.);
#4284=ORIENTED_EDGE('',*,*,#3301,.T.);
#4285=ORIENTED_EDGE('',*,*,#3302,.T.);
#4286=ORIENTED_EDGE('',*,*,#3303,.F.);
#4287=ORIENTED_EDGE('',*,*,#3185,.F.);
#4288=ORIENTED_EDGE('',*,*,#3183,.T.);
#4289=ORIENTED_EDGE('',*,*,#3178,.T.);
#4290=ORIENTED_EDGE('',*,*,#3304,.T.);
#4291=ORIENTED_EDGE('',*,*,#3305,.T.);
#4292=ORIENTED_EDGE('',*,*,#3291,.T.);
#4293=ORIENTED_EDGE('',*,*,#3262,.F.);
#4294=ORIENTED_EDGE('',*,*,#3306,.T.);
#4295=ORIENTED_EDGE('',*,*,#3296,.T.);
#4296=ORIENTED_EDGE('',*,*,#3307,.T.);
#4297=ORIENTED_EDGE('',*,*,#3254,.F.);
#4298=ORIENTED_EDGE('',*,*,#3308,.F.);
#4299=ORIENTED_EDGE('',*,*,#3204,.F.);
#4300=ORIENTED_EDGE('',*,*,#3288,.T.);
#4301=ORIENTED_EDGE('',*,*,#3221,.F.);
#4302=ORIENTED_EDGE('',*,*,#3309,.F.);
#4303=ORIENTED_EDGE('',*,*,#3256,.F.);
#4304=ORIENTED_EDGE('',*,*,#3244,.F.);
#4305=ORIENTED_EDGE('',*,*,#3307,.F.);
#4306=ORIENTED_EDGE('',*,*,#3203,.F.);
#4307=ORIENTED_EDGE('',*,*,#3310,.F.);
#4308=ORIENTED_EDGE('',*,*,#3311,.F.);
#4309=ORIENTED_EDGE('',*,*,#3312,.T.);
#4310=ORIENTED_EDGE('',*,*,#3305,.F.);
#4311=ORIENTED_EDGE('',*,*,#3312,.F.);
#4312=ORIENTED_EDGE('',*,*,#3311,.T.);
#4313=ORIENTED_EDGE('',*,*,#3313,.T.);
#4314=ORIENTED_EDGE('',*,*,#3314,.F.);
#4315=ORIENTED_EDGE('',*,*,#3315,.T.);
#4316=ORIENTED_EDGE('',*,*,#3304,.F.);
#4317=ORIENTED_EDGE('',*,*,#3315,.F.);
#4318=ORIENTED_EDGE('',*,*,#3314,.T.);
#4319=ORIENTED_EDGE('',*,*,#3316,.T.);
#4320=ORIENTED_EDGE('',*,*,#3216,.F.);
#4321=ORIENTED_EDGE('',*,*,#3317,.T.);
#4322=ORIENTED_EDGE('',*,*,#3313,.F.);
#4323=ORIENTED_EDGE('',*,*,#3317,.F.);
#4324=ORIENTED_EDGE('',*,*,#3217,.F.);
#4325=ORIENTED_EDGE('',*,*,#3318,.T.);
#4326=ORIENTED_EDGE('',*,*,#3316,.F.);
#4327=ORIENTED_EDGE('',*,*,#3318,.F.);
#4328=ORIENTED_EDGE('',*,*,#3319,.F.);
#4329=ORIENTED_EDGE('',*,*,#3320,.F.);
#4330=ORIENTED_EDGE('',*,*,#3321,.F.);
#4331=ORIENTED_EDGE('',*,*,#3322,.F.);
#4332=ORIENTED_EDGE('',*,*,#3323,.F.);
#4333=ORIENTED_EDGE('',*,*,#3324,.F.);
#4334=ORIENTED_EDGE('',*,*,#3325,.F.);
#4335=ORIENTED_EDGE('',*,*,#3326,.F.);
#4336=ORIENTED_EDGE('',*,*,#3327,.F.);
#4337=ORIENTED_EDGE('',*,*,#3328,.F.);
#4338=ORIENTED_EDGE('',*,*,#3329,.F.);
#4339=ORIENTED_EDGE('',*,*,#3330,.F.);
#4340=ORIENTED_EDGE('',*,*,#3322,.T.);
#4341=ORIENTED_EDGE('',*,*,#3331,.F.);
#4342=ORIENTED_EDGE('',*,*,#3225,.F.);
#4343=ORIENTED_EDGE('',*,*,#3332,.F.);
#4344=ORIENTED_EDGE('',*,*,#3321,.T.);
#4345=ORIENTED_EDGE('',*,*,#3333,.T.);
#4346=ORIENTED_EDGE('',*,*,#3226,.F.);
#4347=ORIENTED_EDGE('',*,*,#3331,.T.);
#4348=ORIENTED_EDGE('',*,*,#3320,.T.);
#4349=ORIENTED_EDGE('',*,*,#3334,.F.);
#4350=ORIENTED_EDGE('',*,*,#3227,.F.);
#4351=ORIENTED_EDGE('',*,*,#3333,.F.);
#4352=ORIENTED_EDGE('',*,*,#3319,.T.);
#4353=ORIENTED_EDGE('',*,*,#3335,.T.);
#4354=ORIENTED_EDGE('',*,*,#3228,.F.);
#4355=ORIENTED_EDGE('',*,*,#3334,.T.);
#4356=ORIENTED_EDGE('',*,*,#3330,.T.);
#4357=ORIENTED_EDGE('',*,*,#3336,.F.);
#4358=ORIENTED_EDGE('',*,*,#3229,.F.);
#4359=ORIENTED_EDGE('',*,*,#3335,.F.);
#4360=ORIENTED_EDGE('',*,*,#3337,.F.);
#4361=ORIENTED_EDGE('',*,*,#3338,.T.);
#4362=ORIENTED_EDGE('',*,*,#3339,.F.);
#4363=ORIENTED_EDGE('',*,*,#3266,.F.);
#4364=ORIENTED_EDGE('',*,*,#3340,.F.);
#4365=ORIENTED_EDGE('',*,*,#3279,.F.);
#4366=ORIENTED_EDGE('',*,*,#3341,.F.);
#4367=ORIENTED_EDGE('',*,*,#3342,.T.);
#4368=ORIENTED_EDGE('',*,*,#3190,.T.);
#4369=ORIENTED_EDGE('',*,*,#3280,.F.);
#4370=ORIENTED_EDGE('',*,*,#3340,.T.);
#4371=ORIENTED_EDGE('',*,*,#3343,.T.);
#4372=ORIENTED_EDGE('',*,*,#3341,.T.);
#4373=ORIENTED_EDGE('',*,*,#3278,.F.);
#4374=ORIENTED_EDGE('',*,*,#3344,.T.);
#4375=ORIENTED_EDGE('',*,*,#3345,.T.);
#4376=ORIENTED_EDGE('',*,*,#3346,.T.);
#4377=ORIENTED_EDGE('',*,*,#3347,.T.);
#4378=ORIENTED_EDGE('',*,*,#3348,.F.);
#4379=ORIENTED_EDGE('',*,*,#3240,.F.);
#4380=ORIENTED_EDGE('',*,*,#3349,.T.);
#4381=ORIENTED_EDGE('',*,*,#3350,.T.);
#4382=ORIENTED_EDGE('',*,*,#3346,.F.);
#4383=ORIENTED_EDGE('',*,*,#3239,.F.);
#4384=ORIENTED_EDGE('',*,*,#3351,.T.);
#4385=ORIENTED_EDGE('',*,*,#3352,.T.);
#4386=ORIENTED_EDGE('',*,*,#3349,.F.);
#4387=ORIENTED_EDGE('',*,*,#3238,.F.);
#4388=ORIENTED_EDGE('',*,*,#3353,.T.);
#4389=ORIENTED_EDGE('',*,*,#3354,.T.);
#4390=ORIENTED_EDGE('',*,*,#3351,.F.);
#4391=ORIENTED_EDGE('',*,*,#3237,.F.);
#4392=ORIENTED_EDGE('',*,*,#3355,.T.);
#4393=ORIENTED_EDGE('',*,*,#3356,.T.);
#4394=ORIENTED_EDGE('',*,*,#3353,.F.);
#4395=ORIENTED_EDGE('',*,*,#3236,.F.);
#4396=ORIENTED_EDGE('',*,*,#3357,.T.);
#4397=ORIENTED_EDGE('',*,*,#3358,.T.);
#4398=ORIENTED_EDGE('',*,*,#3355,.F.);
#4399=ORIENTED_EDGE('',*,*,#3235,.F.);
#4400=ORIENTED_EDGE('',*,*,#3359,.T.);
#4401=ORIENTED_EDGE('',*,*,#3360,.T.);
#4402=ORIENTED_EDGE('',*,*,#3357,.F.);
#4403=ORIENTED_EDGE('',*,*,#3234,.F.);
#4404=ORIENTED_EDGE('',*,*,#3361,.T.);
#4405=ORIENTED_EDGE('',*,*,#3362,.T.);
#4406=ORIENTED_EDGE('',*,*,#3359,.F.);
#4407=ORIENTED_EDGE('',*,*,#3233,.F.);
#4408=ORIENTED_EDGE('',*,*,#3241,.F.);
#4409=ORIENTED_EDGE('',*,*,#3348,.T.);
#4410=ORIENTED_EDGE('',*,*,#3363,.T.);
#4411=ORIENTED_EDGE('',*,*,#3364,.T.);
#4412=ORIENTED_EDGE('',*,*,#3231,.F.);
#4413=ORIENTED_EDGE('',*,*,#3365,.T.);
#4414=ORIENTED_EDGE('',*,*,#3366,.F.);
#4415=ORIENTED_EDGE('',*,*,#3367,.F.);
#4416=ORIENTED_EDGE('',*,*,#3232,.F.);
#4417=ORIENTED_EDGE('',*,*,#3367,.T.);
#4418=ORIENTED_EDGE('',*,*,#3368,.F.);
#4419=ORIENTED_EDGE('',*,*,#3361,.F.);
#4420=ORIENTED_EDGE('',*,*,#3368,.T.);
#4421=ORIENTED_EDGE('',*,*,#3366,.T.);
#4422=ORIENTED_EDGE('',*,*,#3369,.T.);
#4423=ORIENTED_EDGE('',*,*,#3370,.T.);
#4424=ORIENTED_EDGE('',*,*,#3371,.T.);
#4425=ORIENTED_EDGE('',*,*,#3372,.T.);
#4426=ORIENTED_EDGE('',*,*,#3373,.T.);
#4427=ORIENTED_EDGE('',*,*,#3374,.T.);
#4428=ORIENTED_EDGE('',*,*,#3375,.T.);
#4429=ORIENTED_EDGE('',*,*,#3376,.T.);
#4430=ORIENTED_EDGE('',*,*,#3377,.T.);
#4431=ORIENTED_EDGE('',*,*,#3363,.F.);
#4432=ORIENTED_EDGE('',*,*,#3347,.F.);
#4433=ORIENTED_EDGE('',*,*,#3350,.F.);
#4434=ORIENTED_EDGE('',*,*,#3352,.F.);
#4435=ORIENTED_EDGE('',*,*,#3354,.F.);
#4436=ORIENTED_EDGE('',*,*,#3356,.F.);
#4437=ORIENTED_EDGE('',*,*,#3358,.F.);
#4438=ORIENTED_EDGE('',*,*,#3360,.F.);
#4439=ORIENTED_EDGE('',*,*,#3362,.F.);
#4440=ORIENTED_EDGE('',*,*,#3297,.F.);
#4441=ORIENTED_EDGE('',*,*,#3306,.F.);
#4442=ORIENTED_EDGE('',*,*,#3261,.F.);
#4443=ORIENTED_EDGE('',*,*,#3378,.T.);
#4444=ORIENTED_EDGE('',*,*,#3379,.F.);
#4445=ORIENTED_EDGE('',*,*,#3380,.T.);
#4446=ORIENTED_EDGE('',*,*,#3381,.T.);
#4447=ORIENTED_EDGE('',*,*,#3268,.F.);
#4448=ORIENTED_EDGE('',*,*,#3286,.T.);
#4449=ORIENTED_EDGE('',*,*,#3382,.T.);
#4450=ORIENTED_EDGE('',*,*,#3337,.T.);
#4451=ORIENTED_EDGE('',*,*,#3265,.F.);
#4452=ORIENTED_EDGE('',*,*,#3299,.F.);
#4453=ORIENTED_EDGE('',*,*,#3383,.T.);
#4454=ORIENTED_EDGE('',*,*,#3259,.F.);
#4455=ORIENTED_EDGE('',*,*,#3282,.F.);
#4456=ORIENTED_EDGE('',*,*,#3285,.T.);
#4457=ORIENTED_EDGE('',*,*,#3384,.T.);
#4458=ORIENTED_EDGE('',*,*,#3380,.F.);
#4459=ORIENTED_EDGE('',*,*,#3385,.F.);
#4460=ORIENTED_EDGE('',*,*,#3338,.F.);
#4461=ORIENTED_EDGE('',*,*,#3382,.F.);
#4462=ORIENTED_EDGE('',*,*,#3191,.T.);
#4463=ORIENTED_EDGE('',*,*,#3343,.F.);
#4464=ORIENTED_EDGE('',*,*,#3342,.F.);
#4465=ORIENTED_EDGE('',*,*,#3345,.F.);
#4466=ORIENTED_EDGE('',*,*,#3386,.T.);
#4467=ORIENTED_EDGE('',*,*,#3387,.T.);
#4468=ORIENTED_EDGE('',*,*,#3344,.F.);
#4469=ORIENTED_EDGE('',*,*,#3277,.F.);
#4470=ORIENTED_EDGE('',*,*,#3388,.T.);
#4471=ORIENTED_EDGE('',*,*,#3386,.F.);
#4472=ORIENTED_EDGE('',*,*,#3298,.F.);
#4473=ORIENTED_EDGE('',*,*,#3378,.F.);
#4474=ORIENTED_EDGE('',*,*,#3260,.F.);
#4475=ORIENTED_EDGE('',*,*,#3383,.F.);
#4476=ORIENTED_EDGE('',*,*,#3339,.T.);
#4477=ORIENTED_EDGE('',*,*,#3385,.T.);
#4478=ORIENTED_EDGE('',*,*,#3379,.T.);
#4479=ORIENTED_EDGE('',*,*,#3267,.F.);
#4480=ORIENTED_EDGE('',*,*,#3284,.T.);
#4481=ORIENTED_EDGE('',*,*,#3295,.T.);
#4482=ORIENTED_EDGE('',*,*,#3389,.T.);
#4483=ORIENTED_EDGE('',*,*,#3269,.F.);
#4484=ORIENTED_EDGE('',*,*,#3381,.F.);
#4485=ORIENTED_EDGE('',*,*,#3384,.F.);
#4486=ORIENTED_EDGE('',*,*,#3390,.F.);
#4487=ORIENTED_EDGE('',*,*,#3270,.F.);
#4488=ORIENTED_EDGE('',*,*,#3389,.F.);
#4489=ORIENTED_EDGE('',*,*,#3294,.T.);
#4490=ORIENTED_EDGE('',*,*,#3293,.T.);
#4491=ORIENTED_EDGE('',*,*,#3391,.T.);
#4492=ORIENTED_EDGE('',*,*,#3271,.F.);
#4493=ORIENTED_EDGE('',*,*,#3390,.T.);
#4494=ORIENTED_EDGE('',*,*,#3188,.F.);
#4495=ORIENTED_EDGE('',*,*,#3272,.F.);
#4496=ORIENTED_EDGE('',*,*,#3391,.F.);
#4497=ORIENTED_EDGE('',*,*,#3292,.T.);
#4498=ORIENTED_EDGE('',*,*,#3392,.F.);
#4499=ORIENTED_EDGE('',*,*,#3273,.F.);
#4500=ORIENTED_EDGE('',*,*,#3186,.F.);
#4501=ORIENTED_EDGE('',*,*,#3303,.T.);
#4502=ORIENTED_EDGE('',*,*,#3192,.T.);
#4503=ORIENTED_EDGE('',*,*,#3387,.F.);
#4504=ORIENTED_EDGE('',*,*,#3388,.F.);
#4505=ORIENTED_EDGE('',*,*,#3276,.F.);
#4506=ORIENTED_EDGE('',*,*,#3393,.T.);
#4507=ORIENTED_EDGE('',*,*,#3300,.F.);
#4508=ORIENTED_EDGE('',*,*,#3394,.F.);
#4509=ORIENTED_EDGE('',*,*,#3301,.F.);
#4510=ORIENTED_EDGE('',*,*,#3393,.F.);
#4511=ORIENTED_EDGE('',*,*,#3275,.F.);
#4512=ORIENTED_EDGE('',*,*,#3274,.F.);
#4513=ORIENTED_EDGE('',*,*,#3392,.T.);
#4514=ORIENTED_EDGE('',*,*,#3302,.F.);
#4515=ORIENTED_EDGE('',*,*,#3394,.T.);
#4516=ORIENTED_EDGE('',*,*,#3395,.T.);
#4517=ORIENTED_EDGE('',*,*,#3212,.F.);
#4518=ORIENTED_EDGE('',*,*,#3396,.F.);
#4519=ORIENTED_EDGE('',*,*,#3371,.F.);
#4520=ORIENTED_EDGE('',*,*,#3397,.F.);
#4521=ORIENTED_EDGE('',*,*,#3213,.T.);
#4522=ORIENTED_EDGE('',*,*,#3395,.F.);
#4523=ORIENTED_EDGE('',*,*,#3370,.F.);
#4524=ORIENTED_EDGE('',*,*,#3246,.F.);
#4525=ORIENTED_EDGE('',*,*,#3398,.T.);
#4526=ORIENTED_EDGE('',*,*,#3214,.F.);
#4527=ORIENTED_EDGE('',*,*,#3397,.T.);
#4528=ORIENTED_EDGE('',*,*,#3369,.F.);
#4529=ORIENTED_EDGE('',*,*,#3365,.F.);
#4530=ORIENTED_EDGE('',*,*,#3230,.F.);
#4531=ORIENTED_EDGE('',*,*,#3336,.T.);
#4532=ORIENTED_EDGE('',*,*,#3329,.T.);
#4533=ORIENTED_EDGE('',*,*,#3399,.T.);
#4534=ORIENTED_EDGE('',*,*,#3326,.T.);
#4535=ORIENTED_EDGE('',*,*,#3400,.F.);
#4536=ORIENTED_EDGE('',*,*,#3249,.F.);
#4537=ORIENTED_EDGE('',*,*,#3401,.F.);
#4538=ORIENTED_EDGE('',*,*,#3328,.T.);
#4539=ORIENTED_EDGE('',*,*,#3402,.F.);
#4540=ORIENTED_EDGE('',*,*,#3247,.F.);
#4541=ORIENTED_EDGE('',*,*,#3399,.F.);
#4542=ORIENTED_EDGE('',*,*,#3327,.T.);
#4543=ORIENTED_EDGE('',*,*,#3401,.T.);
#4544=ORIENTED_EDGE('',*,*,#3248,.F.);
#4545=ORIENTED_EDGE('',*,*,#3402,.T.);
#4546=ORIENTED_EDGE('',*,*,#3310,.T.);
#4547=ORIENTED_EDGE('',*,*,#3215,.F.);
#4548=ORIENTED_EDGE('',*,*,#3398,.F.);
#4549=ORIENTED_EDGE('',*,*,#3245,.F.);
#4550=ORIENTED_EDGE('',*,*,#3243,.F.);
#4551=ORIENTED_EDGE('',*,*,#3201,.T.);
#4552=ORIENTED_EDGE('',*,*,#3219,.F.);
#4553=ORIENTED_EDGE('',*,*,#3224,.T.);
#4554=ORIENTED_EDGE('',*,*,#3396,.T.);
#4555=ORIENTED_EDGE('',*,*,#3211,.T.);
#4556=ORIENTED_EDGE('',*,*,#3403,.F.);
#4557=ORIENTED_EDGE('',*,*,#3372,.F.);
#4558=ORIENTED_EDGE('',*,*,#3403,.T.);
#4559=ORIENTED_EDGE('',*,*,#3210,.F.);
#4560=ORIENTED_EDGE('',*,*,#3404,.F.);
#4561=ORIENTED_EDGE('',*,*,#3373,.F.);
#4562=ORIENTED_EDGE('',*,*,#3404,.T.);
#4563=ORIENTED_EDGE('',*,*,#3209,.T.);
#4564=ORIENTED_EDGE('',*,*,#3405,.F.);
#4565=ORIENTED_EDGE('',*,*,#3374,.F.);
#4566=ORIENTED_EDGE('',*,*,#3405,.T.);
#4567=ORIENTED_EDGE('',*,*,#3208,.F.);
#4568=ORIENTED_EDGE('',*,*,#3406,.F.);
#4569=ORIENTED_EDGE('',*,*,#3375,.F.);
#4570=ORIENTED_EDGE('',*,*,#3406,.T.);
#4571=ORIENTED_EDGE('',*,*,#3207,.T.);
#4572=ORIENTED_EDGE('',*,*,#3407,.T.);
#4573=ORIENTED_EDGE('',*,*,#3376,.F.);
#4574=ORIENTED_EDGE('',*,*,#3252,.F.);
#4575=ORIENTED_EDGE('',*,*,#3408,.T.);
#4576=ORIENTED_EDGE('',*,*,#3323,.T.);
#4577=ORIENTED_EDGE('',*,*,#3332,.T.);
#4578=ORIENTED_EDGE('',*,*,#3242,.F.);
#4579=ORIENTED_EDGE('',*,*,#3364,.F.);
#4580=ORIENTED_EDGE('',*,*,#3377,.F.);
#4581=ORIENTED_EDGE('',*,*,#3407,.F.);
#4582=ORIENTED_EDGE('',*,*,#3206,.F.);
#4583=ORIENTED_EDGE('',*,*,#3409,.T.);
#4584=ORIENTED_EDGE('',*,*,#3325,.T.);
#4585=ORIENTED_EDGE('',*,*,#3410,.T.);
#4586=ORIENTED_EDGE('',*,*,#3250,.F.);
#4587=ORIENTED_EDGE('',*,*,#3400,.T.);
#4588=ORIENTED_EDGE('',*,*,#3324,.T.);
#4589=ORIENTED_EDGE('',*,*,#3408,.F.);
#4590=ORIENTED_EDGE('',*,*,#3251,.F.);
#4591=ORIENTED_EDGE('',*,*,#3410,.F.);
#4592=ORIENTED_EDGE('',*,*,#3253,.F.);
#4593=ORIENTED_EDGE('',*,*,#3409,.F.);
#4594=ORIENTED_EDGE('',*,*,#3205,.F.);
#4595=ORIENTED_EDGE('',*,*,#3308,.T.);
#4596=ORIENTED_EDGE('',*,*,#3257,.F.);
#4597=ORIENTED_EDGE('',*,*,#3309,.T.);
#4598=ORIENTED_EDGE('',*,*,#3220,.F.);
#4599=ORIENTED_EDGE('',*,*,#3289,.T.);
#4600=ORIENTED_EDGE('',*,*,#3411,.T.);
#4601=ORIENTED_EDGE('',*,*,#3412,.T.);
#4602=ORIENTED_EDGE('',*,*,#3413,.T.);
#4603=ORIENTED_EDGE('',*,*,#3414,.T.);
#4604=ORIENTED_EDGE('',*,*,#3415,.F.);
#4605=ORIENTED_EDGE('',*,*,#3416,.T.);
#4606=ORIENTED_EDGE('',*,*,#3414,.F.);
#4607=ORIENTED_EDGE('',*,*,#3417,.F.);
#4608=ORIENTED_EDGE('',*,*,#3418,.F.);
#4609=ORIENTED_EDGE('',*,*,#3417,.T.);
#4610=ORIENTED_EDGE('',*,*,#3413,.F.);
#4611=ORIENTED_EDGE('',*,*,#3419,.F.);
#4612=ORIENTED_EDGE('',*,*,#3420,.F.);
#4613=ORIENTED_EDGE('',*,*,#3419,.T.);
#4614=ORIENTED_EDGE('',*,*,#3412,.F.);
#4615=ORIENTED_EDGE('',*,*,#3421,.F.);
#4616=ORIENTED_EDGE('',*,*,#3422,.T.);
#4617=ORIENTED_EDGE('',*,*,#3421,.T.);
#4618=ORIENTED_EDGE('',*,*,#3411,.F.);
#4619=ORIENTED_EDGE('',*,*,#3416,.F.);
#4620=ORIENTED_EDGE('',*,*,#3422,.F.);
#4621=ORIENTED_EDGE('',*,*,#3415,.T.);
#4622=ORIENTED_EDGE('',*,*,#3418,.T.);
#4623=ORIENTED_EDGE('',*,*,#3420,.T.);
#4624=ORIENTED_EDGE('',*,*,#3423,.T.);
#4625=ORIENTED_EDGE('',*,*,#3424,.T.);
#4626=ORIENTED_EDGE('',*,*,#3425,.T.);
#4627=ORIENTED_EDGE('',*,*,#3426,.T.);
#4628=ORIENTED_EDGE('',*,*,#3427,.T.);
#4629=ORIENTED_EDGE('',*,*,#3428,.T.);
#4630=ORIENTED_EDGE('',*,*,#3426,.F.);
#4631=ORIENTED_EDGE('',*,*,#3429,.F.);
#4632=ORIENTED_EDGE('',*,*,#3430,.F.);
#4633=ORIENTED_EDGE('',*,*,#3429,.T.);
#4634=ORIENTED_EDGE('',*,*,#3425,.F.);
#4635=ORIENTED_EDGE('',*,*,#3431,.F.);
#4636=ORIENTED_EDGE('',*,*,#3432,.T.);
#4637=ORIENTED_EDGE('',*,*,#3431,.T.);
#4638=ORIENTED_EDGE('',*,*,#3424,.F.);
#4639=ORIENTED_EDGE('',*,*,#3433,.F.);
#4640=ORIENTED_EDGE('',*,*,#3434,.T.);
#4641=ORIENTED_EDGE('',*,*,#3433,.T.);
#4642=ORIENTED_EDGE('',*,*,#3423,.F.);
#4643=ORIENTED_EDGE('',*,*,#3428,.F.);
#4644=ORIENTED_EDGE('',*,*,#3434,.F.);
#4645=ORIENTED_EDGE('',*,*,#3427,.F.);
#4646=ORIENTED_EDGE('',*,*,#3430,.T.);
#4647=ORIENTED_EDGE('',*,*,#3432,.F.);
#4648=ORIENTED_EDGE('',*,*,#3435,.T.);
#4649=ORIENTED_EDGE('',*,*,#3436,.T.);
#4650=ORIENTED_EDGE('',*,*,#3437,.T.);
#4651=ORIENTED_EDGE('',*,*,#3438,.T.);
#4652=ORIENTED_EDGE('',*,*,#3439,.T.);
#4653=ORIENTED_EDGE('',*,*,#3440,.T.);
#4654=ORIENTED_EDGE('',*,*,#3441,.T.);
#4655=ORIENTED_EDGE('',*,*,#3442,.T.);
#4656=ORIENTED_EDGE('',*,*,#3443,.T.);
#4657=ORIENTED_EDGE('',*,*,#3438,.F.);
#4658=ORIENTED_EDGE('',*,*,#3444,.F.);
#4659=ORIENTED_EDGE('',*,*,#3445,.F.);
#4660=ORIENTED_EDGE('',*,*,#3446,.T.);
#4661=ORIENTED_EDGE('',*,*,#3447,.T.);
#4662=ORIENTED_EDGE('',*,*,#3448,.T.);
#4663=ORIENTED_EDGE('',*,*,#3449,.T.);
#4664=ORIENTED_EDGE('',*,*,#3450,.T.);
#4665=ORIENTED_EDGE('',*,*,#3451,.T.);
#4666=ORIENTED_EDGE('',*,*,#3452,.T.);
#4667=ORIENTED_EDGE('',*,*,#3453,.T.);
#4668=ORIENTED_EDGE('',*,*,#3445,.T.);
#4669=ORIENTED_EDGE('',*,*,#3454,.T.);
#4670=ORIENTED_EDGE('',*,*,#3455,.T.);
#4671=ORIENTED_EDGE('',*,*,#3456,.F.);
#4672=ORIENTED_EDGE('',*,*,#3457,.F.);
#4673=ORIENTED_EDGE('',*,*,#3458,.F.);
#4674=ORIENTED_EDGE('',*,*,#3459,.T.);
#4675=ORIENTED_EDGE('',*,*,#3460,.F.);
#4676=ORIENTED_EDGE('',*,*,#3461,.T.);
#4677=ORIENTED_EDGE('',*,*,#3462,.F.);
#4678=ORIENTED_EDGE('',*,*,#3463,.F.);
#4679=ORIENTED_EDGE('',*,*,#3464,.F.);
#4680=ORIENTED_EDGE('',*,*,#3458,.T.);
#4681=ORIENTED_EDGE('',*,*,#3465,.T.);
#4682=ORIENTED_EDGE('',*,*,#3462,.T.);
#4683=ORIENTED_EDGE('',*,*,#3466,.F.);
#4684=ORIENTED_EDGE('',*,*,#3467,.T.);
#4685=ORIENTED_EDGE('',*,*,#3468,.T.);
#4686=ORIENTED_EDGE('',*,*,#3456,.T.);
#4687=ORIENTED_EDGE('',*,*,#3469,.T.);
#4688=ORIENTED_EDGE('',*,*,#3470,.F.);
#4689=ORIENTED_EDGE('',*,*,#3471,.F.);
#4690=ORIENTED_EDGE('',*,*,#3472,.T.);
#4691=ORIENTED_EDGE('',*,*,#3473,.T.);
#4692=ORIENTED_EDGE('',*,*,#3455,.F.);
#4693=ORIENTED_EDGE('',*,*,#3474,.F.);
#4694=ORIENTED_EDGE('',*,*,#3475,.F.);
#4695=ORIENTED_EDGE('',*,*,#3476,.T.);
#4696=ORIENTED_EDGE('',*,*,#3477,.T.);
#4697=ORIENTED_EDGE('',*,*,#3478,.F.);
#4698=ORIENTED_EDGE('',*,*,#3479,.T.);
#4699=ORIENTED_EDGE('',*,*,#3480,.F.);
#4700=ORIENTED_EDGE('',*,*,#3481,.T.);
#4701=ORIENTED_EDGE('',*,*,#3482,.F.);
#4702=ORIENTED_EDGE('',*,*,#3483,.T.);
#4703=ORIENTED_EDGE('',*,*,#3484,.F.);
#4704=ORIENTED_EDGE('',*,*,#3485,.F.);
#4705=ORIENTED_EDGE('',*,*,#3486,.T.);
#4706=ORIENTED_EDGE('',*,*,#3487,.T.);
#4707=ORIENTED_EDGE('',*,*,#3488,.F.);
#4708=ORIENTED_EDGE('',*,*,#3489,.F.);
#4709=ORIENTED_EDGE('',*,*,#3490,.F.);
#4710=ORIENTED_EDGE('',*,*,#3491,.T.);
#4711=ORIENTED_EDGE('',*,*,#3486,.F.);
#4712=ORIENTED_EDGE('',*,*,#3492,.F.);
#4713=ORIENTED_EDGE('',*,*,#3493,.T.);
#4714=ORIENTED_EDGE('',*,*,#3494,.T.);
#4715=ORIENTED_EDGE('',*,*,#3495,.F.);
#4716=ORIENTED_EDGE('',*,*,#3496,.F.);
#4717=ORIENTED_EDGE('',*,*,#3488,.T.);
#4718=ORIENTED_EDGE('',*,*,#3497,.F.);
#4719=ORIENTED_EDGE('',*,*,#3498,.T.);
#4720=ORIENTED_EDGE('',*,*,#3489,.T.);
#4721=ORIENTED_EDGE('',*,*,#3496,.T.);
#4722=ORIENTED_EDGE('',*,*,#3499,.F.);
#4723=ORIENTED_EDGE('',*,*,#3500,.F.);
#4724=ORIENTED_EDGE('',*,*,#3501,.F.);
#4725=ORIENTED_EDGE('',*,*,#3502,.F.);
#4726=ORIENTED_EDGE('',*,*,#3503,.T.);
#4727=ORIENTED_EDGE('',*,*,#3504,.T.);
#4728=ORIENTED_EDGE('',*,*,#3505,.F.);
#4729=ORIENTED_EDGE('',*,*,#3506,.F.);
#4730=ORIENTED_EDGE('',*,*,#3507,.T.);
#4731=ORIENTED_EDGE('',*,*,#3508,.T.);
#4732=ORIENTED_EDGE('',*,*,#3509,.T.);
#4733=ORIENTED_EDGE('',*,*,#3510,.F.);
#4734=ORIENTED_EDGE('',*,*,#3511,.T.);
#4735=ORIENTED_EDGE('',*,*,#3512,.T.);
#4736=ORIENTED_EDGE('',*,*,#3513,.F.);
#4737=ORIENTED_EDGE('',*,*,#3514,.T.);
#4738=ORIENTED_EDGE('',*,*,#3515,.T.);
#4739=ORIENTED_EDGE('',*,*,#3516,.T.);
#4740=ORIENTED_EDGE('',*,*,#3514,.F.);
#4741=ORIENTED_EDGE('',*,*,#3517,.F.);
#4742=ORIENTED_EDGE('',*,*,#3509,.F.);
#4743=ORIENTED_EDGE('',*,*,#3518,.F.);
#4744=ORIENTED_EDGE('',*,*,#3519,.F.);
#4745=ORIENTED_EDGE('',*,*,#3520,.T.);
#4746=ORIENTED_EDGE('',*,*,#3521,.T.);
#4747=ORIENTED_EDGE('',*,*,#3522,.F.);
#4748=ORIENTED_EDGE('',*,*,#3523,.T.);
#4749=ORIENTED_EDGE('',*,*,#3524,.T.);
#4750=ORIENTED_EDGE('',*,*,#3525,.T.);
#4751=ORIENTED_EDGE('',*,*,#3526,.T.);
#4752=ORIENTED_EDGE('',*,*,#3492,.T.);
#4753=ORIENTED_EDGE('',*,*,#3485,.T.);
#4754=ORIENTED_EDGE('',*,*,#3527,.T.);
#4755=ORIENTED_EDGE('',*,*,#3528,.F.);
#4756=ORIENTED_EDGE('',*,*,#3529,.T.);
#4757=ORIENTED_EDGE('',*,*,#3446,.F.);
#4758=ORIENTED_EDGE('',*,*,#3529,.F.);
#4759=ORIENTED_EDGE('',*,*,#3530,.F.);
#4760=ORIENTED_EDGE('',*,*,#3531,.T.);
#4761=ORIENTED_EDGE('',*,*,#3447,.F.);
#4762=ORIENTED_EDGE('',*,*,#3531,.F.);
#4763=ORIENTED_EDGE('',*,*,#3532,.F.);
#4764=ORIENTED_EDGE('',*,*,#3533,.T.);
#4765=ORIENTED_EDGE('',*,*,#3448,.F.);
#4766=ORIENTED_EDGE('',*,*,#3533,.F.);
#4767=ORIENTED_EDGE('',*,*,#3534,.F.);
#4768=ORIENTED_EDGE('',*,*,#3535,.T.);
#4769=ORIENTED_EDGE('',*,*,#3449,.F.);
#4770=ORIENTED_EDGE('',*,*,#3535,.F.);
#4771=ORIENTED_EDGE('',*,*,#3536,.F.);
#4772=ORIENTED_EDGE('',*,*,#3537,.T.);
#4773=ORIENTED_EDGE('',*,*,#3450,.F.);
#4774=ORIENTED_EDGE('',*,*,#3537,.F.);
#4775=ORIENTED_EDGE('',*,*,#3538,.F.);
#4776=ORIENTED_EDGE('',*,*,#3539,.T.);
#4777=ORIENTED_EDGE('',*,*,#3451,.F.);
#4778=ORIENTED_EDGE('',*,*,#3539,.F.);
#4779=ORIENTED_EDGE('',*,*,#3540,.F.);
#4780=ORIENTED_EDGE('',*,*,#3541,.T.);
#4781=ORIENTED_EDGE('',*,*,#3452,.F.);
#4782=ORIENTED_EDGE('',*,*,#3541,.F.);
#4783=ORIENTED_EDGE('',*,*,#3542,.T.);
#4784=ORIENTED_EDGE('',*,*,#3543,.F.);
#4785=ORIENTED_EDGE('',*,*,#3544,.T.);
#4786=ORIENTED_EDGE('',*,*,#3545,.T.);
#4787=ORIENTED_EDGE('',*,*,#3546,.T.);
#4788=ORIENTED_EDGE('',*,*,#3545,.F.);
#4789=ORIENTED_EDGE('',*,*,#3547,.F.);
#4790=ORIENTED_EDGE('',*,*,#3436,.F.);
#4791=ORIENTED_EDGE('',*,*,#3548,.T.);
#4792=ORIENTED_EDGE('',*,*,#3549,.T.);
#4793=ORIENTED_EDGE('',*,*,#3550,.T.);
#4794=ORIENTED_EDGE('',*,*,#3551,.T.);
#4795=ORIENTED_EDGE('',*,*,#3552,.T.);
#4796=ORIENTED_EDGE('',*,*,#3553,.F.);
#4797=ORIENTED_EDGE('',*,*,#3554,.T.);
#4798=ORIENTED_EDGE('',*,*,#3555,.F.);
#4799=ORIENTED_EDGE('',*,*,#3556,.T.);
#4800=ORIENTED_EDGE('',*,*,#3557,.F.);
#4801=ORIENTED_EDGE('',*,*,#3558,.T.);
#4802=ORIENTED_EDGE('',*,*,#3559,.F.);
#4803=ORIENTED_EDGE('',*,*,#3560,.T.);
#4804=ORIENTED_EDGE('',*,*,#3561,.F.);
#4805=ORIENTED_EDGE('',*,*,#3562,.T.);
#4806=ORIENTED_EDGE('',*,*,#3563,.F.);
#4807=ORIENTED_EDGE('',*,*,#3564,.T.);
#4808=ORIENTED_EDGE('',*,*,#3563,.T.);
#4809=ORIENTED_EDGE('',*,*,#3565,.T.);
#4810=ORIENTED_EDGE('',*,*,#3566,.T.);
#4811=ORIENTED_EDGE('',*,*,#3540,.T.);
#4812=ORIENTED_EDGE('',*,*,#3538,.T.);
#4813=ORIENTED_EDGE('',*,*,#3536,.T.);
#4814=ORIENTED_EDGE('',*,*,#3534,.T.);
#4815=ORIENTED_EDGE('',*,*,#3532,.T.);
#4816=ORIENTED_EDGE('',*,*,#3530,.T.);
#4817=ORIENTED_EDGE('',*,*,#3528,.T.);
#4818=ORIENTED_EDGE('',*,*,#3567,.T.);
#4819=ORIENTED_EDGE('',*,*,#3566,.F.);
#4820=ORIENTED_EDGE('',*,*,#3568,.T.);
#4821=ORIENTED_EDGE('',*,*,#3569,.T.);
#4822=ORIENTED_EDGE('',*,*,#3570,.T.);
#4823=ORIENTED_EDGE('',*,*,#3571,.T.);
#4824=ORIENTED_EDGE('',*,*,#3572,.T.);
#4825=ORIENTED_EDGE('',*,*,#3573,.T.);
#4826=ORIENTED_EDGE('',*,*,#3574,.T.);
#4827=ORIENTED_EDGE('',*,*,#3575,.F.);
#4828=ORIENTED_EDGE('',*,*,#3576,.F.);
#4829=ORIENTED_EDGE('',*,*,#3577,.T.);
#4830=ORIENTED_EDGE('',*,*,#3578,.T.);
#4831=ORIENTED_EDGE('',*,*,#3579,.T.);
#4832=ORIENTED_EDGE('',*,*,#3580,.F.);
#4833=ORIENTED_EDGE('',*,*,#3504,.F.);
#4834=ORIENTED_EDGE('',*,*,#3581,.F.);
#4835=ORIENTED_EDGE('',*,*,#3582,.T.);
#4836=ORIENTED_EDGE('',*,*,#3578,.F.);
#4837=ORIENTED_EDGE('',*,*,#3583,.T.);
#4838=ORIENTED_EDGE('',*,*,#3584,.T.);
#4839=ORIENTED_EDGE('',*,*,#3585,.T.);
#4840=ORIENTED_EDGE('',*,*,#3581,.T.);
#4841=ORIENTED_EDGE('',*,*,#3503,.F.);
#4842=ORIENTED_EDGE('',*,*,#3586,.T.);
#4843=ORIENTED_EDGE('',*,*,#3587,.T.);
#4844=ORIENTED_EDGE('',*,*,#3588,.T.);
#4845=ORIENTED_EDGE('',*,*,#3589,.T.);
#4846=ORIENTED_EDGE('',*,*,#3586,.F.);
#4847=ORIENTED_EDGE('',*,*,#3502,.T.);
#4848=ORIENTED_EDGE('',*,*,#3590,.T.);
#4849=ORIENTED_EDGE('',*,*,#3591,.F.);
#4850=ORIENTED_EDGE('',*,*,#3470,.T.);
#4851=ORIENTED_EDGE('',*,*,#3592,.T.);
#4852=ORIENTED_EDGE('',*,*,#3593,.T.);
#4853=ORIENTED_EDGE('',*,*,#3475,.T.);
#4854=ORIENTED_EDGE('',*,*,#3594,.T.);
#4855=ORIENTED_EDGE('',*,*,#3595,.T.);
#4856=ORIENTED_EDGE('',*,*,#3596,.T.);
#4857=ORIENTED_EDGE('',*,*,#3597,.T.);
#4858=ORIENTED_EDGE('',*,*,#3595,.F.);
#4859=ORIENTED_EDGE('',*,*,#3598,.F.);
#4860=ORIENTED_EDGE('',*,*,#3599,.T.);
#4861=ORIENTED_EDGE('',*,*,#3600,.T.);
#4862=ORIENTED_EDGE('',*,*,#3601,.F.);
#4863=ORIENTED_EDGE('',*,*,#3602,.T.);
#4864=ORIENTED_EDGE('',*,*,#3603,.F.);
#4865=ORIENTED_EDGE('',*,*,#3497,.T.);
#4866=ORIENTED_EDGE('',*,*,#3501,.T.);
#4867=ORIENTED_EDGE('',*,*,#3500,.T.);
#4868=ORIENTED_EDGE('',*,*,#3604,.F.);
#4869=ORIENTED_EDGE('',*,*,#3605,.T.);
#4870=ORIENTED_EDGE('',*,*,#3606,.T.);
#4871=ORIENTED_EDGE('',*,*,#3607,.T.);
#4872=ORIENTED_EDGE('',*,*,#3608,.T.);
#4873=ORIENTED_EDGE('',*,*,#3609,.T.);
#4874=ORIENTED_EDGE('',*,*,#3610,.T.);
#4875=ORIENTED_EDGE('',*,*,#3611,.T.);
#4876=ORIENTED_EDGE('',*,*,#3612,.T.);
#4877=ORIENTED_EDGE('',*,*,#3587,.F.);
#4878=ORIENTED_EDGE('',*,*,#3506,.T.);
#4879=ORIENTED_EDGE('',*,*,#3613,.F.);
#4880=ORIENTED_EDGE('',*,*,#3614,.T.);
#4881=ORIENTED_EDGE('',*,*,#3615,.T.);
#4882=ORIENTED_EDGE('',*,*,#3616,.T.);
#4883=ORIENTED_EDGE('',*,*,#3472,.F.);
#4884=ORIENTED_EDGE('',*,*,#3617,.F.);
#4885=ORIENTED_EDGE('',*,*,#3543,.T.);
#4886=ORIENTED_EDGE('',*,*,#3618,.F.);
#4887=ORIENTED_EDGE('',*,*,#3619,.T.);
#4888=ORIENTED_EDGE('',*,*,#3620,.T.);
#4889=ORIENTED_EDGE('',*,*,#3621,.T.);
#4890=ORIENTED_EDGE('',*,*,#3622,.T.);
#4891=ORIENTED_EDGE('',*,*,#3623,.T.);
#4892=ORIENTED_EDGE('',*,*,#3624,.T.);
#4893=ORIENTED_EDGE('',*,*,#3625,.T.);
#4894=ORIENTED_EDGE('',*,*,#3626,.T.);
#4895=ORIENTED_EDGE('',*,*,#3627,.T.);
#4896=ORIENTED_EDGE('',*,*,#3608,.F.);
#4897=ORIENTED_EDGE('',*,*,#3542,.F.);
#4898=ORIENTED_EDGE('',*,*,#3546,.F.);
#4899=ORIENTED_EDGE('',*,*,#3435,.F.);
#4900=ORIENTED_EDGE('',*,*,#3443,.F.);
#4901=ORIENTED_EDGE('',*,*,#3453,.F.);
#4902=ORIENTED_EDGE('',*,*,#3473,.F.);
#4903=ORIENTED_EDGE('',*,*,#3593,.F.);
#4904=ORIENTED_EDGE('',*,*,#3597,.F.);
#4905=ORIENTED_EDGE('',*,*,#3628,.F.);
#4906=ORIENTED_EDGE('',*,*,#3629,.F.);
#4907=ORIENTED_EDGE('',*,*,#3630,.T.);
#4908=ORIENTED_EDGE('',*,*,#3618,.T.);
#4909=ORIENTED_EDGE('',*,*,#3631,.F.);
#4910=ORIENTED_EDGE('',*,*,#3632,.F.);
#4911=ORIENTED_EDGE('',*,*,#3631,.T.);
#4912=ORIENTED_EDGE('',*,*,#3628,.T.);
#4913=ORIENTED_EDGE('',*,*,#3596,.F.);
#4914=ORIENTED_EDGE('',*,*,#3633,.F.);
#4915=ORIENTED_EDGE('',*,*,#3609,.F.);
#4916=ORIENTED_EDGE('',*,*,#3627,.F.);
#4917=ORIENTED_EDGE('',*,*,#3634,.F.);
#4918=ORIENTED_EDGE('',*,*,#3630,.F.);
#4919=ORIENTED_EDGE('',*,*,#3635,.F.);
#4920=ORIENTED_EDGE('',*,*,#3636,.T.);
#4921=ORIENTED_EDGE('',*,*,#3619,.F.);
#4922=ORIENTED_EDGE('',*,*,#3636,.F.);
#4923=ORIENTED_EDGE('',*,*,#3637,.F.);
#4924=ORIENTED_EDGE('',*,*,#3638,.T.);
#4925=ORIENTED_EDGE('',*,*,#3620,.F.);
#4926=ORIENTED_EDGE('',*,*,#3638,.F.);
#4927=ORIENTED_EDGE('',*,*,#3639,.F.);
#4928=ORIENTED_EDGE('',*,*,#3640,.T.);
#4929=ORIENTED_EDGE('',*,*,#3621,.F.);
#4930=ORIENTED_EDGE('',*,*,#3640,.F.);
#4931=ORIENTED_EDGE('',*,*,#3641,.F.);
#4932=ORIENTED_EDGE('',*,*,#3642,.T.);
#4933=ORIENTED_EDGE('',*,*,#3622,.F.);
#4934=ORIENTED_EDGE('',*,*,#3642,.F.);
#4935=ORIENTED_EDGE('',*,*,#3643,.F.);
#4936=ORIENTED_EDGE('',*,*,#3644,.T.);
#4937=ORIENTED_EDGE('',*,*,#3623,.F.);
#4938=ORIENTED_EDGE('',*,*,#3644,.F.);
#4939=ORIENTED_EDGE('',*,*,#3645,.F.);
#4940=ORIENTED_EDGE('',*,*,#3646,.T.);
#4941=ORIENTED_EDGE('',*,*,#3624,.F.);
#4942=ORIENTED_EDGE('',*,*,#3646,.F.);
#4943=ORIENTED_EDGE('',*,*,#3647,.F.);
#4944=ORIENTED_EDGE('',*,*,#3648,.T.);
#4945=ORIENTED_EDGE('',*,*,#3625,.F.);
#4946=ORIENTED_EDGE('',*,*,#3648,.F.);
#4947=ORIENTED_EDGE('',*,*,#3649,.F.);
#4948=ORIENTED_EDGE('',*,*,#3634,.T.);
#4949=ORIENTED_EDGE('',*,*,#3626,.F.);
#4950=ORIENTED_EDGE('',*,*,#3650,.T.);
#4951=ORIENTED_EDGE('',*,*,#3651,.T.);
#4952=ORIENTED_EDGE('',*,*,#3652,.T.);
#4953=ORIENTED_EDGE('',*,*,#3653,.T.);
#4954=ORIENTED_EDGE('',*,*,#3654,.T.);
#4955=ORIENTED_EDGE('',*,*,#3653,.F.);
#4956=ORIENTED_EDGE('',*,*,#3655,.T.);
#4957=ORIENTED_EDGE('',*,*,#3606,.F.);
#4958=ORIENTED_EDGE('',*,*,#3656,.T.);
#4959=ORIENTED_EDGE('',*,*,#3613,.T.);
#4960=ORIENTED_EDGE('',*,*,#3505,.T.);
#4961=ORIENTED_EDGE('',*,*,#3580,.T.);
#4962=ORIENTED_EDGE('',*,*,#3657,.T.);
#4963=ORIENTED_EDGE('',*,*,#3658,.T.);
#4964=ORIENTED_EDGE('',*,*,#3611,.F.);
#4965=ORIENTED_EDGE('',*,*,#3659,.T.);
#4966=ORIENTED_EDGE('',*,*,#3660,.F.);
#4967=ORIENTED_EDGE('',*,*,#3661,.T.);
#4968=ORIENTED_EDGE('',*,*,#3660,.T.);
#4969=ORIENTED_EDGE('',*,*,#3662,.T.);
#4970=ORIENTED_EDGE('',*,*,#3663,.T.);
#4971=ORIENTED_EDGE('',*,*,#3664,.T.);
#4972=ORIENTED_EDGE('',*,*,#3663,.F.);
#4973=ORIENTED_EDGE('',*,*,#3665,.T.);
#4974=ORIENTED_EDGE('',*,*,#3651,.F.);
#4975=ORIENTED_EDGE('',*,*,#3666,.T.);
#4976=ORIENTED_EDGE('',*,*,#3667,.T.);
#4977=ORIENTED_EDGE('',*,*,#3668,.T.);
#4978=ORIENTED_EDGE('',*,*,#3669,.F.);
#4979=ORIENTED_EDGE('',*,*,#3670,.F.);
#4980=ORIENTED_EDGE('',*,*,#3671,.F.);
#4981=ORIENTED_EDGE('',*,*,#3603,.T.);
#4982=ORIENTED_EDGE('',*,*,#3671,.T.);
#4983=ORIENTED_EDGE('',*,*,#3672,.T.);
#4984=ORIENTED_EDGE('',*,*,#3490,.T.);
#4985=ORIENTED_EDGE('',*,*,#3498,.F.);
#4986=ORIENTED_EDGE('',*,*,#3669,.T.);
#4987=ORIENTED_EDGE('',*,*,#3604,.T.);
#4988=ORIENTED_EDGE('',*,*,#3499,.T.);
#4989=ORIENTED_EDGE('',*,*,#3495,.T.);
#4990=ORIENTED_EDGE('',*,*,#3673,.T.);
#4991=ORIENTED_EDGE('',*,*,#3674,.T.);
#4992=ORIENTED_EDGE('',*,*,#3601,.T.);
#4993=ORIENTED_EDGE('',*,*,#3675,.T.);
#4994=ORIENTED_EDGE('',*,*,#3676,.F.);
#4995=ORIENTED_EDGE('',*,*,#3677,.T.);
#4996=ORIENTED_EDGE('',*,*,#3676,.T.);
#4997=ORIENTED_EDGE('',*,*,#3678,.T.);
#4998=ORIENTED_EDGE('',*,*,#3679,.T.);
#4999=ORIENTED_EDGE('',*,*,#3680,.T.);
#5000=ORIENTED_EDGE('',*,*,#3679,.F.);
#5001=ORIENTED_EDGE('',*,*,#3681,.T.);
#5002=ORIENTED_EDGE('',*,*,#3682,.F.);
#5003=ORIENTED_EDGE('',*,*,#3683,.T.);
#5004=ORIENTED_EDGE('',*,*,#3682,.T.);
#5005=ORIENTED_EDGE('',*,*,#3684,.T.);
#5006=ORIENTED_EDGE('',*,*,#3685,.T.);
#5007=ORIENTED_EDGE('',*,*,#3686,.T.);
#5008=ORIENTED_EDGE('',*,*,#3685,.F.);
#5009=ORIENTED_EDGE('',*,*,#3687,.T.);
#5010=ORIENTED_EDGE('',*,*,#3615,.F.);
#5011=ORIENTED_EDGE('',*,*,#3688,.T.);
#5012=ORIENTED_EDGE('',*,*,#3656,.F.);
#5013=ORIENTED_EDGE('',*,*,#3689,.F.);
#5014=ORIENTED_EDGE('',*,*,#3588,.F.);
#5015=ORIENTED_EDGE('',*,*,#3650,.F.);
#5016=ORIENTED_EDGE('',*,*,#3654,.F.);
#5017=ORIENTED_EDGE('',*,*,#3605,.F.);
#5018=ORIENTED_EDGE('',*,*,#3668,.F.);
#5019=ORIENTED_EDGE('',*,*,#3667,.F.);
#5020=ORIENTED_EDGE('',*,*,#3666,.F.);
#5021=ORIENTED_EDGE('',*,*,#3602,.F.);
#5022=ORIENTED_EDGE('',*,*,#3674,.F.);
#5023=ORIENTED_EDGE('',*,*,#3677,.F.);
#5024=ORIENTED_EDGE('',*,*,#3680,.F.);
#5025=ORIENTED_EDGE('',*,*,#3683,.F.);
#5026=ORIENTED_EDGE('',*,*,#3686,.F.);
#5027=ORIENTED_EDGE('',*,*,#3614,.F.);
#5028=ORIENTED_EDGE('',*,*,#3688,.F.);
#5029=ORIENTED_EDGE('',*,*,#3612,.F.);
#5030=ORIENTED_EDGE('',*,*,#3658,.F.);
#5031=ORIENTED_EDGE('',*,*,#3661,.F.);
#5032=ORIENTED_EDGE('',*,*,#3664,.F.);
#5033=ORIENTED_EDGE('',*,*,#3690,.T.);
#5034=ORIENTED_EDGE('',*,*,#3691,.F.);
#5035=ORIENTED_EDGE('',*,*,#3692,.T.);
#5036=ORIENTED_EDGE('',*,*,#3493,.F.);
#5037=ORIENTED_EDGE('',*,*,#3526,.F.);
#5038=ORIENTED_EDGE('',*,*,#3693,.F.);
#5039=ORIENTED_EDGE('',*,*,#3694,.F.);
#5040=ORIENTED_EDGE('',*,*,#3695,.T.);
#5041=ORIENTED_EDGE('',*,*,#3696,.T.);
#5042=ORIENTED_EDGE('',*,*,#3571,.F.);
#5043=ORIENTED_EDGE('',*,*,#3697,.T.);
#5044=ORIENTED_EDGE('',*,*,#3698,.T.);
#5045=ORIENTED_EDGE('',*,*,#3699,.T.);
#5046=ORIENTED_EDGE('',*,*,#3570,.F.);
#5047=ORIENTED_EDGE('',*,*,#3700,.T.);
#5048=ORIENTED_EDGE('',*,*,#3439,.F.);
#5049=ORIENTED_EDGE('',*,*,#3701,.F.);
#5050=ORIENTED_EDGE('',*,*,#3697,.F.);
#5051=ORIENTED_EDGE('',*,*,#3442,.F.);
#5052=ORIENTED_EDGE('',*,*,#3702,.F.);
#5053=ORIENTED_EDGE('',*,*,#3698,.F.);
#5054=ORIENTED_EDGE('',*,*,#3701,.T.);
#5055=ORIENTED_EDGE('',*,*,#3573,.F.);
#5056=ORIENTED_EDGE('',*,*,#3703,.T.);
#5057=ORIENTED_EDGE('',*,*,#3440,.F.);
#5058=ORIENTED_EDGE('',*,*,#3700,.F.);
#5059=ORIENTED_EDGE('',*,*,#3572,.F.);
#5060=ORIENTED_EDGE('',*,*,#3699,.F.);
#5061=ORIENTED_EDGE('',*,*,#3702,.T.);
#5062=ORIENTED_EDGE('',*,*,#3441,.F.);
#5063=ORIENTED_EDGE('',*,*,#3703,.F.);
#5064=ORIENTED_EDGE('',*,*,#3704,.T.);
#5065=ORIENTED_EDGE('',*,*,#3705,.T.);
#5066=ORIENTED_EDGE('',*,*,#3691,.T.);
#5067=ORIENTED_EDGE('',*,*,#3706,.T.);
#5068=ORIENTED_EDGE('',*,*,#3707,.F.);
#5069=ORIENTED_EDGE('',*,*,#3704,.F.);
#5070=ORIENTED_EDGE('',*,*,#3708,.F.);
#5071=ORIENTED_EDGE('',*,*,#3709,.T.);
#5072=ORIENTED_EDGE('',*,*,#3710,.T.);
#5073=ORIENTED_EDGE('',*,*,#3711,.T.);
#5074=ORIENTED_EDGE('',*,*,#3712,.T.);
#5075=ORIENTED_EDGE('',*,*,#3713,.T.);
#5076=ORIENTED_EDGE('',*,*,#3576,.T.);
#5077=ORIENTED_EDGE('',*,*,#3714,.T.);
#5078=ORIENTED_EDGE('',*,*,#3715,.T.);
#5079=ORIENTED_EDGE('',*,*,#3716,.T.);
#5080=ORIENTED_EDGE('',*,*,#3569,.F.);
#5081=ORIENTED_EDGE('',*,*,#3717,.T.);
#5082=ORIENTED_EDGE('',*,*,#3718,.T.);
#5083=ORIENTED_EDGE('',*,*,#3719,.T.);
#5084=ORIENTED_EDGE('',*,*,#3720,.T.);
#5085=ORIENTED_EDGE('',*,*,#3721,.T.);
#5086=ORIENTED_EDGE('',*,*,#3722,.T.);
#5087=ORIENTED_EDGE('',*,*,#3723,.T.);
#5088=ORIENTED_EDGE('',*,*,#3724,.T.);
#5089=ORIENTED_EDGE('',*,*,#3725,.T.);
#5090=ORIENTED_EDGE('',*,*,#3715,.F.);
#5091=ORIENTED_EDGE('',*,*,#3726,.T.);
#5092=ORIENTED_EDGE('',*,*,#3722,.F.);
#5093=ORIENTED_EDGE('',*,*,#3727,.F.);
#5094=ORIENTED_EDGE('',*,*,#3714,.F.);
#5095=ORIENTED_EDGE('',*,*,#3728,.T.);
#5096=ORIENTED_EDGE('',*,*,#3723,.F.);
#5097=ORIENTED_EDGE('',*,*,#3726,.F.);
#5098=ORIENTED_EDGE('',*,*,#3729,.T.);
#5099=ORIENTED_EDGE('',*,*,#3575,.T.);
#5100=ORIENTED_EDGE('',*,*,#3730,.T.);
#5101=ORIENTED_EDGE('',*,*,#3724,.F.);
#5102=ORIENTED_EDGE('',*,*,#3728,.F.);
#5103=ORIENTED_EDGE('',*,*,#3731,.F.);
#5104=ORIENTED_EDGE('',*,*,#3732,.T.);
#5105=ORIENTED_EDGE('',*,*,#3733,.F.);
#5106=ORIENTED_EDGE('',*,*,#3732,.F.);
#5107=ORIENTED_EDGE('',*,*,#3734,.F.);
#5108=ORIENTED_EDGE('',*,*,#3735,.T.);
#5109=ORIENTED_EDGE('',*,*,#3729,.F.);
#5110=ORIENTED_EDGE('',*,*,#3735,.F.);
#5111=ORIENTED_EDGE('',*,*,#3736,.F.);
#5112=ORIENTED_EDGE('',*,*,#3737,.F.);
#5113=ORIENTED_EDGE('',*,*,#3738,.F.);
#5114=ORIENTED_EDGE('',*,*,#3590,.F.);
#5115=ORIENTED_EDGE('',*,*,#3739,.T.);
#5116=ORIENTED_EDGE('',*,*,#3527,.F.);
#5117=ORIENTED_EDGE('',*,*,#3484,.T.);
#5118=ORIENTED_EDGE('',*,*,#3740,.T.);
#5119=ORIENTED_EDGE('',*,*,#3737,.T.);
#5120=ORIENTED_EDGE('',*,*,#3741,.T.);
#5121=ORIENTED_EDGE('',*,*,#3599,.F.);
#5122=ORIENTED_EDGE('',*,*,#3742,.F.);
#5123=ORIENTED_EDGE('',*,*,#3743,.T.);
#5124=ORIENTED_EDGE('',*,*,#3744,.T.);
#5125=ORIENTED_EDGE('',*,*,#3584,.F.);
#5126=ORIENTED_EDGE('',*,*,#3745,.F.);
#5127=ORIENTED_EDGE('',*,*,#3746,.T.);
#5128=ORIENTED_EDGE('',*,*,#3747,.T.);
#5129=ORIENTED_EDGE('',*,*,#3522,.T.);
#5130=ORIENTED_EDGE('',*,*,#3748,.T.);
#5131=ORIENTED_EDGE('',*,*,#3749,.T.);
#5132=ORIENTED_EDGE('',*,*,#3745,.T.);
#5133=ORIENTED_EDGE('',*,*,#3583,.F.);
#5134=ORIENTED_EDGE('',*,*,#3577,.F.);
#5135=ORIENTED_EDGE('',*,*,#3713,.F.);
#5136=ORIENTED_EDGE('',*,*,#3750,.T.);
#5137=ORIENTED_EDGE('',*,*,#3751,.T.);
#5138=ORIENTED_EDGE('',*,*,#3752,.T.);
#5139=ORIENTED_EDGE('',*,*,#3743,.F.);
#5140=ORIENTED_EDGE('',*,*,#3749,.F.);
#5141=ORIENTED_EDGE('',*,*,#3753,.F.);
#5142=ORIENTED_EDGE('',*,*,#3754,.T.);
#5143=ORIENTED_EDGE('',*,*,#3755,.T.);
#5144=ORIENTED_EDGE('',*,*,#3756,.T.);
#5145=ORIENTED_EDGE('',*,*,#3757,.T.);
#5146=ORIENTED_EDGE('',*,*,#3758,.F.);
#5147=ORIENTED_EDGE('',*,*,#3759,.F.);
#5148=ORIENTED_EDGE('',*,*,#3751,.F.);
#5149=ORIENTED_EDGE('',*,*,#3760,.T.);
#5150=ORIENTED_EDGE('',*,*,#3761,.F.);
#5151=ORIENTED_EDGE('',*,*,#3762,.T.);
#5152=ORIENTED_EDGE('',*,*,#3763,.F.);
#5153=ORIENTED_EDGE('',*,*,#3764,.T.);
#5154=ORIENTED_EDGE('',*,*,#3763,.T.);
#5155=ORIENTED_EDGE('',*,*,#3765,.F.);
#5156=ORIENTED_EDGE('',*,*,#3766,.F.);
#5157=ORIENTED_EDGE('',*,*,#3767,.T.);
#5158=ORIENTED_EDGE('',*,*,#3766,.T.);
#5159=ORIENTED_EDGE('',*,*,#3768,.F.);
#5160=ORIENTED_EDGE('',*,*,#3761,.T.);
#5161=ORIENTED_EDGE('',*,*,#3769,.T.);
#5162=ORIENTED_EDGE('',*,*,#3770,.F.);
#5163=ORIENTED_EDGE('',*,*,#3771,.F.);
#5164=ORIENTED_EDGE('',*,*,#3772,.F.);
#5165=ORIENTED_EDGE('',*,*,#3773,.T.);
#5166=ORIENTED_EDGE('',*,*,#3774,.F.);
#5167=ORIENTED_EDGE('',*,*,#3775,.T.);
#5168=ORIENTED_EDGE('',*,*,#3770,.T.);
#5169=ORIENTED_EDGE('',*,*,#3776,.T.);
#5170=ORIENTED_EDGE('',*,*,#3777,.F.);
#5171=ORIENTED_EDGE('',*,*,#3774,.T.);
#5172=ORIENTED_EDGE('',*,*,#3778,.T.);
#5173=ORIENTED_EDGE('',*,*,#3779,.T.);
#5174=ORIENTED_EDGE('',*,*,#3780,.T.);
#5175=ORIENTED_EDGE('',*,*,#3772,.T.);
#5176=ORIENTED_EDGE('',*,*,#3781,.F.);
#5177=ORIENTED_EDGE('',*,*,#3523,.F.);
#5178=ORIENTED_EDGE('',*,*,#3739,.F.);
#5179=ORIENTED_EDGE('',*,*,#3782,.T.);
#5180=ORIENTED_EDGE('',*,*,#3758,.T.);
#5181=ORIENTED_EDGE('',*,*,#3783,.T.);
#5182=ORIENTED_EDGE('',*,*,#3754,.F.);
#5183=ORIENTED_EDGE('',*,*,#3784,.F.);
#5184=ORIENTED_EDGE('',*,*,#3785,.F.);
#5185=ORIENTED_EDGE('',*,*,#3786,.T.);
#5186=ORIENTED_EDGE('',*,*,#3785,.T.);
#5187=ORIENTED_EDGE('',*,*,#3787,.T.);
#5188=ORIENTED_EDGE('',*,*,#3788,.T.);
#5189=ORIENTED_EDGE('',*,*,#3789,.T.);
#5190=ORIENTED_EDGE('',*,*,#3788,.F.);
#5191=ORIENTED_EDGE('',*,*,#3790,.F.);
#5192=ORIENTED_EDGE('',*,*,#3791,.T.);
#5193=ORIENTED_EDGE('',*,*,#3792,.F.);
#5194=ORIENTED_EDGE('',*,*,#3793,.F.);
#5195=ORIENTED_EDGE('',*,*,#3794,.T.);
#5196=ORIENTED_EDGE('',*,*,#3795,.T.);
#5197=ORIENTED_EDGE('',*,*,#3796,.F.);
#5198=ORIENTED_EDGE('',*,*,#3797,.F.);
#5199=ORIENTED_EDGE('',*,*,#3792,.T.);
#5200=ORIENTED_EDGE('',*,*,#3798,.T.);
#5201=ORIENTED_EDGE('',*,*,#3794,.F.);
#5202=ORIENTED_EDGE('',*,*,#3799,.F.);
#5203=ORIENTED_EDGE('',*,*,#3796,.T.);
#5204=ORIENTED_EDGE('',*,*,#3756,.F.);
#5205=ORIENTED_EDGE('',*,*,#3800,.F.);
#5206=ORIENTED_EDGE('',*,*,#3779,.F.);
#5207=ORIENTED_EDGE('',*,*,#3801,.F.);
#5208=ORIENTED_EDGE('',*,*,#3757,.F.);
#5209=ORIENTED_EDGE('',*,*,#3750,.F.);
#5210=ORIENTED_EDGE('',*,*,#3801,.T.);
#5211=ORIENTED_EDGE('',*,*,#3778,.F.);
#5212=ORIENTED_EDGE('',*,*,#3802,.T.);
#5213=ORIENTED_EDGE('',*,*,#3803,.T.);
#5214=ORIENTED_EDGE('',*,*,#3476,.F.);
#5215=ORIENTED_EDGE('',*,*,#3804,.F.);
#5216=ORIENTED_EDGE('',*,*,#3805,.T.);
#5217=ORIENTED_EDGE('',*,*,#3804,.T.);
#5218=ORIENTED_EDGE('',*,*,#3482,.T.);
#5219=ORIENTED_EDGE('',*,*,#3806,.T.);
#5220=ORIENTED_EDGE('',*,*,#3807,.F.);
#5221=ORIENTED_EDGE('',*,*,#3808,.F.);
#5222=ORIENTED_EDGE('',*,*,#3809,.F.);
#5223=ORIENTED_EDGE('',*,*,#3810,.T.);
#5224=ORIENTED_EDGE('',*,*,#3811,.F.);
#5225=ORIENTED_EDGE('',*,*,#3812,.F.);
#5226=ORIENTED_EDGE('',*,*,#3813,.F.);
#5227=ORIENTED_EDGE('',*,*,#3808,.T.);
#5228=ORIENTED_EDGE('',*,*,#3814,.F.);
#5229=ORIENTED_EDGE('',*,*,#3815,.F.);
#5230=ORIENTED_EDGE('',*,*,#3816,.F.);
#5231=ORIENTED_EDGE('',*,*,#3812,.T.);
#5232=ORIENTED_EDGE('',*,*,#3817,.F.);
#5233=ORIENTED_EDGE('',*,*,#3810,.F.);
#5234=ORIENTED_EDGE('',*,*,#3818,.F.);
#5235=ORIENTED_EDGE('',*,*,#3815,.T.);
#5236=ORIENTED_EDGE('',*,*,#3819,.T.);
#5237=ORIENTED_EDGE('',*,*,#3820,.F.);
#5238=ORIENTED_EDGE('',*,*,#3821,.F.);
#5239=ORIENTED_EDGE('',*,*,#3822,.F.);
#5240=ORIENTED_EDGE('',*,*,#3823,.T.);
#5241=ORIENTED_EDGE('',*,*,#3824,.F.);
#5242=ORIENTED_EDGE('',*,*,#3825,.F.);
#5243=ORIENTED_EDGE('',*,*,#3826,.T.);
#5244=ORIENTED_EDGE('',*,*,#3690,.F.);
#5245=ORIENTED_EDGE('',*,*,#3827,.T.);
#5246=ORIENTED_EDGE('',*,*,#3708,.T.);
#5247=ORIENTED_EDGE('',*,*,#3706,.F.);
#5248=ORIENTED_EDGE('',*,*,#3733,.T.);
#5249=ORIENTED_EDGE('',*,*,#3828,.T.);
#5250=ORIENTED_EDGE('',*,*,#3694,.T.);
#5251=ORIENTED_EDGE('',*,*,#3693,.T.);
#5252=ORIENTED_EDGE('',*,*,#3525,.F.);
#5253=ORIENTED_EDGE('',*,*,#3829,.F.);
#5254=ORIENTED_EDGE('',*,*,#3830,.T.);
#5255=ORIENTED_EDGE('',*,*,#3831,.T.);
#5256=ORIENTED_EDGE('',*,*,#3832,.F.);
#5257=ORIENTED_EDGE('',*,*,#3833,.F.);
#5258=ORIENTED_EDGE('',*,*,#3834,.T.);
#5259=ORIENTED_EDGE('',*,*,#3835,.T.);
#5260=ORIENTED_EDGE('',*,*,#3836,.F.);
#5261=ORIENTED_EDGE('',*,*,#3837,.F.);
#5262=ORIENTED_EDGE('',*,*,#3832,.T.);
#5263=ORIENTED_EDGE('',*,*,#3838,.T.);
#5264=ORIENTED_EDGE('',*,*,#3839,.F.);
#5265=ORIENTED_EDGE('',*,*,#3840,.F.);
#5266=ORIENTED_EDGE('',*,*,#3824,.T.);
#5267=ORIENTED_EDGE('',*,*,#3841,.F.);
#5268=ORIENTED_EDGE('',*,*,#3842,.F.);
#5269=ORIENTED_EDGE('',*,*,#3802,.F.);
#5270=ORIENTED_EDGE('',*,*,#3805,.F.);
#5271=ORIENTED_EDGE('',*,*,#3843,.F.);
#5272=ORIENTED_EDGE('',*,*,#3844,.T.);
#5273=ORIENTED_EDGE('',*,*,#3845,.T.);
#5274=ORIENTED_EDGE('',*,*,#3846,.F.);
#5275=ORIENTED_EDGE('',*,*,#3843,.T.);
#5276=ORIENTED_EDGE('',*,*,#3806,.F.);
#5277=ORIENTED_EDGE('',*,*,#3481,.F.);
#5278=ORIENTED_EDGE('',*,*,#3847,.F.);
#5279=ORIENTED_EDGE('',*,*,#3848,.T.);
#5280=ORIENTED_EDGE('',*,*,#3849,.F.);
#5281=ORIENTED_EDGE('',*,*,#3477,.F.);
#5282=ORIENTED_EDGE('',*,*,#3803,.F.);
#5283=ORIENTED_EDGE('',*,*,#3842,.T.);
#5284=ORIENTED_EDGE('',*,*,#3850,.F.);
#5285=ORIENTED_EDGE('',*,*,#3851,.T.);
#5286=ORIENTED_EDGE('',*,*,#3852,.T.);
#5287=ORIENTED_EDGE('',*,*,#3507,.F.);
#5288=ORIENTED_EDGE('',*,*,#3853,.T.);
#5289=ORIENTED_EDGE('',*,*,#3854,.T.);
#5290=ORIENTED_EDGE('',*,*,#3855,.T.);
#5291=ORIENTED_EDGE('',*,*,#3853,.F.);
#5292=ORIENTED_EDGE('',*,*,#3512,.F.);
#5293=ORIENTED_EDGE('',*,*,#3511,.F.);
#5294=ORIENTED_EDGE('',*,*,#3856,.F.);
#5295=ORIENTED_EDGE('',*,*,#3561,.T.);
#5296=ORIENTED_EDGE('',*,*,#3857,.T.);
#5297=ORIENTED_EDGE('',*,*,#3854,.F.);
#5298=ORIENTED_EDGE('',*,*,#3858,.F.);
#5299=ORIENTED_EDGE('',*,*,#3859,.F.);
#5300=ORIENTED_EDGE('',*,*,#3860,.F.);
#5301=ORIENTED_EDGE('',*,*,#3861,.T.);
#5302=ORIENTED_EDGE('',*,*,#3862,.T.);
#5303=ORIENTED_EDGE('',*,*,#3863,.F.);
#5304=ORIENTED_EDGE('',*,*,#3864,.F.);
#5305=ORIENTED_EDGE('',*,*,#3865,.T.);
#5306=ORIENTED_EDGE('',*,*,#3851,.F.);
#5307=ORIENTED_EDGE('',*,*,#3866,.F.);
#5308=ORIENTED_EDGE('',*,*,#3845,.F.);
#5309=ORIENTED_EDGE('',*,*,#3846,.T.);
#5310=ORIENTED_EDGE('',*,*,#3866,.T.);
#5311=ORIENTED_EDGE('',*,*,#3850,.T.);
#5312=ORIENTED_EDGE('',*,*,#3841,.T.);
#5313=ORIENTED_EDGE('',*,*,#3867,.T.);
#5314=ORIENTED_EDGE('',*,*,#3717,.F.);
#5315=ORIENTED_EDGE('',*,*,#3568,.F.);
#5316=ORIENTED_EDGE('',*,*,#3565,.F.);
#5317=ORIENTED_EDGE('',*,*,#3562,.F.);
#5318=ORIENTED_EDGE('',*,*,#3856,.T.);
#5319=ORIENTED_EDGE('',*,*,#3510,.T.);
#5320=ORIENTED_EDGE('',*,*,#3517,.T.);
#5321=ORIENTED_EDGE('',*,*,#3513,.T.);
#5322=ORIENTED_EDGE('',*,*,#3868,.T.);
#5323=ORIENTED_EDGE('',*,*,#3869,.T.);
#5324=ORIENTED_EDGE('',*,*,#3870,.F.);
#5325=ORIENTED_EDGE('',*,*,#3519,.T.);
#5326=ORIENTED_EDGE('',*,*,#3747,.F.);
#5327=ORIENTED_EDGE('',*,*,#3871,.T.);
#5328=ORIENTED_EDGE('',*,*,#3868,.F.);
#5329=ORIENTED_EDGE('',*,*,#3516,.F.);
#5330=ORIENTED_EDGE('',*,*,#3872,.F.);
#5331=ORIENTED_EDGE('',*,*,#3873,.F.);
#5332=ORIENTED_EDGE('',*,*,#3874,.T.);
#5333=ORIENTED_EDGE('',*,*,#3875,.T.);
#5334=ORIENTED_EDGE('',*,*,#3876,.T.);
#5335=ORIENTED_EDGE('',*,*,#3877,.T.);
#5336=ORIENTED_EDGE('',*,*,#3878,.F.);
#5337=ORIENTED_EDGE('',*,*,#3879,.T.);
#5338=ORIENTED_EDGE('',*,*,#3880,.F.);
#5339=ORIENTED_EDGE('',*,*,#3863,.T.);
#5340=ORIENTED_EDGE('',*,*,#3881,.T.);
#5341=ORIENTED_EDGE('',*,*,#3882,.T.);
#5342=ORIENTED_EDGE('',*,*,#3883,.T.);
#5343=ORIENTED_EDGE('',*,*,#3884,.F.);
#5344=ORIENTED_EDGE('',*,*,#3876,.F.);
#5345=ORIENTED_EDGE('',*,*,#3885,.F.);
#5346=ORIENTED_EDGE('',*,*,#3718,.F.);
#5347=ORIENTED_EDGE('',*,*,#3867,.F.);
#5348=ORIENTED_EDGE('',*,*,#3871,.F.);
#5349=ORIENTED_EDGE('',*,*,#3886,.F.);
#5350=ORIENTED_EDGE('',*,*,#3869,.F.);
#5351=ORIENTED_EDGE('',*,*,#3746,.F.);
#5352=ORIENTED_EDGE('',*,*,#3712,.F.);
#5353=ORIENTED_EDGE('',*,*,#3887,.T.);
#5354=ORIENTED_EDGE('',*,*,#3874,.F.);
#5355=ORIENTED_EDGE('',*,*,#3888,.T.);
#5356=ORIENTED_EDGE('',*,*,#3864,.T.);
#5357=ORIENTED_EDGE('',*,*,#3883,.F.);
#5358=ORIENTED_EDGE('',*,*,#3889,.F.);
#5359=ORIENTED_EDGE('',*,*,#3890,.F.);
#5360=ORIENTED_EDGE('',*,*,#3891,.T.);
#5361=ORIENTED_EDGE('',*,*,#3892,.F.);
#5362=ORIENTED_EDGE('',*,*,#3554,.F.);
#5363=ORIENTED_EDGE('',*,*,#3893,.F.);
#5364=ORIENTED_EDGE('',*,*,#3558,.F.);
#5365=ORIENTED_EDGE('',*,*,#3894,.F.);
#5366=ORIENTED_EDGE('',*,*,#3895,.T.);
#5367=ORIENTED_EDGE('',*,*,#3896,.T.);
#5368=ORIENTED_EDGE('',*,*,#3889,.T.);
#5369=ORIENTED_EDGE('',*,*,#3882,.F.);
#5370=ORIENTED_EDGE('',*,*,#3897,.F.);
#5371=ORIENTED_EDGE('',*,*,#3898,.T.);
#5372=ORIENTED_EDGE('',*,*,#3897,.T.);
#5373=ORIENTED_EDGE('',*,*,#3881,.F.);
#5374=ORIENTED_EDGE('',*,*,#3862,.F.);
#5375=ORIENTED_EDGE('',*,*,#3899,.F.);
#5376=ORIENTED_EDGE('',*,*,#3900,.T.);
#5377=ORIENTED_EDGE('',*,*,#3555,.T.);
#5378=ORIENTED_EDGE('',*,*,#3892,.T.);
#5379=ORIENTED_EDGE('',*,*,#3901,.F.);
#5380=ORIENTED_EDGE('',*,*,#3556,.F.);
#5381=ORIENTED_EDGE('',*,*,#3900,.F.);
#5382=ORIENTED_EDGE('',*,*,#3902,.T.);
#5383=ORIENTED_EDGE('',*,*,#3903,.F.);
#5384=ORIENTED_EDGE('',*,*,#3894,.T.);
#5385=ORIENTED_EDGE('',*,*,#3557,.T.);
#5386=ORIENTED_EDGE('',*,*,#3901,.T.);
#5387=ORIENTED_EDGE('',*,*,#3904,.F.);
#5388=ORIENTED_EDGE('',*,*,#3905,.T.);
#5389=ORIENTED_EDGE('',*,*,#3559,.T.);
#5390=ORIENTED_EDGE('',*,*,#3893,.T.);
#5391=ORIENTED_EDGE('',*,*,#3906,.F.);
#5392=ORIENTED_EDGE('',*,*,#3552,.F.);
#5393=ORIENTED_EDGE('',*,*,#3905,.F.);
#5394=ORIENTED_EDGE('',*,*,#3907,.T.);
#5395=ORIENTED_EDGE('',*,*,#3908,.T.);
#5396=ORIENTED_EDGE('',*,*,#3907,.F.);
#5397=ORIENTED_EDGE('',*,*,#3904,.T.);
#5398=ORIENTED_EDGE('',*,*,#3895,.F.);
#5399=ORIENTED_EDGE('',*,*,#3903,.T.);
#5400=ORIENTED_EDGE('',*,*,#3902,.F.);
#5401=ORIENTED_EDGE('',*,*,#3899,.T.);
#5402=ORIENTED_EDGE('',*,*,#3891,.F.);
#5403=ORIENTED_EDGE('',*,*,#3909,.F.);
#5404=ORIENTED_EDGE('',*,*,#3910,.F.);
#5405=ORIENTED_EDGE('',*,*,#3911,.F.);
#5406=ORIENTED_EDGE('',*,*,#3912,.F.);
#5407=ORIENTED_EDGE('',*,*,#3861,.F.);
#5408=ORIENTED_EDGE('',*,*,#3888,.F.);
#5409=ORIENTED_EDGE('',*,*,#3896,.F.);
#5410=ORIENTED_EDGE('',*,*,#3898,.F.);
#5411=ORIENTED_EDGE('',*,*,#3908,.F.);
#5412=ORIENTED_EDGE('',*,*,#3890,.T.);
#5413=ORIENTED_EDGE('',*,*,#3553,.T.);
#5414=ORIENTED_EDGE('',*,*,#3906,.T.);
#5415=ORIENTED_EDGE('',*,*,#3913,.T.);
#5416=ORIENTED_EDGE('',*,*,#3877,.F.);
#5417=ORIENTED_EDGE('',*,*,#3914,.T.);
#5418=ORIENTED_EDGE('',*,*,#3909,.T.);
#5419=ORIENTED_EDGE('',*,*,#3910,.T.);
#5420=ORIENTED_EDGE('',*,*,#3914,.F.);
#5421=ORIENTED_EDGE('',*,*,#3880,.T.);
#5422=ORIENTED_EDGE('',*,*,#3915,.F.);
#5423=ORIENTED_EDGE('',*,*,#3916,.T.);
#5424=ORIENTED_EDGE('',*,*,#3911,.T.);
#5425=ORIENTED_EDGE('',*,*,#3915,.T.);
#5426=ORIENTED_EDGE('',*,*,#3879,.F.);
#5427=ORIENTED_EDGE('',*,*,#3912,.T.);
#5428=ORIENTED_EDGE('',*,*,#3916,.F.);
#5429=ORIENTED_EDGE('',*,*,#3878,.T.);
#5430=ORIENTED_EDGE('',*,*,#3913,.F.);
#5431=ORIENTED_EDGE('',*,*,#3917,.T.);
#5432=ORIENTED_EDGE('',*,*,#3918,.T.);
#5433=ORIENTED_EDGE('',*,*,#3478,.T.);
#5434=ORIENTED_EDGE('',*,*,#3849,.T.);
#5435=ORIENTED_EDGE('',*,*,#3919,.T.);
#5436=ORIENTED_EDGE('',*,*,#3820,.T.);
#5437=ORIENTED_EDGE('',*,*,#3844,.F.);
#5438=ORIENTED_EDGE('',*,*,#3920,.F.);
#5439=ORIENTED_EDGE('',*,*,#3821,.T.);
#5440=ORIENTED_EDGE('',*,*,#3919,.F.);
#5441=ORIENTED_EDGE('',*,*,#3848,.F.);
#5442=ORIENTED_EDGE('',*,*,#3865,.F.);
#5443=ORIENTED_EDGE('',*,*,#3833,.T.);
#5444=ORIENTED_EDGE('',*,*,#3837,.T.);
#5445=ORIENTED_EDGE('',*,*,#3921,.T.);
#5446=ORIENTED_EDGE('',*,*,#3922,.T.);
#5447=ORIENTED_EDGE('',*,*,#3840,.T.);
#5448=ORIENTED_EDGE('',*,*,#3923,.T.);
#5449=ORIENTED_EDGE('',*,*,#3924,.T.);
#5450=ORIENTED_EDGE('',*,*,#3825,.T.);
#5451=ORIENTED_EDGE('',*,*,#3925,.T.);
#5452=ORIENTED_EDGE('',*,*,#3926,.T.);
#5453=ORIENTED_EDGE('',*,*,#3859,.T.);
#5454=ORIENTED_EDGE('',*,*,#3927,.F.);
#5455=ORIENTED_EDGE('',*,*,#3928,.T.);
#5456=ORIENTED_EDGE('',*,*,#3822,.T.);
#5457=ORIENTED_EDGE('',*,*,#3920,.T.);
#5458=ORIENTED_EDGE('',*,*,#3847,.T.);
#5459=ORIENTED_EDGE('',*,*,#3480,.T.);
#5460=ORIENTED_EDGE('',*,*,#3929,.T.);
#5461=ORIENTED_EDGE('',*,*,#3930,.T.);
#5462=ORIENTED_EDGE('',*,*,#3929,.F.);
#5463=ORIENTED_EDGE('',*,*,#3479,.F.);
#5464=ORIENTED_EDGE('',*,*,#3918,.F.);
#5465=ORIENTED_EDGE('',*,*,#3931,.T.);
#5466=ORIENTED_EDGE('',*,*,#3826,.F.);
#5467=ORIENTED_EDGE('',*,*,#3924,.F.);
#5468=ORIENTED_EDGE('',*,*,#3932,.T.);
#5469=ORIENTED_EDGE('',*,*,#3933,.T.);
#5470=ORIENTED_EDGE('',*,*,#3932,.F.);
#5471=ORIENTED_EDGE('',*,*,#3923,.F.);
#5472=ORIENTED_EDGE('',*,*,#3839,.T.);
#5473=ORIENTED_EDGE('',*,*,#3934,.T.);
#5474=ORIENTED_EDGE('',*,*,#3834,.F.);
#5475=ORIENTED_EDGE('',*,*,#3922,.F.);
#5476=ORIENTED_EDGE('',*,*,#3935,.F.);
#5477=ORIENTED_EDGE('',*,*,#3936,.T.);
#5478=ORIENTED_EDGE('',*,*,#3935,.T.);
#5479=ORIENTED_EDGE('',*,*,#3921,.F.);
#5480=ORIENTED_EDGE('',*,*,#3836,.T.);
#5481=ORIENTED_EDGE('',*,*,#3925,.F.);
#5482=ORIENTED_EDGE('',*,*,#3937,.F.);
#5483=ORIENTED_EDGE('',*,*,#3709,.F.);
#5484=ORIENTED_EDGE('',*,*,#3827,.F.);
#5485=ORIENTED_EDGE('',*,*,#3696,.F.);
#5486=ORIENTED_EDGE('',*,*,#3938,.F.);
#5487=ORIENTED_EDGE('',*,*,#3939,.F.);
#5488=ORIENTED_EDGE('',*,*,#3928,.F.);
#5489=ORIENTED_EDGE('',*,*,#3930,.F.);
#5490=ORIENTED_EDGE('',*,*,#3917,.F.);
#5491=ORIENTED_EDGE('',*,*,#3819,.F.);
#5492=ORIENTED_EDGE('',*,*,#3838,.F.);
#5493=ORIENTED_EDGE('',*,*,#3823,.F.);
#5494=ORIENTED_EDGE('',*,*,#3931,.F.);
#5495=ORIENTED_EDGE('',*,*,#3933,.F.);
#5496=ORIENTED_EDGE('',*,*,#3831,.F.);
#5497=ORIENTED_EDGE('',*,*,#3934,.F.);
#5498=ORIENTED_EDGE('',*,*,#3936,.F.);
#5499=ORIENTED_EDGE('',*,*,#3835,.F.);
#5500=ORIENTED_EDGE('',*,*,#3828,.F.);
#5501=ORIENTED_EDGE('',*,*,#3940,.T.);
#5502=ORIENTED_EDGE('',*,*,#3938,.T.);
#5503=ORIENTED_EDGE('',*,*,#3695,.F.);
#5504=ORIENTED_EDGE('',*,*,#3655,.F.);
#5505=ORIENTED_EDGE('',*,*,#3652,.F.);
#5506=ORIENTED_EDGE('',*,*,#3665,.F.);
#5507=ORIENTED_EDGE('',*,*,#3662,.F.);
#5508=ORIENTED_EDGE('',*,*,#3659,.F.);
#5509=ORIENTED_EDGE('',*,*,#3610,.F.);
#5510=ORIENTED_EDGE('',*,*,#3633,.T.);
#5511=ORIENTED_EDGE('',*,*,#3649,.T.);
#5512=ORIENTED_EDGE('',*,*,#3647,.T.);
#5513=ORIENTED_EDGE('',*,*,#3645,.T.);
#5514=ORIENTED_EDGE('',*,*,#3643,.T.);
#5515=ORIENTED_EDGE('',*,*,#3641,.T.);
#5516=ORIENTED_EDGE('',*,*,#3639,.T.);
#5517=ORIENTED_EDGE('',*,*,#3637,.T.);
#5518=ORIENTED_EDGE('',*,*,#3635,.T.);
#5519=ORIENTED_EDGE('',*,*,#3629,.T.);
#5520=ORIENTED_EDGE('',*,*,#3632,.T.);
#5521=ORIENTED_EDGE('',*,*,#3607,.F.);
#5522=ORIENTED_EDGE('',*,*,#3759,.T.);
#5523=ORIENTED_EDGE('',*,*,#3782,.F.);
#5524=ORIENTED_EDGE('',*,*,#3740,.F.);
#5525=ORIENTED_EDGE('',*,*,#3483,.F.);
#5526=ORIENTED_EDGE('',*,*,#3672,.F.);
#5527=ORIENTED_EDGE('',*,*,#3670,.T.);
#5528=ORIENTED_EDGE('',*,*,#3673,.F.);
#5529=ORIENTED_EDGE('',*,*,#3494,.F.);
#5530=ORIENTED_EDGE('',*,*,#3487,.F.);
#5531=ORIENTED_EDGE('',*,*,#3491,.F.);
#5532=ORIENTED_EDGE('',*,*,#3692,.F.);
#5533=ORIENTED_EDGE('',*,*,#3705,.F.);
#5534=ORIENTED_EDGE('',*,*,#3707,.T.);
#5535=ORIENTED_EDGE('',*,*,#3937,.T.);
#5536=ORIENTED_EDGE('',*,*,#3927,.T.);
#5537=ORIENTED_EDGE('',*,*,#3858,.T.);
#5538=ORIENTED_EDGE('',*,*,#3857,.F.);
#5539=ORIENTED_EDGE('',*,*,#3560,.F.);
#5540=ORIENTED_EDGE('',*,*,#3564,.F.);
#5541=ORIENTED_EDGE('',*,*,#3567,.F.);
#5542=ORIENTED_EDGE('',*,*,#3716,.F.);
#5543=ORIENTED_EDGE('',*,*,#3727,.T.);
#5544=ORIENTED_EDGE('',*,*,#3725,.F.);
#5545=ORIENTED_EDGE('',*,*,#3730,.F.);
#5546=ORIENTED_EDGE('',*,*,#3574,.F.);
#5547=ORIENTED_EDGE('',*,*,#3582,.F.);
#5548=ORIENTED_EDGE('',*,*,#3585,.F.);
#5549=ORIENTED_EDGE('',*,*,#3589,.F.);
#5550=ORIENTED_EDGE('',*,*,#3689,.T.);
#5551=ORIENTED_EDGE('',*,*,#3657,.F.);
#5552=ORIENTED_EDGE('',*,*,#3579,.F.);
#5553=ORIENTED_EDGE('',*,*,#3744,.F.);
#5554=ORIENTED_EDGE('',*,*,#3752,.F.);
#5555=ORIENTED_EDGE('',*,*,#3736,.T.);
#5556=ORIENTED_EDGE('',*,*,#3592,.F.);
#5557=ORIENTED_EDGE('',*,*,#3469,.F.);
#5558=ORIENTED_EDGE('',*,*,#3616,.F.);
#5559=ORIENTED_EDGE('',*,*,#3687,.F.);
#5560=ORIENTED_EDGE('',*,*,#3684,.F.);
#5561=ORIENTED_EDGE('',*,*,#3681,.F.);
#5562=ORIENTED_EDGE('',*,*,#3678,.F.);
#5563=ORIENTED_EDGE('',*,*,#3675,.F.);
#5564=ORIENTED_EDGE('',*,*,#3600,.F.);
#5565=ORIENTED_EDGE('',*,*,#3741,.F.);
#5566=ORIENTED_EDGE('',*,*,#3731,.T.);
#5567=ORIENTED_EDGE('',*,*,#3734,.T.);
#5568=ORIENTED_EDGE('',*,*,#3941,.T.);
#5569=ORIENTED_EDGE('',*,*,#3942,.T.);
#5570=ORIENTED_EDGE('',*,*,#3943,.T.);
#5571=ORIENTED_EDGE('',*,*,#3944,.T.);
#5572=ORIENTED_EDGE('',*,*,#3945,.F.);
#5573=ORIENTED_EDGE('',*,*,#3946,.T.);
#5574=ORIENTED_EDGE('',*,*,#3941,.F.);
#5575=ORIENTED_EDGE('',*,*,#3947,.F.);
#5576=ORIENTED_EDGE('',*,*,#3948,.F.);
#5577=ORIENTED_EDGE('',*,*,#3949,.T.);
#5578=ORIENTED_EDGE('',*,*,#3942,.F.);
#5579=ORIENTED_EDGE('',*,*,#3946,.F.);
#5580=ORIENTED_EDGE('',*,*,#3950,.F.);
#5581=ORIENTED_EDGE('',*,*,#3951,.T.);
#5582=ORIENTED_EDGE('',*,*,#3943,.F.);
#5583=ORIENTED_EDGE('',*,*,#3949,.F.);
#5584=ORIENTED_EDGE('',*,*,#3952,.F.);
#5585=ORIENTED_EDGE('',*,*,#3947,.T.);
#5586=ORIENTED_EDGE('',*,*,#3944,.F.);
#5587=ORIENTED_EDGE('',*,*,#3951,.F.);
#5588=ORIENTED_EDGE('',*,*,#3953,.T.);
#5589=ORIENTED_EDGE('',*,*,#3954,.T.);
#5590=ORIENTED_EDGE('',*,*,#3955,.T.);
#5591=ORIENTED_EDGE('',*,*,#3776,.F.);
#5592=ORIENTED_EDGE('',*,*,#3773,.F.);
#5593=ORIENTED_EDGE('',*,*,#3769,.F.);
#5594=ORIENTED_EDGE('',*,*,#3780,.F.);
#5595=ORIENTED_EDGE('',*,*,#3800,.T.);
#5596=ORIENTED_EDGE('',*,*,#3755,.F.);
#5597=ORIENTED_EDGE('',*,*,#3783,.F.);
#5598=ORIENTED_EDGE('',*,*,#3786,.F.);
#5599=ORIENTED_EDGE('',*,*,#3789,.F.);
#5600=ORIENTED_EDGE('',*,*,#3956,.T.);
#5601=ORIENTED_EDGE('',*,*,#3957,.T.);
#5602=ORIENTED_EDGE('',*,*,#3958,.T.);
#5603=ORIENTED_EDGE('',*,*,#3959,.T.);
#5604=ORIENTED_EDGE('',*,*,#3520,.F.);
#5605=ORIENTED_EDGE('',*,*,#3870,.T.);
#5606=ORIENTED_EDGE('',*,*,#3886,.T.);
#5607=ORIENTED_EDGE('',*,*,#3873,.T.);
#5608=ORIENTED_EDGE('',*,*,#3884,.T.);
#5609=ORIENTED_EDGE('',*,*,#3872,.T.);
#5610=ORIENTED_EDGE('',*,*,#3515,.F.);
#5611=ORIENTED_EDGE('',*,*,#3518,.T.);
#5612=ORIENTED_EDGE('',*,*,#3508,.F.);
#5613=ORIENTED_EDGE('',*,*,#3852,.F.);
#5614=ORIENTED_EDGE('',*,*,#3855,.F.);
#5615=ORIENTED_EDGE('',*,*,#3860,.T.);
#5616=ORIENTED_EDGE('',*,*,#3926,.F.);
#5617=ORIENTED_EDGE('',*,*,#3939,.T.);
#5618=ORIENTED_EDGE('',*,*,#3940,.F.);
#5619=ORIENTED_EDGE('',*,*,#3830,.F.);
#5620=ORIENTED_EDGE('',*,*,#3960,.T.);
#5621=ORIENTED_EDGE('',*,*,#3760,.F.);
#5622=ORIENTED_EDGE('',*,*,#3764,.F.);
#5623=ORIENTED_EDGE('',*,*,#3767,.F.);
#5624=ORIENTED_EDGE('',*,*,#3791,.F.);
#5625=ORIENTED_EDGE('',*,*,#3798,.F.);
#5626=ORIENTED_EDGE('',*,*,#3795,.F.);
#5627=ORIENTED_EDGE('',*,*,#3811,.T.);
#5628=ORIENTED_EDGE('',*,*,#3807,.T.);
#5629=ORIENTED_EDGE('',*,*,#3817,.T.);
#5630=ORIENTED_EDGE('',*,*,#3814,.T.);
#5631=ORIENTED_EDGE('',*,*,#3952,.T.);
#5632=ORIENTED_EDGE('',*,*,#3950,.T.);
#5633=ORIENTED_EDGE('',*,*,#3948,.T.);
#5634=ORIENTED_EDGE('',*,*,#3945,.T.);
#5635=ORIENTED_EDGE('',*,*,#3961,.T.);
#5636=ORIENTED_EDGE('',*,*,#3962,.T.);
#5637=ORIENTED_EDGE('',*,*,#3738,.T.);
#5638=ORIENTED_EDGE('',*,*,#3742,.T.);
#5639=ORIENTED_EDGE('',*,*,#3598,.T.);
#5640=ORIENTED_EDGE('',*,*,#3594,.F.);
#5641=ORIENTED_EDGE('',*,*,#3474,.T.);
#5642=ORIENTED_EDGE('',*,*,#3454,.F.);
#5643=ORIENTED_EDGE('',*,*,#3444,.T.);
#5644=ORIENTED_EDGE('',*,*,#3437,.F.);
#5645=ORIENTED_EDGE('',*,*,#3547,.T.);
#5646=ORIENTED_EDGE('',*,*,#3544,.F.);
#5647=ORIENTED_EDGE('',*,*,#3617,.T.);
#5648=ORIENTED_EDGE('',*,*,#3471,.T.);
#5649=ORIENTED_EDGE('',*,*,#3591,.T.);
#5650=ORIENTED_EDGE('',*,*,#3963,.T.);
#5651=ORIENTED_EDGE('',*,*,#3964,.T.);
#5652=ORIENTED_EDGE('',*,*,#3965,.T.);
#5653=ORIENTED_EDGE('',*,*,#3966,.F.);
#5654=ORIENTED_EDGE('',*,*,#3463,.T.);
#5655=ORIENTED_EDGE('',*,*,#3465,.F.);
#5656=ORIENTED_EDGE('',*,*,#3457,.T.);
#5657=ORIENTED_EDGE('',*,*,#3468,.F.);
#5658=ORIENTED_EDGE('',*,*,#3967,.T.);
#5659=ORIENTED_EDGE('',*,*,#3968,.F.);
#5660=ORIENTED_EDGE('',*,*,#3768,.T.);
#5661=ORIENTED_EDGE('',*,*,#3765,.T.);
#5662=ORIENTED_EDGE('',*,*,#3762,.F.);
#5663=ORIENTED_EDGE('',*,*,#3793,.T.);
#5664=ORIENTED_EDGE('',*,*,#3797,.T.);
#5665=ORIENTED_EDGE('',*,*,#3799,.T.);
#5666=ORIENTED_EDGE('',*,*,#3969,.T.);
#5667=ORIENTED_EDGE('',*,*,#3956,.F.);
#5668=ORIENTED_EDGE('',*,*,#3790,.T.);
#5669=ORIENTED_EDGE('',*,*,#3787,.F.);
#5670=ORIENTED_EDGE('',*,*,#3784,.T.);
#5671=ORIENTED_EDGE('',*,*,#3753,.T.);
#5672=ORIENTED_EDGE('',*,*,#3748,.F.);
#5673=ORIENTED_EDGE('',*,*,#3521,.F.);
#5674=ORIENTED_EDGE('',*,*,#3959,.F.);
#5675=ORIENTED_EDGE('',*,*,#3970,.T.);
#5676=ORIENTED_EDGE('',*,*,#3960,.F.);
#5677=ORIENTED_EDGE('',*,*,#3829,.T.);
#5678=ORIENTED_EDGE('',*,*,#3524,.F.);
#5679=ORIENTED_EDGE('',*,*,#3781,.T.);
#5680=ORIENTED_EDGE('',*,*,#3771,.T.);
#5681=ORIENTED_EDGE('',*,*,#3775,.F.);
#5682=ORIENTED_EDGE('',*,*,#3777,.T.);
#5683=ORIENTED_EDGE('',*,*,#3955,.F.);
#5684=ORIENTED_EDGE('',*,*,#3961,.F.);
#5685=ORIENTED_EDGE('',*,*,#3971,.T.);
#5686=ORIENTED_EDGE('',*,*,#3972,.F.);
#5687=ORIENTED_EDGE('',*,*,#3971,.F.);
#5688=ORIENTED_EDGE('',*,*,#3957,.F.);
#5689=ORIENTED_EDGE('',*,*,#3969,.F.);
#5690=ORIENTED_EDGE('',*,*,#3958,.F.);
#5691=ORIENTED_EDGE('',*,*,#3973,.T.);
#5692=ORIENTED_EDGE('',*,*,#3964,.F.);
#5693=ORIENTED_EDGE('',*,*,#3973,.F.);
#5694=ORIENTED_EDGE('',*,*,#3962,.F.);
#5695=ORIENTED_EDGE('',*,*,#3974,.T.);
#5696=ORIENTED_EDGE('',*,*,#3975,.F.);
#5697=ORIENTED_EDGE('',*,*,#3974,.F.);
#5698=ORIENTED_EDGE('',*,*,#3953,.F.);
#5699=ORIENTED_EDGE('',*,*,#3970,.F.);
#5700=ORIENTED_EDGE('',*,*,#3954,.F.);
#5701=ORIENTED_EDGE('',*,*,#3976,.T.);
#5702=ORIENTED_EDGE('',*,*,#3963,.F.);
#5703=ORIENTED_EDGE('',*,*,#3976,.F.);
#5704=ORIENTED_EDGE('',*,*,#3977,.F.);
#5705=ORIENTED_EDGE('',*,*,#3967,.F.);
#5706=ORIENTED_EDGE('',*,*,#3467,.F.);
#5707=ORIENTED_EDGE('',*,*,#3978,.T.);
#5708=ORIENTED_EDGE('',*,*,#3979,.F.);
#5709=ORIENTED_EDGE('',*,*,#3980,.T.);
#5710=ORIENTED_EDGE('',*,*,#3968,.T.);
#5711=ORIENTED_EDGE('',*,*,#3977,.T.);
#5712=ORIENTED_EDGE('',*,*,#3981,.F.);
#5713=ORIENTED_EDGE('',*,*,#3965,.F.);
#5714=ORIENTED_EDGE('',*,*,#3980,.F.);
#5715=ORIENTED_EDGE('',*,*,#3982,.F.);
#5716=ORIENTED_EDGE('',*,*,#3983,.T.);
#5717=ORIENTED_EDGE('',*,*,#3982,.T.);
#5718=ORIENTED_EDGE('',*,*,#3979,.T.);
#5719=ORIENTED_EDGE('',*,*,#3978,.F.);
#5720=ORIENTED_EDGE('',*,*,#3466,.T.);
#5721=ORIENTED_EDGE('',*,*,#3459,.F.);
#5722=ORIENTED_EDGE('',*,*,#3464,.T.);
#5723=ORIENTED_EDGE('',*,*,#3461,.F.);
#5724=ORIENTED_EDGE('',*,*,#3975,.T.);
#5725=ORIENTED_EDGE('',*,*,#3972,.T.);
#5726=ORIENTED_EDGE('',*,*,#3813,.T.);
#5727=ORIENTED_EDGE('',*,*,#3816,.T.);
#5728=ORIENTED_EDGE('',*,*,#3818,.T.);
#5729=ORIENTED_EDGE('',*,*,#3809,.T.);
#5730=ORIENTED_EDGE('',*,*,#3983,.F.);
#5731=ORIENTED_EDGE('',*,*,#3460,.T.);
#5732=ORIENTED_EDGE('',*,*,#3966,.T.);
#5733=ORIENTED_EDGE('',*,*,#3981,.T.);
#5734=ORIENTED_EDGE('',*,*,#3984,.T.);
#5735=ORIENTED_EDGE('',*,*,#3985,.T.);
#5736=ORIENTED_EDGE('',*,*,#3986,.T.);
#5737=ORIENTED_EDGE('',*,*,#3719,.F.);
#5738=ORIENTED_EDGE('',*,*,#3885,.T.);
#5739=ORIENTED_EDGE('',*,*,#3875,.F.);
#5740=ORIENTED_EDGE('',*,*,#3887,.F.);
#5741=ORIENTED_EDGE('',*,*,#3711,.F.);
#5742=ORIENTED_EDGE('',*,*,#3720,.F.);
#5743=ORIENTED_EDGE('',*,*,#3986,.F.);
#5744=ORIENTED_EDGE('',*,*,#3987,.T.);
#5745=ORIENTED_EDGE('',*,*,#3988,.F.);
#5746=ORIENTED_EDGE('',*,*,#3549,.F.);
#5747=ORIENTED_EDGE('',*,*,#3989,.T.);
#5748=ORIENTED_EDGE('',*,*,#3550,.F.);
#5749=ORIENTED_EDGE('',*,*,#3988,.T.);
#5750=ORIENTED_EDGE('',*,*,#3990,.T.);
#5751=ORIENTED_EDGE('',*,*,#3991,.F.);
#5752=ORIENTED_EDGE('',*,*,#3721,.F.);
#5753=ORIENTED_EDGE('',*,*,#3989,.F.);
#5754=ORIENTED_EDGE('',*,*,#3548,.F.);
#5755=ORIENTED_EDGE('',*,*,#3992,.T.);
#5756=ORIENTED_EDGE('',*,*,#3985,.F.);
#5757=ORIENTED_EDGE('',*,*,#3993,.F.);
#5758=ORIENTED_EDGE('',*,*,#3990,.F.);
#5759=ORIENTED_EDGE('',*,*,#3987,.F.);
#5760=ORIENTED_EDGE('',*,*,#3710,.F.);
#5761=ORIENTED_EDGE('',*,*,#3992,.F.);
#5762=ORIENTED_EDGE('',*,*,#3551,.F.);
#5763=ORIENTED_EDGE('',*,*,#3991,.T.);
#5764=ORIENTED_EDGE('',*,*,#3993,.T.);
#5765=ORIENTED_EDGE('',*,*,#3984,.F.);
#5766=ORIENTED_EDGE('',*,*,#3994,.F.);
#5767=ORIENTED_EDGE('',*,*,#3995,.F.);
#5768=ORIENTED_EDGE('',*,*,#3996,.F.);
#5769=ORIENTED_EDGE('',*,*,#3997,.T.);
#5770=ORIENTED_EDGE('',*,*,#3998,.F.);
#5771=ORIENTED_EDGE('',*,*,#3997,.F.);
#5772=ORIENTED_EDGE('',*,*,#3999,.F.);
#5773=ORIENTED_EDGE('',*,*,#4000,.T.);
#5774=ORIENTED_EDGE('',*,*,#4001,.F.);
#5775=ORIENTED_EDGE('',*,*,#4000,.F.);
#5776=ORIENTED_EDGE('',*,*,#4002,.F.);
#5777=ORIENTED_EDGE('',*,*,#4003,.T.);
#5778=ORIENTED_EDGE('',*,*,#4004,.F.);
#5779=ORIENTED_EDGE('',*,*,#4003,.F.);
#5780=ORIENTED_EDGE('',*,*,#4005,.F.);
#5781=ORIENTED_EDGE('',*,*,#3995,.T.);
#5782=ORIENTED_EDGE('',*,*,#4006,.T.);
#5783=ORIENTED_EDGE('',*,*,#4007,.F.);
#5784=ORIENTED_EDGE('',*,*,#4008,.F.);
#5785=ORIENTED_EDGE('',*,*,#4009,.T.);
#5786=ORIENTED_EDGE('',*,*,#4010,.T.);
#5787=ORIENTED_EDGE('',*,*,#4011,.F.);
#5788=ORIENTED_EDGE('',*,*,#4012,.F.);
#5789=ORIENTED_EDGE('',*,*,#4007,.T.);
#5790=ORIENTED_EDGE('',*,*,#4013,.T.);
#5791=ORIENTED_EDGE('',*,*,#4009,.F.);
#5792=ORIENTED_EDGE('',*,*,#4014,.F.);
#5793=ORIENTED_EDGE('',*,*,#4015,.T.);
#5794=ORIENTED_EDGE('',*,*,#4016,.T.);
#5795=ORIENTED_EDGE('',*,*,#4017,.F.);
#5796=ORIENTED_EDGE('',*,*,#4018,.F.);
#5797=ORIENTED_EDGE('',*,*,#4019,.T.);
#5798=ORIENTED_EDGE('',*,*,#4013,.F.);
#5799=ORIENTED_EDGE('',*,*,#4020,.F.);
#5800=ORIENTED_EDGE('',*,*,#4010,.F.);
#5801=ORIENTED_EDGE('',*,*,#4006,.F.);
#5802=ORIENTED_EDGE('',*,*,#4021,.F.);
#5803=ORIENTED_EDGE('',*,*,#4022,.F.);
#5804=ORIENTED_EDGE('',*,*,#4023,.F.);
#5805=ORIENTED_EDGE('',*,*,#4024,.F.);
#5806=ORIENTED_EDGE('',*,*,#4025,.T.);
#5807=ORIENTED_EDGE('',*,*,#4026,.T.);
#5808=ORIENTED_EDGE('',*,*,#4024,.T.);
#5809=ORIENTED_EDGE('',*,*,#4027,.F.);
#5810=ORIENTED_EDGE('',*,*,#4028,.T.);
#5811=ORIENTED_EDGE('',*,*,#4029,.T.);
#5812=ORIENTED_EDGE('',*,*,#4030,.F.);
#5813=ORIENTED_EDGE('',*,*,#4031,.F.);
#5814=ORIENTED_EDGE('',*,*,#4032,.T.);
#5815=ORIENTED_EDGE('',*,*,#4033,.T.);
#5816=ORIENTED_EDGE('',*,*,#4021,.T.);
#5817=ORIENTED_EDGE('',*,*,#4026,.F.);
#5818=ORIENTED_EDGE('',*,*,#4034,.T.);
#5819=ORIENTED_EDGE('',*,*,#4035,.T.);
#5820=ORIENTED_EDGE('',*,*,#4036,.F.);
#5821=ORIENTED_EDGE('',*,*,#4029,.F.);
#5822=ORIENTED_EDGE('',*,*,#4037,.T.);
#5823=ORIENTED_EDGE('',*,*,#4038,.T.);
#5824=ORIENTED_EDGE('',*,*,#4022,.T.);
#5825=ORIENTED_EDGE('',*,*,#4033,.F.);
#5826=ORIENTED_EDGE('',*,*,#4039,.T.);
#5827=ORIENTED_EDGE('',*,*,#4040,.T.);
#5828=ORIENTED_EDGE('',*,*,#4041,.F.);
#5829=ORIENTED_EDGE('',*,*,#4035,.F.);
#5830=ORIENTED_EDGE('',*,*,#4034,.F.);
#5831=ORIENTED_EDGE('',*,*,#4028,.F.);
#5832=ORIENTED_EDGE('',*,*,#4042,.F.);
#5833=ORIENTED_EDGE('',*,*,#4039,.F.);
#5834=ORIENTED_EDGE('',*,*,#4043,.F.);
#5835=ORIENTED_EDGE('',*,*,#4044,.F.);
#5836=ORIENTED_EDGE('',*,*,#4016,.F.);
#5837=ORIENTED_EDGE('',*,*,#4045,.F.);
#5838=ORIENTED_EDGE('',*,*,#4023,.T.);
#5839=ORIENTED_EDGE('',*,*,#4038,.F.);
#5840=ORIENTED_EDGE('',*,*,#4046,.T.);
#5841=ORIENTED_EDGE('',*,*,#4027,.T.);
#5842=ORIENTED_EDGE('',*,*,#4042,.T.);
#5843=ORIENTED_EDGE('',*,*,#4031,.T.);
#5844=ORIENTED_EDGE('',*,*,#4047,.F.);
#5845=ORIENTED_EDGE('',*,*,#4040,.F.);
#5846=ORIENTED_EDGE('',*,*,#4046,.F.);
#5847=ORIENTED_EDGE('',*,*,#4037,.F.);
#5848=ORIENTED_EDGE('',*,*,#4032,.F.);
#5849=ORIENTED_EDGE('',*,*,#4025,.F.);
#5850=ORIENTED_EDGE('',*,*,#4047,.T.);
#5851=ORIENTED_EDGE('',*,*,#4030,.T.);
#5852=ORIENTED_EDGE('',*,*,#4036,.T.);
#5853=ORIENTED_EDGE('',*,*,#4041,.T.);
#5854=ORIENTED_EDGE('',*,*,#4020,.T.);
#5855=ORIENTED_EDGE('',*,*,#4015,.F.);
#5856=ORIENTED_EDGE('',*,*,#4048,.F.);
#5857=ORIENTED_EDGE('',*,*,#4011,.T.);
#5858=ORIENTED_EDGE('',*,*,#4045,.T.);
#5859=ORIENTED_EDGE('',*,*,#4019,.F.);
#5860=ORIENTED_EDGE('',*,*,#4049,.F.);
#5861=ORIENTED_EDGE('',*,*,#4050,.T.);
#5862=ORIENTED_EDGE('',*,*,#4043,.T.);
#5863=ORIENTED_EDGE('',*,*,#4050,.F.);
#5864=ORIENTED_EDGE('',*,*,#4051,.F.);
#5865=ORIENTED_EDGE('',*,*,#4052,.T.);
#5866=ORIENTED_EDGE('',*,*,#4044,.T.);
#5867=ORIENTED_EDGE('',*,*,#4052,.F.);
#5868=ORIENTED_EDGE('',*,*,#4053,.F.);
#5869=ORIENTED_EDGE('',*,*,#4017,.T.);
#5870=ORIENTED_EDGE('',*,*,#4051,.T.);
#5871=ORIENTED_EDGE('',*,*,#4049,.T.);
#5872=ORIENTED_EDGE('',*,*,#4018,.T.);
#5873=ORIENTED_EDGE('',*,*,#4053,.T.);
#5874=ORIENTED_EDGE('',*,*,#4001,.T.);
#5875=ORIENTED_EDGE('',*,*,#4004,.T.);
#5876=ORIENTED_EDGE('',*,*,#3994,.T.);
#5877=ORIENTED_EDGE('',*,*,#3998,.T.);
#5878=ORIENTED_EDGE('',*,*,#4008,.T.);
#5879=ORIENTED_EDGE('',*,*,#4012,.T.);
#5880=ORIENTED_EDGE('',*,*,#4048,.T.);
#5881=ORIENTED_EDGE('',*,*,#4014,.T.);
#5882=ORIENTED_EDGE('',*,*,#4002,.T.);
#5883=ORIENTED_EDGE('',*,*,#3999,.T.);
#5884=ORIENTED_EDGE('',*,*,#3996,.T.);
#5885=ORIENTED_EDGE('',*,*,#4005,.T.);
#5886=PLANE('',#6455);
#5887=PLANE('',#6456);
#5888=PLANE('',#6457);
#5889=PLANE('',#6458);
#5890=PLANE('',#6459);
#5891=PLANE('',#6460);
#5892=PLANE('',#6461);
#5893=PLANE('',#6462);
#5894=PLANE('',#6463);
#5895=PLANE('',#6464);
#5896=PLANE('',#6465);
#5897=PLANE('',#6466);
#5898=PLANE('',#6467);
#5899=PLANE('',#6468);
#5900=PLANE('',#6469);
#5901=PLANE('',#6470);
#5902=PLANE('',#6471);
#5903=PLANE('',#6472);
#5904=PLANE('',#6473);
#5905=PLANE('',#6474);
#5906=PLANE('',#6475);
#5907=PLANE('',#6477);
#5908=PLANE('',#6478);
#5909=PLANE('',#6479);
#5910=PLANE('',#6486);
#5911=PLANE('',#6487);
#5912=PLANE('',#6506);
#5913=PLANE('',#6507);
#5914=PLANE('',#6509);
#5915=PLANE('',#6510);
#5916=PLANE('',#6511);
#5917=PLANE('',#6520);
#5918=PLANE('',#6521);
#5919=PLANE('',#6522);
#5920=PLANE('',#6523);
#5921=PLANE('',#6526);
#5922=PLANE('',#6530);
#5923=PLANE('',#6534);
#5924=PLANE('',#6539);
#5925=PLANE('',#6541);
#5926=PLANE('',#6543);
#5927=PLANE('',#6544);
#5928=PLANE('',#6545);
#5929=PLANE('',#6548);
#5930=PLANE('',#6550);
#5931=PLANE('',#6553);
#5932=PLANE('',#6556);
#5933=PLANE('',#6559);
#5934=PLANE('',#6562);
#5935=PLANE('',#6563);
#5936=PLANE('',#6564);
#5937=PLANE('',#6565);
#5938=PLANE('',#6581);
#5939=PLANE('',#6582);
#5940=PLANE('',#6583);
#5941=PLANE('',#6585);
#5942=PLANE('',#6588);
#5943=PLANE('',#6590);
#5944=PLANE('',#6591);
#5945=PLANE('',#6593);
#5946=PLANE('',#6594);
#5947=PLANE('',#6595);
#5948=PLANE('',#6597);
#5949=PLANE('',#6598);
#5950=PLANE('',#6600);
#5951=PLANE('',#6602);
#5952=PLANE('',#6604);
#5953=PLANE('',#6606);
#5954=PLANE('',#6607);
#5955=PLANE('',#6608);
#5956=PLANE('',#6609);
#5957=PLANE('',#6610);
#5958=PLANE('',#6611);
#5959=PLANE('',#6612);
#5960=PLANE('',#6613);
#5961=PLANE('',#6614);
#5962=PLANE('',#6615);
#5963=PLANE('',#6616);
#5964=PLANE('',#6617);
#5965=PLANE('',#6618);
#5966=PLANE('',#6619);
#5967=PLANE('',#6620);
#5968=PLANE('',#6626);
#5969=PLANE('',#6637);
#5970=PLANE('',#6638);
#5971=PLANE('',#6645);
#5972=PLANE('',#6646);
#5973=PLANE('',#6650);
#5974=PLANE('',#6676);
#5975=PLANE('',#6695);
#5976=PLANE('',#6703);
#5977=PLANE('',#6712);
#5978=PLANE('',#6715);
#5979=PLANE('',#6716);
#5980=PLANE('',#6720);
#5981=PLANE('',#6721);
#5982=PLANE('',#6722);
#5983=PLANE('',#6727);
#5984=PLANE('',#6728);
#5985=PLANE('',#6729);
#5986=PLANE('',#6732);
#5987=PLANE('',#6735);
#5988=PLANE('',#6738);
#5989=PLANE('',#6741);
#5990=PLANE('',#6745);
#5991=PLANE('',#6748);
#5992=PLANE('',#6752);
#5993=PLANE('',#6753);
#5994=PLANE('',#6756);
#5995=PLANE('',#6757);
#5996=PLANE('',#6761);
#5997=PLANE('',#6765);
#5998=PLANE('',#6766);
#5999=PLANE('',#6767);
#6000=PLANE('',#6768);
#6001=PLANE('',#6769);
#6002=PLANE('',#6770);
#6003=PLANE('',#6771);
#6004=PLANE('',#6772);
#6005=PLANE('',#6773);
#6006=PLANE('',#6774);
#6007=PLANE('',#6775);
#6008=PLANE('',#6776);
#6009=PLANE('',#6777);
#6010=PLANE('',#6778);
#6011=PLANE('',#6779);
#6012=PLANE('',#6781);
#6013=PLANE('',#6787);
#6014=PLANE('',#6788);
#6015=PLANE('',#6789);
#6016=PLANE('',#6790);
#6017=PLANE('',#6791);
#6018=PLANE('',#6792);
#6019=PLANE('',#6794);
#6020=PLANE('',#6795);
#6021=PLANE('',#6796);
#6022=PLANE('',#6797);
#6023=PLANE('',#6798);
#6024=PLANE('',#6799);
#6025=PLANE('',#6803);
#6026=PLANE('',#6805);
#6027=PLANE('',#6806);
#6028=PLANE('',#6810);
#6029=PLANE('',#6811);
#6030=PLANE('',#6812);
#6031=PLANE('',#6813);
#6032=PLANE('',#6814);
#6033=PLANE('',#6815);
#6034=PLANE('',#6818);
#6035=PLANE('',#6819);
#6036=PLANE('',#6820);
#6037=PLANE('',#6821);
#6038=PLANE('',#6822);
#6039=PLANE('',#6823);
#6040=PLANE('',#6824);
#6041=PLANE('',#6827);
#6042=PLANE('',#6828);
#6043=PLANE('',#6829);
#6044=PLANE('',#6830);
#6045=PLANE('',#6831);
#6046=PLANE('',#6833);
#6047=PLANE('',#6835);
#6048=PLANE('',#6836);
#6049=PLANE('',#6837);
#6050=PLANE('',#6838);
#6051=PLANE('',#6839);
#6052=PLANE('',#6841);
#6053=PLANE('',#6846);
#6054=PLANE('',#6847);
#6055=PLANE('',#6848);
#6056=PLANE('',#6849);
#6057=PLANE('',#6850);
#6058=PLANE('',#6851);
#6059=PLANE('',#6852);
#6060=PLANE('',#6853);
#6061=PLANE('',#6856);
#6062=PLANE('',#6861);
#6063=PLANE('',#6862);
#6064=PLANE('',#6865);
#6065=PLANE('',#6866);
#6066=PLANE('',#6867);
#6067=PLANE('',#6868);
#6068=PLANE('',#6872);
#6069=PLANE('',#6874);
#6070=PLANE('',#6877);
#6071=PLANE('',#6878);
#6072=PLANE('',#6879);
#6073=PLANE('',#6880);
#6074=PLANE('',#6881);
#6075=PLANE('',#6882);
#6076=PLANE('',#6883);
#6077=PLANE('',#6884);
#6078=PLANE('',#6885);
#6079=PLANE('',#6886);
#6080=PLANE('',#6887);
#6081=PLANE('',#6888);
#6082=PLANE('',#6889);
#6083=PLANE('',#6896);
#6084=PLANE('',#6909);
#6085=PLANE('',#6912);
#6086=PLANE('',#6913);
#6087=PLANE('',#6916);
#6088=PLANE('',#6917);
#6089=PLANE('',#6918);
#6090=PLANE('',#6919);
#6091=PLANE('',#6920);
#6092=PLANE('',#6921);
#6093=PLANE('',#6922);
#6094=PLANE('',#6923);
#6095=PLANE('',#6924);
#6096=PLANE('',#6925);
#6097=PLANE('',#6926);
#6098=PLANE('',#6927);
#6099=PLANE('',#6928);
#6100=PLANE('',#6929);
#6101=PLANE('',#6930);
#6102=PLANE('',#6931);
#6103=PLANE('',#6932);
#6104=PLANE('',#6933);
#6105=PLANE('',#6934);
#6106=PLANE('',#6935);
#6107=PLANE('',#6936);
#6108=PLANE('',#6937);
#6109=PLANE('',#6938);
#6110=PLANE('',#6939);
#6111=PLANE('',#6940);
#6112=PLANE('',#6941);
#6113=PLANE('',#6942);
#6114=PLANE('',#6943);
#6115=PLANE('',#6944);
#6116=PLANE('',#6945);
#6117=PLANE('',#6946);
#6118=ADVANCED_FACE('',(#367),#5886,.T.);
#6119=ADVANCED_FACE('',(#368),#5887,.T.);
#6120=ADVANCED_FACE('',(#369),#5888,.T.);
#6121=ADVANCED_FACE('',(#370),#5889,.T.);
#6122=ADVANCED_FACE('',(#371),#5890,.T.);
#6123=ADVANCED_FACE('',(#372),#5891,.T.);
#6124=ADVANCED_FACE('',(#373,#299),#5892,.T.);
#6125=ADVANCED_FACE('',(#374,#300),#5893,.T.);
#6126=ADVANCED_FACE('',(#375),#5894,.T.);
#6127=ADVANCED_FACE('',(#376),#5895,.T.);
#6128=ADVANCED_FACE('',(#377,#301),#5896,.T.);
#6129=ADVANCED_FACE('',(#378),#5897,.T.);
#6130=ADVANCED_FACE('',(#379),#5898,.T.);
#6131=ADVANCED_FACE('',(#380),#5899,.T.);
#6132=ADVANCED_FACE('',(#381),#5900,.T.);
#6133=ADVANCED_FACE('',(#382),#5901,.T.);
#6134=ADVANCED_FACE('',(#383),#5902,.T.);
#6135=ADVANCED_FACE('',(#384),#5903,.T.);
#6136=ADVANCED_FACE('',(#385),#5904,.F.);
#6137=ADVANCED_FACE('',(#386),#5905,.F.);
#6138=ADVANCED_FACE('',(#387),#5906,.T.);
#6139=ADVANCED_FACE('',(#388),#5907,.T.);
#6140=ADVANCED_FACE('',(#389),#5908,.T.);
#6141=ADVANCED_FACE('',(#390,#302,#303,#304,#305),#5909,.T.);
#6142=ADVANCED_FACE('',(#391),#5910,.T.);
#6143=ADVANCED_FACE('',(#392,#306,#307,#308,#309),#5911,.T.);
#6144=ADVANCED_FACE('',(#393),#5912,.F.);
#6145=ADVANCED_FACE('',(#394),#5913,.T.);
#6146=ADVANCED_FACE('',(#395),#5914,.T.);
#6147=ADVANCED_FACE('',(#396),#5915,.T.);
#6148=ADVANCED_FACE('',(#397,#310,#311),#5916,.F.);
#6149=ADVANCED_FACE('',(#398),#5917,.F.);
#6150=ADVANCED_FACE('',(#399),#5918,.T.);
#6151=ADVANCED_FACE('',(#400),#5919,.T.);
#6152=ADVANCED_FACE('',(#401),#5920,.T.);
#6153=ADVANCED_FACE('',(#402),#53,.T.);
#6154=ADVANCED_FACE('',(#403,#312),#5921,.F.);
#6155=ADVANCED_FACE('',(#404),#54,.T.);
#6156=ADVANCED_FACE('',(#405,#313),#5922,.F.);
#6157=ADVANCED_FACE('',(#406),#55,.F.);
#6158=ADVANCED_FACE('',(#407),#56,.F.);
#6159=ADVANCED_FACE('',(#408),#5923,.T.);
#6160=ADVANCED_FACE('',(#409),#5924,.T.);
#6161=ADVANCED_FACE('',(#410),#57,.T.);
#6162=ADVANCED_FACE('',(#411),#5925,.F.);
#6163=ADVANCED_FACE('',(#412),#58,.T.);
#6164=ADVANCED_FACE('',(#413),#5926,.T.);
#6165=ADVANCED_FACE('',(#414),#5927,.T.);
#6166=ADVANCED_FACE('',(#415),#5928,.T.);
#6167=ADVANCED_FACE('',(#416),#59,.T.);
#6168=ADVANCED_FACE('',(#417),#5929,.F.);
#6169=ADVANCED_FACE('',(#418),#5930,.T.);
#6170=ADVANCED_FACE('',(#419),#60,.F.);
#6171=ADVANCED_FACE('',(#420),#5931,.T.);
#6172=ADVANCED_FACE('',(#421),#61,.F.);
#6173=ADVANCED_FACE('',(#422),#5932,.T.);
#6174=ADVANCED_FACE('',(#423),#62,.F.);
#6175=ADVANCED_FACE('',(#424),#5933,.T.);
#6176=ADVANCED_FACE('',(#425),#63,.F.);
#6177=ADVANCED_FACE('',(#426),#5934,.T.);
#6178=ADVANCED_FACE('',(#427),#5935,.T.);
#6179=ADVANCED_FACE('',(#428),#5936,.T.);
#6180=ADVANCED_FACE('',(#429),#5937,.T.);
#6181=ADVANCED_FACE('',(#430),#64,.T.);
#6182=ADVANCED_FACE('',(#431),#65,.T.);
#6183=ADVANCED_FACE('',(#432),#66,.T.);
#6184=ADVANCED_FACE('',(#433),#67,.T.);
#6185=ADVANCED_FACE('',(#434),#68,.T.);
#6186=ADVANCED_FACE('',(#435),#69,.T.);
#6187=ADVANCED_FACE('',(#436),#70,.T.);
#6188=ADVANCED_FACE('',(#437),#5938,.T.);
#6189=ADVANCED_FACE('',(#438),#5939,.F.);
#6190=ADVANCED_FACE('',(#439),#5940,.F.);
#6191=ADVANCED_FACE('',(#440),#71,.F.);
#6192=ADVANCED_FACE('',(#441),#5941,.F.);
#6193=ADVANCED_FACE('',(#442),#72,.F.);
#6194=ADVANCED_FACE('',(#443),#73,.F.);
#6195=ADVANCED_FACE('',(#444),#5942,.F.);
#6196=ADVANCED_FACE('',(#445),#74,.F.);
#6197=ADVANCED_FACE('',(#446),#5943,.F.);
#6198=ADVANCED_FACE('',(#447),#5944,.T.);
#6199=ADVANCED_FACE('',(#448),#75,.T.);
#6200=ADVANCED_FACE('',(#449),#5945,.T.);
#6201=ADVANCED_FACE('',(#450),#5946,.F.);
#6202=ADVANCED_FACE('',(#451),#5947,.T.);
#6203=ADVANCED_FACE('',(#452),#76,.F.);
#6204=ADVANCED_FACE('',(#453),#5948,.T.);
#6205=ADVANCED_FACE('',(#454),#5949,.F.);
#6206=ADVANCED_FACE('',(#455),#77,.T.);
#6207=ADVANCED_FACE('',(#456),#5950,.T.);
#6208=ADVANCED_FACE('',(#457),#78,.T.);
#6209=ADVANCED_FACE('',(#458),#5951,.T.);
#6210=ADVANCED_FACE('',(#459),#79,.T.);
#6211=ADVANCED_FACE('',(#460),#5952,.T.);
#6212=ADVANCED_FACE('',(#461),#80,.F.);
#6213=ADVANCED_FACE('',(#462),#5953,.T.);
#6214=ADVANCED_FACE('',(#463),#5954,.F.);
#6215=ADVANCED_FACE('',(#464),#5955,.F.);
#6216=ADVANCED_FACE('',(#465),#5956,.T.);
#6217=ADVANCED_FACE('',(#466),#5957,.T.);
#6218=ADVANCED_FACE('',(#467),#5958,.T.);
#6219=ADVANCED_FACE('',(#468),#5959,.T.);
#6220=ADVANCED_FACE('',(#469),#5960,.T.);
#6221=ADVANCED_FACE('',(#470),#5961,.T.);
#6222=ADVANCED_FACE('',(#471),#5962,.T.);
#6223=ADVANCED_FACE('',(#472),#5963,.T.);
#6224=ADVANCED_FACE('',(#473),#5964,.T.);
#6225=ADVANCED_FACE('',(#474),#5965,.T.);
#6226=ADVANCED_FACE('',(#475),#5966,.T.);
#6227=ADVANCED_FACE('',(#476),#5967,.T.);
#6228=ADVANCED_FACE('',(#477,#314),#81,.T.);
#6229=ADVANCED_FACE('',(#478,#315,#316,#317,#318,#319,#320,#321),#5968,
 .T.);
#6230=ADVANCED_FACE('',(#479),#82,.T.);
#6231=ADVANCED_FACE('',(#480),#5969,.F.);
#6232=ADVANCED_FACE('',(#481),#5970,.F.);
#6233=ADVANCED_FACE('',(#482),#83,.F.);
#6234=ADVANCED_FACE('',(#483),#84,.F.);
#6235=ADVANCED_FACE('',(#484),#5971,.F.);
#6236=ADVANCED_FACE('',(#485,#322),#5972,.T.);
#6237=ADVANCED_FACE('',(#486),#5973,.F.);
#6238=ADVANCED_FACE('',(#487),#85,.F.);
#6239=ADVANCED_FACE('',(#488),#86,.T.);
#6240=ADVANCED_FACE('',(#489),#87,.T.);
#6241=ADVANCED_FACE('',(#490),#88,.T.);
#6242=ADVANCED_FACE('',(#491),#25,.F.);
#6243=ADVANCED_FACE('',(#492),#26,.F.);
#6244=ADVANCED_FACE('',(#493),#89,.T.);
#6245=ADVANCED_FACE('',(#494),#27,.F.);
#6246=ADVANCED_FACE('',(#495),#5974,.F.);
#6247=ADVANCED_FACE('',(#496),#90,.F.);
#6248=ADVANCED_FACE('',(#497),#91,.F.);
#6249=ADVANCED_FACE('',(#498),#92,.F.);
#6250=ADVANCED_FACE('',(#499),#93,.F.);
#6251=ADVANCED_FACE('',(#500),#94,.F.);
#6252=ADVANCED_FACE('',(#501),#95,.F.);
#6253=ADVANCED_FACE('',(#502),#96,.F.);
#6254=ADVANCED_FACE('',(#503),#97,.T.);
#6255=ADVANCED_FACE('',(#504,#323,#324),#5975,.T.);
#6256=ADVANCED_FACE('',(#505),#98,.F.);
#6257=ADVANCED_FACE('',(#506,#325,#326,#327,#328,#329,#330,#331),#5976,
 .F.);
#6258=ADVANCED_FACE('',(#507,#332),#99,.F.);
#6259=ADVANCED_FACE('',(#508),#100,.F.);
#6260=ADVANCED_FACE('',(#509),#5977,.F.);
#6261=ADVANCED_FACE('',(#510),#101,.T.);
#6262=ADVANCED_FACE('',(#511),#5978,.F.);
#6263=ADVANCED_FACE('',(#512),#5979,.T.);
#6264=ADVANCED_FACE('',(#513),#102,.T.);
#6265=ADVANCED_FACE('',(#514),#5980,.T.);
#6266=ADVANCED_FACE('',(#515),#5981,.T.);
#6267=ADVANCED_FACE('',(#516),#5982,.F.);
#6268=ADVANCED_FACE('',(#517),#5983,.F.);
#6269=ADVANCED_FACE('',(#518),#5984,.F.);
#6270=ADVANCED_FACE('',(#519),#5985,.F.);
#6271=ADVANCED_FACE('',(#520),#103,.T.);
#6272=ADVANCED_FACE('',(#521),#5986,.F.);
#6273=ADVANCED_FACE('',(#522),#104,.T.);
#6274=ADVANCED_FACE('',(#523),#5987,.F.);
#6275=ADVANCED_FACE('',(#524),#105,.T.);
#6276=ADVANCED_FACE('',(#525),#5988,.F.);
#6277=ADVANCED_FACE('',(#526),#106,.T.);
#6278=ADVANCED_FACE('',(#527),#5989,.F.);
#6279=ADVANCED_FACE('',(#528),#107,.T.);
#6280=ADVANCED_FACE('',(#529),#5990,.T.);
#6281=ADVANCED_FACE('',(#530),#108,.T.);
#6282=ADVANCED_FACE('',(#531),#5991,.T.);
#6283=ADVANCED_FACE('',(#532),#109,.T.);
#6284=ADVANCED_FACE('',(#533),#5992,.F.);
#6285=ADVANCED_FACE('',(#534),#5993,.T.);
#6286=ADVANCED_FACE('',(#535),#110,.T.);
#6287=ADVANCED_FACE('',(#536),#5994,.F.);
#6288=ADVANCED_FACE('',(#537),#5995,.T.);
#6289=ADVANCED_FACE('',(#538),#111,.F.);
#6290=ADVANCED_FACE('',(#539),#5996,.F.);
#6291=ADVANCED_FACE('',(#540),#112,.F.);
#6292=ADVANCED_FACE('',(#541),#5997,.T.);
#6293=ADVANCED_FACE('',(#542),#5998,.T.);
#6294=ADVANCED_FACE('',(#543),#5999,.T.);
#6295=ADVANCED_FACE('',(#544),#6000,.T.);
#6296=ADVANCED_FACE('',(#545),#6001,.F.);
#6297=ADVANCED_FACE('',(#546),#6002,.F.);
#6298=ADVANCED_FACE('',(#547),#6003,.F.);
#6299=ADVANCED_FACE('',(#548),#6004,.F.);
#6300=ADVANCED_FACE('',(#549),#6005,.F.);
#6301=ADVANCED_FACE('',(#550),#6006,.T.);
#6302=ADVANCED_FACE('',(#551),#6007,.T.);
#6303=ADVANCED_FACE('',(#552),#6008,.F.);
#6304=ADVANCED_FACE('',(#553),#6009,.T.);
#6305=ADVANCED_FACE('',(#554),#6010,.T.);
#6306=ADVANCED_FACE('',(#555,#333),#6011,.T.);
#6307=ADVANCED_FACE('',(#556),#6012,.T.);
#6308=ADVANCED_FACE('',(#557),#113,.F.);
#6309=ADVANCED_FACE('',(#558),#114,.F.);
#6310=ADVANCED_FACE('',(#559),#6013,.T.);
#6311=ADVANCED_FACE('',(#560),#6014,.F.);
#6312=ADVANCED_FACE('',(#561),#6015,.T.);
#6313=ADVANCED_FACE('',(#562),#6016,.F.);
#6314=ADVANCED_FACE('',(#563),#6017,.F.);
#6315=ADVANCED_FACE('',(#564),#6018,.T.);
#6316=ADVANCED_FACE('',(#565),#6019,.T.);
#6317=ADVANCED_FACE('',(#566),#6020,.T.);
#6318=ADVANCED_FACE('',(#567),#6021,.T.);
#6319=ADVANCED_FACE('',(#568),#6022,.F.);
#6320=ADVANCED_FACE('',(#569),#6023,.T.);
#6321=ADVANCED_FACE('',(#570),#6024,.F.);
#6322=ADVANCED_FACE('',(#571),#115,.T.);
#6323=ADVANCED_FACE('',(#572),#6025,.T.);
#6324=ADVANCED_FACE('',(#573),#6026,.T.);
#6325=ADVANCED_FACE('',(#574),#6027,.F.);
#6326=ADVANCED_FACE('',(#575),#116,.T.);
#6327=ADVANCED_FACE('',(#576),#6028,.T.);
#6328=ADVANCED_FACE('',(#577),#6029,.T.);
#6329=ADVANCED_FACE('',(#578),#6030,.F.);
#6330=ADVANCED_FACE('',(#579),#6031,.F.);
#6331=ADVANCED_FACE('',(#580),#6032,.F.);
#6332=ADVANCED_FACE('',(#581),#6033,.F.);
#6333=ADVANCED_FACE('',(#582),#117,.F.);
#6334=ADVANCED_FACE('',(#583),#6034,.F.);
#6335=ADVANCED_FACE('',(#584),#6035,.F.);
#6336=ADVANCED_FACE('',(#585),#6036,.F.);
#6337=ADVANCED_FACE('',(#586),#6037,.F.);
#6338=ADVANCED_FACE('',(#587),#6038,.T.);
#6339=ADVANCED_FACE('',(#588),#6039,.F.);
#6340=ADVANCED_FACE('',(#589,#334),#6040,.T.);
#6341=ADVANCED_FACE('',(#590),#28,.F.);
#6342=ADVANCED_FACE('',(#591),#6041,.F.);
#6343=ADVANCED_FACE('',(#592),#6042,.F.);
#6344=ADVANCED_FACE('',(#593),#6043,.F.);
#6345=ADVANCED_FACE('',(#594),#6044,.T.);
#6346=ADVANCED_FACE('',(#595),#6045,.F.);
#6347=ADVANCED_FACE('',(#596),#6046,.F.);
#6348=ADVANCED_FACE('',(#597),#6047,.T.);
#6349=ADVANCED_FACE('',(#598),#6048,.T.);
#6350=ADVANCED_FACE('',(#599),#6049,.F.);
#6351=ADVANCED_FACE('',(#600),#6050,.F.);
#6352=ADVANCED_FACE('',(#601),#6051,.F.);
#6353=ADVANCED_FACE('',(#602),#118,.T.);
#6354=ADVANCED_FACE('',(#603),#6052,.F.);
#6355=ADVANCED_FACE('',(#604),#119,.T.);
#6356=ADVANCED_FACE('',(#605),#120,.T.);
#6357=ADVANCED_FACE('',(#606,#335,#336),#6053,.T.);
#6358=ADVANCED_FACE('',(#607),#6054,.T.);
#6359=ADVANCED_FACE('',(#608),#6055,.T.);
#6360=ADVANCED_FACE('',(#609),#6056,.F.);
#6361=ADVANCED_FACE('',(#610),#6057,.F.);
#6362=ADVANCED_FACE('',(#611),#6058,.F.);
#6363=ADVANCED_FACE('',(#612),#6059,.F.);
#6364=ADVANCED_FACE('',(#613),#6060,.F.);
#6365=ADVANCED_FACE('',(#614),#121,.F.);
#6366=ADVANCED_FACE('',(#615),#6061,.F.);
#6367=ADVANCED_FACE('',(#616),#122,.F.);
#6368=ADVANCED_FACE('',(#617),#123,.F.);
#6369=ADVANCED_FACE('',(#618),#6062,.F.);
#6370=ADVANCED_FACE('',(#619,#337,#338),#6063,.F.);
#6371=ADVANCED_FACE('',(#620),#124,.F.);
#6372=ADVANCED_FACE('',(#621),#6064,.F.);
#6373=ADVANCED_FACE('',(#622),#6065,.T.);
#6374=ADVANCED_FACE('',(#623),#6066,.F.);
#6375=ADVANCED_FACE('',(#624),#6067,.T.);
#6376=ADVANCED_FACE('',(#625),#125,.F.);
#6377=ADVANCED_FACE('',(#626,#339,#340),#6068,.T.);
#6378=ADVANCED_FACE('',(#627),#6069,.F.);
#6379=ADVANCED_FACE('',(#628),#126,.F.);
#6380=ADVANCED_FACE('',(#629),#6070,.F.);
#6381=ADVANCED_FACE('',(#630),#6071,.F.);
#6382=ADVANCED_FACE('',(#631),#6072,.F.);
#6383=ADVANCED_FACE('',(#632),#6073,.T.);
#6384=ADVANCED_FACE('',(#633),#6074,.F.);
#6385=ADVANCED_FACE('',(#634,#341,#342,#343),#6075,.T.);
#6386=ADVANCED_FACE('',(#635),#13,.F.);
#6387=ADVANCED_FACE('',(#636,#344,#345,#346,#347),#6076,.F.);
#6388=ADVANCED_FACE('',(#637),#6077,.T.);
#6389=ADVANCED_FACE('',(#638),#6078,.T.);
#6390=ADVANCED_FACE('',(#639),#6079,.T.);
#6391=ADVANCED_FACE('',(#640),#6080,.T.);
#6392=ADVANCED_FACE('',(#641),#6081,.T.);
#6393=ADVANCED_FACE('',(#642,#348,#349,#350,#351,#352,#353),#6082,.T.);
#6394=ADVANCED_FACE('',(#643,#354,#355,#356,#357,#358),#6083,.T.);
#6395=ADVANCED_FACE('',(#644),#127,.T.);
#6396=ADVANCED_FACE('',(#645),#128,.T.);
#6397=ADVANCED_FACE('',(#646),#129,.F.);
#6398=ADVANCED_FACE('',(#647),#130,.F.);
#6399=ADVANCED_FACE('',(#648),#131,.F.);
#6400=ADVANCED_FACE('',(#649),#132,.F.);
#6401=ADVANCED_FACE('',(#650),#6084,.F.);
#6402=ADVANCED_FACE('',(#651),#133,.F.);
#6403=ADVANCED_FACE('',(#652),#6085,.T.);
#6404=ADVANCED_FACE('',(#653,#359,#360,#361),#6086,.F.);
#6405=ADVANCED_FACE('',(#654),#134,.F.);
#6406=ADVANCED_FACE('',(#655),#6087,.T.);
#6407=ADVANCED_FACE('',(#656),#6088,.F.);
#6408=ADVANCED_FACE('',(#657),#6089,.F.);
#6409=ADVANCED_FACE('',(#658),#6090,.F.);
#6410=ADVANCED_FACE('',(#659),#6091,.F.);
#6411=ADVANCED_FACE('',(#660),#6092,.F.);
#6412=ADVANCED_FACE('',(#661),#6093,.F.);
#6413=ADVANCED_FACE('',(#662),#6094,.F.);
#6414=ADVANCED_FACE('',(#663),#6095,.F.);
#6415=ADVANCED_FACE('',(#664),#6096,.F.);
#6416=ADVANCED_FACE('',(#665),#6097,.T.);
#6417=ADVANCED_FACE('',(#666),#6098,.T.);
#6418=ADVANCED_FACE('',(#667),#6099,.T.);
#6419=ADVANCED_FACE('',(#668),#6100,.T.);
#6420=ADVANCED_FACE('',(#669,#362),#6101,.F.);
#6421=ADVANCED_FACE('',(#670),#6102,.F.);
#6422=ADVANCED_FACE('',(#671),#6103,.F.);
#6423=ADVANCED_FACE('',(#672),#6104,.F.);
#6424=ADVANCED_FACE('',(#673),#6105,.F.);
#6425=ADVANCED_FACE('',(#674),#6106,.F.);
#6426=ADVANCED_FACE('',(#675),#6107,.F.);
#6427=ADVANCED_FACE('',(#676,#363),#6108,.F.);
#6428=ADVANCED_FACE('',(#677),#6109,.F.);
#6429=ADVANCED_FACE('',(#678),#6110,.F.);
#6430=ADVANCED_FACE('',(#679,#364),#6111,.F.);
#6431=ADVANCED_FACE('',(#680),#6112,.T.);
#6432=ADVANCED_FACE('',(#681),#6113,.T.);
#6433=ADVANCED_FACE('',(#682),#6114,.T.);
#6434=ADVANCED_FACE('',(#683),#6115,.T.);
#6435=ADVANCED_FACE('',(#684,#365),#6116,.T.);
#6436=ADVANCED_FACE('',(#685,#366),#6117,.F.);
#6437=CLOSED_SHELL('',(#6118,#6119,#6120,#6121,#6122,#6123,#6124,#6125,
#6126,#6127,#6128,#6129,#6130,#6131,#6132,#6133,#6134,#6135,#6136,#6137,
#6138,#6139,#6140,#6141,#6142,#6143,#6144,#6145,#6146,#6147,#6148,#6149,
#6150,#6151,#6152,#6153,#6154,#6155,#6156,#6157,#6158,#6159,#6160,#6161,
#6162,#6163,#6164,#6165,#6166,#6167,#6168,#6169,#6170,#6171,#6172,#6173,
#6174,#6175,#6176,#6177,#6178,#6179,#6180,#6181,#6182,#6183,#6184,#6185,
#6186,#6187,#6188,#6189,#6190,#6191,#6192,#6193,#6194,#6195,#6196,#6197,
#6198,#6199,#6200,#6201,#6202,#6203,#6204,#6205,#6206,#6207,#6208,#6209,
#6210,#6211,#6212,#6213,#6214,#6215));
#6438=CLOSED_SHELL('',(#6216,#6217,#6218,#6219,#6220,#6221));
#6439=CLOSED_SHELL('',(#6222,#6223,#6224,#6225,#6226,#6227));
#6440=CLOSED_SHELL('',(#6228,#6229,#6230,#6231,#6232,#6233,#6234,#6235,
#6236,#6237,#6238,#6239,#6240,#6241,#6242,#6243,#6244,#6245,#6246,#6247,
#6248,#6249,#6250,#6251,#6252,#6253,#6254,#6255,#6256,#6257,#6258,#6259,
#6260,#6261,#6262,#6263,#6264,#6265,#6266,#6267,#6268,#6269,#6270,#6271,
#6272,#6273,#6274,#6275,#6276,#6277,#6278,#6279,#6280,#6281,#6282,#6283,
#6284,#6285,#6286,#6287,#6288,#6289,#6290,#6291,#6292,#6293,#6294,#6295,
#6296,#6297,#6298,#6299,#6300,#6301,#6302,#6303,#6304,#6305,#6306,#6307,
#6308,#6309,#6310,#6311,#6312,#6313,#6314,#6315,#6316,#6317,#6318,#6319,
#6320,#6321,#6322,#6323,#6324,#6325,#6326,#6327,#6328,#6329,#6330,#6331,
#6332,#6333,#6334,#6335,#6336,#6337,#6338,#6339,#6340,#6341,#6342,#6343,
#6344,#6345,#6346,#6347,#6348,#6349,#6350,#6351,#6352,#6353,#6354,#6355,
#6356,#6357,#6358,#6359,#6360,#6361,#6362,#6363,#6364,#6365,#6366,#6367,
#6368,#6369,#6370,#6371,#6372,#6373,#6374,#6375,#6376,#6377,#6378,#6379,
#6380,#6381,#6382,#6383,#6384,#6385,#6386,#6387,#6388,#6389,#6390,#6391,
#6392,#6393,#6394,#6395,#6396,#6397,#6398,#6399,#6400,#6401,#6402,#6403,
#6404,#6405,#6406,#6407,#6408,#6409,#6410,#6411));
#6441=CLOSED_SHELL('',(#6412,#6413,#6414,#6415,#6416,#6417,#6418,#6419,
#6420,#6421,#6422,#6423,#6424,#6425,#6426,#6427,#6428,#6429,#6430,#6431,
#6432,#6433,#6434,#6435,#6436));
#6442=DERIVED_UNIT_ELEMENT(#6444,1.);
#6443=DERIVED_UNIT_ELEMENT(#10624,-3.);
#6444=(
MASS_UNIT()
NAMED_UNIT(*)
SI_UNIT(.KILO.,.GRAM.)
);
#6445=DERIVED_UNIT((#6442,#6443));
#6446=MEASURE_REPRESENTATION_ITEM('density measure',
POSITIVE_RATIO_MEASURE(7850.),#6445);
#6447=PROPERTY_DEFINITION_REPRESENTATION(#6452,#6449);
#6448=PROPERTY_DEFINITION_REPRESENTATION(#6453,#6450);
#6449=REPRESENTATION('material name',(#6451),#10621);
#6450=REPRESENTATION('density',(#6446),#10621);
#6451=DESCRIPTIVE_REPRESENTATION_ITEM('Acero','Acero');
#6452=PROPERTY_DEFINITION('material property','material name',#10631);
#6453=PROPERTY_DEFINITION('material property','density of part',#10631);
#6454=AXIS2_PLACEMENT_3D('',#8660,#6947,#6948);
#6455=AXIS2_PLACEMENT_3D('',#8661,#6949,#6950);
#6456=AXIS2_PLACEMENT_3D('',#8670,#6955,#6956);
#6457=AXIS2_PLACEMENT_3D('',#8679,#6961,#6962);
#6458=AXIS2_PLACEMENT_3D('',#8685,#6966,#6967);
#6459=AXIS2_PLACEMENT_3D('',#8691,#6971,#6972);
#6460=AXIS2_PLACEMENT_3D('',#8697,#6976,#6977);
#6461=AXIS2_PLACEMENT_3D('',#8703,#6981,#6982);
#6462=AXIS2_PLACEMENT_3D('',#8713,#6988,#6989);
#6463=AXIS2_PLACEMENT_3D('',#8723,#6995,#6996);
#6464=AXIS2_PLACEMENT_3D('',#8725,#6998,#6999);
#6465=AXIS2_PLACEMENT_3D('',#8727,#7001,#7002);
#6466=AXIS2_PLACEMENT_3D('',#8728,#7003,#7004);
#6467=AXIS2_PLACEMENT_3D('',#8734,#7008,#7009);
#6468=AXIS2_PLACEMENT_3D('',#8738,#7012,#7013);
#6469=AXIS2_PLACEMENT_3D('',#8742,#7016,#7017);
#6470=AXIS2_PLACEMENT_3D('',#8744,#7019,#7020);
#6471=AXIS2_PLACEMENT_3D('',#8750,#7024,#7025);
#6472=AXIS2_PLACEMENT_3D('',#8754,#7028,#7029);
#6473=AXIS2_PLACEMENT_3D('',#8758,#7032,#7033);
#6474=AXIS2_PLACEMENT_3D('',#8768,#7039,#7040);
#6475=AXIS2_PLACEMENT_3D('',#8769,#7041,#7042);
#6476=AXIS2_PLACEMENT_3D('',#8774,#7044,#7045);
#6477=AXIS2_PLACEMENT_3D('',#8782,#7050,#7051);
#6478=AXIS2_PLACEMENT_3D('',#8788,#7055,#7056);
#6479=AXIS2_PLACEMENT_3D('',#8797,#7061,#7062);
#6480=AXIS2_PLACEMENT_3D('',#8808,#7067,#7068);
#6481=AXIS2_PLACEMENT_3D('',#8812,#7070,#7071);
#6482=AXIS2_PLACEMENT_3D('',#8816,#7073,#7074);
#6483=AXIS2_PLACEMENT_3D('',#8820,#7076,#7077);
#6484=AXIS2_PLACEMENT_3D('',#8825,#7080,#7081);
#6485=AXIS2_PLACEMENT_3D('',#8827,#7082,#7083);
#6486=AXIS2_PLACEMENT_3D('',#8837,#7089,#7090);
#6487=AXIS2_PLACEMENT_3D('',#8841,#7093,#7094);
#6488=AXIS2_PLACEMENT_3D('',#8846,#7096,#7097);
#6489=AXIS2_PLACEMENT_3D('',#8850,#7099,#7100);
#6490=AXIS2_PLACEMENT_3D('',#8860,#7105,#7106);
#6491=AXIS2_PLACEMENT_3D('',#8864,#7108,#7109);
#6492=AXIS2_PLACEMENT_3D('',#8868,#7111,#7112);
#6493=AXIS2_PLACEMENT_3D('',#8872,#7114,#7115);
#6494=AXIS2_PLACEMENT_3D('',#8889,#7124,#7125);
#6495=AXIS2_PLACEMENT_3D('',#8893,#7127,#7128);
#6496=AXIS2_PLACEMENT_3D('',#8910,#7137,#7138);
#6497=AXIS2_PLACEMENT_3D('',#8914,#7140,#7141);
#6498=AXIS2_PLACEMENT_3D('',#8922,#7145,#7146);
#6499=AXIS2_PLACEMENT_3D('',#8928,#7149,#7150);
#6500=AXIS2_PLACEMENT_3D('',#8932,#7152,#7153);
#6501=AXIS2_PLACEMENT_3D('',#8935,#7155,#7156);
#6502=AXIS2_PLACEMENT_3D('',#8937,#7157,#7158);
#6503=AXIS2_PLACEMENT_3D('',#8941,#7160,#7161);
#6504=AXIS2_PLACEMENT_3D('',#8945,#7163,#7164);
#6505=AXIS2_PLACEMENT_3D('',#8950,#7167,#7168);
#6506=AXIS2_PLACEMENT_3D('',#8951,#7169,#7170);
#6507=AXIS2_PLACEMENT_3D('',#8955,#7173,#7174);
#6508=AXIS2_PLACEMENT_3D('',#8962,#7177,#7178);
#6509=AXIS2_PLACEMENT_3D('',#8965,#7181,#7182);
#6510=AXIS2_PLACEMENT_3D('',#8968,#7185,#7186);
#6511=AXIS2_PLACEMENT_3D('',#8972,#7189,#7190);
#6512=AXIS2_PLACEMENT_3D('',#8974,#7191,#7192);
#6513=AXIS2_PLACEMENT_3D('',#8978,#7194,#7195);
#6514=AXIS2_PLACEMENT_3D('',#8983,#7198,#7199);
#6515=AXIS2_PLACEMENT_3D('',#8986,#7201,#7202);
#6516=AXIS2_PLACEMENT_3D('',#8990,#7204,#7205);
#6517=AXIS2_PLACEMENT_3D('',#8993,#7207,#7208);
#6518=AXIS2_PLACEMENT_3D('',#8995,#7209,#7210);
#6519=AXIS2_PLACEMENT_3D('',#8997,#7211,#7212);
#6520=AXIS2_PLACEMENT_3D('',#8998,#7213,#7214);
#6521=AXIS2_PLACEMENT_3D('',#9000,#7216,#7217);
#6522=AXIS2_PLACEMENT_3D('',#9003,#7220,#7221);
#6523=AXIS2_PLACEMENT_3D('',#9005,#7223,#7224);
#6524=AXIS2_PLACEMENT_3D('',#9007,#7226,#7227);
#6525=AXIS2_PLACEMENT_3D('',#9009,#7228,#7229);
#6526=AXIS2_PLACEMENT_3D('',#9011,#7231,#7232);
#6527=AXIS2_PLACEMENT_3D('',#9013,#7233,#7234);
#6528=AXIS2_PLACEMENT_3D('',#9014,#7235,#7236);
#6529=AXIS2_PLACEMENT_3D('',#9016,#7237,#7238);
#6530=AXIS2_PLACEMENT_3D('',#9018,#7240,#7241);
#6531=AXIS2_PLACEMENT_3D('',#9020,#7242,#7243);
#6532=AXIS2_PLACEMENT_3D('',#9021,#7244,#7245);
#6533=AXIS2_PLACEMENT_3D('',#9023,#7247,#7248);
#6534=AXIS2_PLACEMENT_3D('',#9025,#7250,#7251);
#6535=AXIS2_PLACEMENT_3D('',#9028,#7252,#7253);
#6536=AXIS2_PLACEMENT_3D('',#9032,#7255,#7256);
#6537=AXIS2_PLACEMENT_3D('',#9040,#7260,#7261);
#6538=AXIS2_PLACEMENT_3D('',#9044,#7263,#7264);
#6539=AXIS2_PLACEMENT_3D('',#9050,#7268,#7269);
#6540=AXIS2_PLACEMENT_3D('',#9053,#7272,#7273);
#6541=AXIS2_PLACEMENT_3D('',#9055,#7275,#7276);
#6542=AXIS2_PLACEMENT_3D('',#9057,#7278,#7279);
#6543=AXIS2_PLACEMENT_3D('',#9059,#7281,#7282);
#6544=AXIS2_PLACEMENT_3D('',#9061,#7284,#7285);
#6545=AXIS2_PLACEMENT_3D('',#9067,#7289,#7290);
#6546=AXIS2_PLACEMENT_3D('',#9073,#7294,#7295);
#6547=AXIS2_PLACEMENT_3D('',#9074,#7296,#7297);
#6548=AXIS2_PLACEMENT_3D('',#9075,#7298,#7299);
#6549=AXIS2_PLACEMENT_3D('',#9078,#7301,#7302);
#6550=AXIS2_PLACEMENT_3D('',#9079,#7303,#7304);
#6551=AXIS2_PLACEMENT_3D('',#9085,#7308,#7309);
#6552=AXIS2_PLACEMENT_3D('',#9088,#7311,#7312);
#6553=AXIS2_PLACEMENT_3D('',#9089,#7313,#7314);
#6554=AXIS2_PLACEMENT_3D('',#9093,#7317,#7318);
#6555=AXIS2_PLACEMENT_3D('',#9096,#7320,#7321);
#6556=AXIS2_PLACEMENT_3D('',#9097,#7322,#7323);
#6557=AXIS2_PLACEMENT_3D('',#9101,#7326,#7327);
#6558=AXIS2_PLACEMENT_3D('',#9104,#7329,#7330);
#6559=AXIS2_PLACEMENT_3D('',#9105,#7331,#7332);
#6560=AXIS2_PLACEMENT_3D('',#9109,#7335,#7336);
#6561=AXIS2_PLACEMENT_3D('',#9112,#7338,#7339);
#6562=AXIS2_PLACEMENT_3D('',#9113,#7340,#7341);
#6563=AXIS2_PLACEMENT_3D('',#9117,#7344,#7345);
#6564=AXIS2_PLACEMENT_3D('',#9123,#7349,#7350);
#6565=AXIS2_PLACEMENT_3D('',#9125,#7352,#7353);
#6566=AXIS2_PLACEMENT_3D('',#9129,#7355,#7356);
#6567=AXIS2_PLACEMENT_3D('',#9133,#7358,#7359);
#6568=AXIS2_PLACEMENT_3D('',#9137,#7361,#7362);
#6569=AXIS2_PLACEMENT_3D('',#9141,#7364,#7365);
#6570=AXIS2_PLACEMENT_3D('',#9143,#7367,#7368);
#6571=AXIS2_PLACEMENT_3D('',#9145,#7370,#7371);
#6572=AXIS2_PLACEMENT_3D('',#9149,#7373,#7374);
#6573=AXIS2_PLACEMENT_3D('',#9151,#7376,#7377);
#6574=AXIS2_PLACEMENT_3D('',#9152,#7378,#7379);
#6575=AXIS2_PLACEMENT_3D('',#9153,#7380,#7381);
#6576=AXIS2_PLACEMENT_3D('',#9155,#7383,#7384);
#6577=AXIS2_PLACEMENT_3D('',#9157,#7386,#7387);
#6578=AXIS2_PLACEMENT_3D('',#9158,#7388,#7389);
#6579=AXIS2_PLACEMENT_3D('',#9160,#7390,#7391);
#6580=AXIS2_PLACEMENT_3D('',#9162,#7393,#7394);
#6581=AXIS2_PLACEMENT_3D('',#9164,#7396,#7397);
#6582=AXIS2_PLACEMENT_3D('',#9165,#7398,#7399);
#6583=AXIS2_PLACEMENT_3D('',#9166,#7400,#7401);
#6584=AXIS2_PLACEMENT_3D('',#9168,#7403,#7404);
#6585=AXIS2_PLACEMENT_3D('',#9170,#7406,#7407);
#6586=AXIS2_PLACEMENT_3D('',#9172,#7409,#7410);
#6587=AXIS2_PLACEMENT_3D('',#9173,#7411,#7412);
#6588=AXIS2_PLACEMENT_3D('',#9175,#7414,#7415);
#6589=AXIS2_PLACEMENT_3D('',#9177,#7417,#7418);
#6590=AXIS2_PLACEMENT_3D('',#9179,#7420,#7421);
#6591=AXIS2_PLACEMENT_3D('',#9180,#7422,#7423);
#6592=AXIS2_PLACEMENT_3D('',#9183,#7426,#7427);
#6593=AXIS2_PLACEMENT_3D('',#9185,#7429,#7430);
#6594=AXIS2_PLACEMENT_3D('',#9188,#7433,#7434);
#6595=AXIS2_PLACEMENT_3D('',#9191,#7437,#7438);
#6596=AXIS2_PLACEMENT_3D('',#9193,#7440,#7441);
#6597=AXIS2_PLACEMENT_3D('',#9194,#7442,#7443);
#6598=AXIS2_PLACEMENT_3D('',#9195,#7444,#7445);
#6599=AXIS2_PLACEMENT_3D('',#9196,#7446,#7447);
#6600=AXIS2_PLACEMENT_3D('',#9198,#7449,#7450);
#6601=AXIS2_PLACEMENT_3D('',#9200,#7452,#7453);
#6602=AXIS2_PLACEMENT_3D('',#9202,#7455,#7456);
#6603=AXIS2_PLACEMENT_3D('',#9204,#7458,#7459);
#6604=AXIS2_PLACEMENT_3D('',#9206,#7461,#7462);
#6605=AXIS2_PLACEMENT_3D('',#9209,#7465,#7466);
#6606=AXIS2_PLACEMENT_3D('',#9211,#7468,#7469);
#6607=AXIS2_PLACEMENT_3D('',#9212,#7470,#7471);
#6608=AXIS2_PLACEMENT_3D('',#9213,#7472,#7473);
#6609=AXIS2_PLACEMENT_3D('',#9214,#7474,#7475);
#6610=AXIS2_PLACEMENT_3D('',#9223,#7480,#7481);
#6611=AXIS2_PLACEMENT_3D('',#9229,#7485,#7486);
#6612=AXIS2_PLACEMENT_3D('',#9233,#7489,#7490);
#6613=AXIS2_PLACEMENT_3D('',#9237,#7493,#7494);
#6614=AXIS2_PLACEMENT_3D('',#9239,#7496,#7497);
#6615=AXIS2_PLACEMENT_3D('',#9240,#7498,#7499);
#6616=AXIS2_PLACEMENT_3D('',#9249,#7504,#7505);
#6617=AXIS2_PLACEMENT_3D('',#9255,#7509,#7510);
#6618=AXIS2_PLACEMENT_3D('',#9259,#7513,#7514);
#6619=AXIS2_PLACEMENT_3D('',#9263,#7517,#7518);
#6620=AXIS2_PLACEMENT_3D('',#9265,#7520,#7521);
#6621=AXIS2_PLACEMENT_3D('',#9266,#7522,#7523);
#6622=AXIS2_PLACEMENT_3D('',#9269,#7524,#7525);
#6623=AXIS2_PLACEMENT_3D('',#9273,#7527,#7528);
#6624=AXIS2_PLACEMENT_3D('',#9277,#7530,#7531);
#6625=AXIS2_PLACEMENT_3D('',#9281,#7533,#7534);
#6626=AXIS2_PLACEMENT_3D('',#9283,#7536,#7537);
#6627=AXIS2_PLACEMENT_3D('',#9290,#7541,#7542);
#6628=AXIS2_PLACEMENT_3D('',#9292,#7543,#7544);
#6629=AXIS2_PLACEMENT_3D('',#9294,#7545,#7546);
#6630=AXIS2_PLACEMENT_3D('',#9296,#7547,#7548);
#6631=AXIS2_PLACEMENT_3D('',#9298,#7549,#7550);
#6632=AXIS2_PLACEMENT_3D('',#9300,#7551,#7552);
#6633=AXIS2_PLACEMENT_3D('',#9302,#7553,#7554);
#6634=AXIS2_PLACEMENT_3D('',#9303,#7555,#7556);
#6635=AXIS2_PLACEMENT_3D('',#9305,#7557,#7558);
#6636=AXIS2_PLACEMENT_3D('',#9307,#7559,#7560);
#6637=AXIS2_PLACEMENT_3D('',#9309,#7562,#7563);
#6638=AXIS2_PLACEMENT_3D('',#9318,#7568,#7569);
#6639=AXIS2_PLACEMENT_3D('',#9327,#7574,#7575);
#6640=AXIS2_PLACEMENT_3D('',#9328,#7576,#7577);
#6641=AXIS2_PLACEMENT_3D('',#9329,#7578,#7579);
#6642=AXIS2_PLACEMENT_3D('',#9330,#7580,#7581);
#6643=AXIS2_PLACEMENT_3D('',#9332,#7582,#7583);
#6644=AXIS2_PLACEMENT_3D('',#9335,#7585,#7586);
#6645=AXIS2_PLACEMENT_3D('',#9336,#7587,#7588);
#6646=AXIS2_PLACEMENT_3D('',#9345,#7593,#7594);
#6647=AXIS2_PLACEMENT_3D('',#9357,#7600,#7601);
#6648=AXIS2_PLACEMENT_3D('',#9361,#7603,#7604);
#6649=AXIS2_PLACEMENT_3D('',#9364,#7606,#7607);
#6650=AXIS2_PLACEMENT_3D('',#9365,#7608,#7609);
#6651=AXIS2_PLACEMENT_3D('',#9382,#7618,#7619);
#6652=AXIS2_PLACEMENT_3D('',#9384,#7620,#7621);
#6653=AXIS2_PLACEMENT_3D('',#9386,#7622,#7623);
#6654=AXIS2_PLACEMENT_3D('',#9388,#7625,#7626);
#6655=AXIS2_PLACEMENT_3D('',#9390,#7627,#7628);
#6656=AXIS2_PLACEMENT_3D('',#9393,#7630,#7631);
#6657=AXIS2_PLACEMENT_3D('',#9394,#7632,#7633);
#6658=AXIS2_PLACEMENT_3D('',#9398,#7635,#7636);
#6659=AXIS2_PLACEMENT_3D('',#9400,#7637,#7638);
#6660=AXIS2_PLACEMENT_3D('',#9404,#7641,#7642);
#6661=AXIS2_PLACEMENT_3D('',#9407,#7643,#7644);
#6662=AXIS2_PLACEMENT_3D('',#9409,#7645,#7646);
#6663=AXIS2_PLACEMENT_3D('',#9413,#7648,#7649);
#6664=AXIS2_PLACEMENT_3D('',#9431,#7651,#7652);
#6665=AXIS2_PLACEMENT_3D('',#9433,#7653,#7654);
#6666=AXIS2_PLACEMENT_3D('',#9435,#7655,#7656);
#6667=AXIS2_PLACEMENT_3D('',#9460,#7657,#7658);
#6668=AXIS2_PLACEMENT_3D('',#9462,#7659,#7660);
#6669=AXIS2_PLACEMENT_3D('',#9464,#7661,#7662);
#6670=AXIS2_PLACEMENT_3D('',#9465,#7663,#7664);
#6671=AXIS2_PLACEMENT_3D('',#9466,#7665,#7666);
#6672=AXIS2_PLACEMENT_3D('',#9480,#7669,#7670);
#6673=AXIS2_PLACEMENT_3D('',#9482,#7671,#7672);
#6674=AXIS2_PLACEMENT_3D('',#9484,#7673,#7674);
#6675=AXIS2_PLACEMENT_3D('',#9485,#7675,#7676);
#6676=AXIS2_PLACEMENT_3D('',#9486,#7677,#7678);
#6677=AXIS2_PLACEMENT_3D('',#9493,#7681,#7682);
#6678=AXIS2_PLACEMENT_3D('',#9496,#7685,#7686);
#6679=AXIS2_PLACEMENT_3D('',#9498,#7687,#7688);
#6680=AXIS2_PLACEMENT_3D('',#9500,#7690,#7691);
#6681=AXIS2_PLACEMENT_3D('',#9502,#7692,#7693);
#6682=AXIS2_PLACEMENT_3D('',#9504,#7695,#7696);
#6683=AXIS2_PLACEMENT_3D('',#9506,#7697,#7698);
#6684=AXIS2_PLACEMENT_3D('',#9508,#7700,#7701);
#6685=AXIS2_PLACEMENT_3D('',#9510,#7702,#7703);
#6686=AXIS2_PLACEMENT_3D('',#9512,#7705,#7706);
#6687=AXIS2_PLACEMENT_3D('',#9514,#7707,#7708);
#6688=AXIS2_PLACEMENT_3D('',#9516,#7710,#7711);
#6689=AXIS2_PLACEMENT_3D('',#9518,#7712,#7713);
#6690=AXIS2_PLACEMENT_3D('',#9520,#7715,#7716);
#6691=AXIS2_PLACEMENT_3D('',#9522,#7717,#7718);
#6692=AXIS2_PLACEMENT_3D('',#9524,#7720,#7721);
#6693=AXIS2_PLACEMENT_3D('',#9527,#7722,#7723);
#6694=AXIS2_PLACEMENT_3D('',#9531,#7725,#7726);
#6695=AXIS2_PLACEMENT_3D('',#9533,#7728,#7729);
#6696=AXIS2_PLACEMENT_3D('',#9548,#7737,#7738);
#6697=AXIS2_PLACEMENT_3D('',#9552,#7740,#7741);
#6698=AXIS2_PLACEMENT_3D('',#9556,#7743,#7744);
#6699=AXIS2_PLACEMENT_3D('',#9559,#7746,#7747);
#6700=AXIS2_PLACEMENT_3D('',#9560,#7748,#7749);
#6701=AXIS2_PLACEMENT_3D('',#9563,#7750,#7751);
#6702=AXIS2_PLACEMENT_3D('',#9567,#7753,#7754);
#6703=AXIS2_PLACEMENT_3D('',#9569,#7756,#7757);
#6704=AXIS2_PLACEMENT_3D('',#9575,#7761,#7762);
#6705=AXIS2_PLACEMENT_3D('',#9577,#7763,#7764);
#6706=AXIS2_PLACEMENT_3D('',#9579,#7765,#7766);
#6707=AXIS2_PLACEMENT_3D('',#9583,#7768,#7769);
#6708=AXIS2_PLACEMENT_3D('',#9587,#7771,#7772);
#6709=AXIS2_PLACEMENT_3D('',#9589,#7774,#7775);
#6710=AXIS2_PLACEMENT_3D('',#9592,#7776,#7777);
#6711=AXIS2_PLACEMENT_3D('',#9598,#7780,#7781);
#6712=AXIS2_PLACEMENT_3D('',#9600,#7783,#7784);
#6713=AXIS2_PLACEMENT_3D('',#9611,#7791,#7792);
#6714=AXIS2_PLACEMENT_3D('',#9613,#7793,#7794);
#6715=AXIS2_PLACEMENT_3D('',#9615,#7796,#7797);
#6716=AXIS2_PLACEMENT_3D('',#9621,#7801,#7802);
#6717=AXIS2_PLACEMENT_3D('',#9627,#7806,#7807);
#6718=AXIS2_PLACEMENT_3D('',#9629,#7808,#7809);
#6719=AXIS2_PLACEMENT_3D('',#9631,#7810,#7811);
#6720=AXIS2_PLACEMENT_3D('',#9633,#7813,#7814);
#6721=AXIS2_PLACEMENT_3D('',#9656,#7827,#7828);
#6722=AXIS2_PLACEMENT_3D('',#9674,#7839,#7840);
#6723=AXIS2_PLACEMENT_3D('',#9679,#7842,#7843);
#6724=AXIS2_PLACEMENT_3D('',#9683,#7845,#7846);
#6725=AXIS2_PLACEMENT_3D('',#9687,#7848,#7849);
#6726=AXIS2_PLACEMENT_3D('',#9691,#7851,#7852);
#6727=AXIS2_PLACEMENT_3D('',#9696,#7856,#7857);
#6728=AXIS2_PLACEMENT_3D('',#9702,#7861,#7862);
#6729=AXIS2_PLACEMENT_3D('',#9704,#7864,#7865);
#6730=AXIS2_PLACEMENT_3D('',#9708,#7868,#7869);
#6731=AXIS2_PLACEMENT_3D('',#9710,#7870,#7871);
#6732=AXIS2_PLACEMENT_3D('',#9712,#7873,#7874);
#6733=AXIS2_PLACEMENT_3D('',#9716,#7877,#7878);
#6734=AXIS2_PLACEMENT_3D('',#9718,#7879,#7880);
#6735=AXIS2_PLACEMENT_3D('',#9720,#7882,#7883);
#6736=AXIS2_PLACEMENT_3D('',#9724,#7886,#7887);
#6737=AXIS2_PLACEMENT_3D('',#9726,#7888,#7889);
#6738=AXIS2_PLACEMENT_3D('',#9728,#7891,#7892);
#6739=AXIS2_PLACEMENT_3D('',#9732,#7895,#7896);
#6740=AXIS2_PLACEMENT_3D('',#9734,#7897,#7898);
#6741=AXIS2_PLACEMENT_3D('',#9736,#7900,#7901);
#6742=AXIS2_PLACEMENT_3D('',#9738,#7903,#7904);
#6743=AXIS2_PLACEMENT_3D('',#9741,#7905,#7906);
#6744=AXIS2_PLACEMENT_3D('',#9745,#7908,#7909);
#6745=AXIS2_PLACEMENT_3D('',#9747,#7911,#7912);
#6746=AXIS2_PLACEMENT_3D('',#9750,#7915,#7916);
#6747=AXIS2_PLACEMENT_3D('',#9753,#7918,#7919);
#6748=AXIS2_PLACEMENT_3D('',#9754,#7920,#7921);
#6749=AXIS2_PLACEMENT_3D('',#9760,#7925,#7926);
#6750=AXIS2_PLACEMENT_3D('',#9762,#7927,#7928);
#6751=AXIS2_PLACEMENT_3D('',#9764,#7929,#7930);
#6752=AXIS2_PLACEMENT_3D('',#9766,#7932,#7933);
#6753=AXIS2_PLACEMENT_3D('',#9769,#7936,#7937);
#6754=AXIS2_PLACEMENT_3D('',#9780,#7944,#7945);
#6755=AXIS2_PLACEMENT_3D('',#9781,#7946,#7947);
#6756=AXIS2_PLACEMENT_3D('',#9782,#7948,#7949);
#6757=AXIS2_PLACEMENT_3D('',#9784,#7951,#7952);
#6758=AXIS2_PLACEMENT_3D('',#9790,#7956,#7957);
#6759=AXIS2_PLACEMENT_3D('',#9792,#7958,#7959);
#6760=AXIS2_PLACEMENT_3D('',#9794,#7960,#7961);
#6761=AXIS2_PLACEMENT_3D('',#9796,#7963,#7964);
#6762=AXIS2_PLACEMENT_3D('',#9802,#7968,#7969);
#6763=AXIS2_PLACEMENT_3D('',#9804,#7970,#7971);
#6764=AXIS2_PLACEMENT_3D('',#9806,#7972,#7973);
#6765=AXIS2_PLACEMENT_3D('',#9808,#7975,#7976);
#6766=AXIS2_PLACEMENT_3D('',#9811,#7979,#7980);
#6767=AXIS2_PLACEMENT_3D('',#9814,#7983,#7984);
#6768=AXIS2_PLACEMENT_3D('',#9815,#7985,#7986);
#6769=AXIS2_PLACEMENT_3D('',#9839,#7992,#7993);
#6770=AXIS2_PLACEMENT_3D('',#9845,#7997,#7998);
#6771=AXIS2_PLACEMENT_3D('',#9848,#8001,#8002);
#6772=AXIS2_PLACEMENT_3D('',#9850,#8004,#8005);
#6773=AXIS2_PLACEMENT_3D('',#9852,#8007,#8008);
#6774=AXIS2_PLACEMENT_3D('',#9853,#8009,#8010);
#6775=AXIS2_PLACEMENT_3D('',#9859,#8014,#8015);
#6776=AXIS2_PLACEMENT_3D('',#9865,#8019,#8020);
#6777=AXIS2_PLACEMENT_3D('',#9888,#8033,#8034);
#6778=AXIS2_PLACEMENT_3D('',#9897,#8039,#8040);
#6779=AXIS2_PLACEMENT_3D('',#9900,#8043,#8044);
#6780=AXIS2_PLACEMENT_3D('',#9903,#8046,#8047);
#6781=AXIS2_PLACEMENT_3D('',#9904,#8048,#8049);
#6782=AXIS2_PLACEMENT_3D('',#9906,#8051,#8052);
#6783=AXIS2_PLACEMENT_3D('',#9908,#8053,#8054);
#6784=AXIS2_PLACEMENT_3D('',#9911,#8056,#8057);
#6785=AXIS2_PLACEMENT_3D('',#9912,#8058,#8059);
#6786=AXIS2_PLACEMENT_3D('',#9914,#8060,#8061);
#6787=AXIS2_PLACEMENT_3D('',#9916,#8063,#8064);
#6788=AXIS2_PLACEMENT_3D('',#9922,#8068,#8069);
#6789=AXIS2_PLACEMENT_3D('',#9926,#8072,#8073);
#6790=AXIS2_PLACEMENT_3D('',#9929,#8076,#8077);
#6791=AXIS2_PLACEMENT_3D('',#9935,#8081,#8082);
#6792=AXIS2_PLACEMENT_3D('',#9942,#8087,#8088);
#6793=AXIS2_PLACEMENT_3D('',#9950,#8092,#8093);
#6794=AXIS2_PLACEMENT_3D('',#9956,#8097,#8098);
#6795=AXIS2_PLACEMENT_3D('',#9962,#8102,#8103);
#6796=AXIS2_PLACEMENT_3D('',#9971,#8108,#8109);
#6797=AXIS2_PLACEMENT_3D('',#9977,#8113,#8114);
#6798=AXIS2_PLACEMENT_3D('',#9980,#8117,#8118);
#6799=AXIS2_PLACEMENT_3D('',#9989,#8123,#8124);
#6800=AXIS2_PLACEMENT_3D('',#9994,#8127,#8128);
#6801=AXIS2_PLACEMENT_3D('',#9995,#8129,#8130);
#6802=AXIS2_PLACEMENT_3D('',#9997,#8131,#8132);
#6803=AXIS2_PLACEMENT_3D('',#10004,#8133,#8134);
#6804=AXIS2_PLACEMENT_3D('',#10010,#8138,#8139);
#6805=AXIS2_PLACEMENT_3D('',#10012,#8141,#8142);
#6806=AXIS2_PLACEMENT_3D('',#10018,#8146,#8147);
#6807=AXIS2_PLACEMENT_3D('',#10022,#8149,#8150);
#6808=AXIS2_PLACEMENT_3D('',#10024,#8152,#8153);
#6809=AXIS2_PLACEMENT_3D('',#10026,#8154,#8155);
#6810=AXIS2_PLACEMENT_3D('',#10033,#8156,#8157);
#6811=AXIS2_PLACEMENT_3D('',#10042,#8162,#8163);
#6812=AXIS2_PLACEMENT_3D('',#10048,#8167,#8168);
#6813=AXIS2_PLACEMENT_3D('',#10051,#8171,#8172);
#6814=AXIS2_PLACEMENT_3D('',#10054,#8175,#8176);
#6815=AXIS2_PLACEMENT_3D('',#10055,#8177,#8178);
#6816=AXIS2_PLACEMENT_3D('',#10061,#8182,#8183);
#6817=AXIS2_PLACEMENT_3D('',#10063,#8184,#8185);
#6818=AXIS2_PLACEMENT_3D('',#10065,#8187,#8188);
#6819=AXIS2_PLACEMENT_3D('',#10074,#8193,#8194);
#6820=AXIS2_PLACEMENT_3D('',#10080,#8198,#8199);
#6821=AXIS2_PLACEMENT_3D('',#10086,#8203,#8204);
#6822=AXIS2_PLACEMENT_3D('',#10089,#8207,#8208);
#6823=AXIS2_PLACEMENT_3D('',#10098,#8213,#8214);
#6824=AXIS2_PLACEMENT_3D('',#10107,#8219,#8220);
#6825=AXIS2_PLACEMENT_3D('',#10124,#8222,#8223);
#6826=AXIS2_PLACEMENT_3D('',#10125,#8224,#8225);
#6827=AXIS2_PLACEMENT_3D('',#10126,#8226,#8227);
#6828=AXIS2_PLACEMENT_3D('',#10135,#8232,#8233);
#6829=AXIS2_PLACEMENT_3D('',#10141,#8237,#8238);
#6830=AXIS2_PLACEMENT_3D('',#10147,#8242,#8243);
#6831=AXIS2_PLACEMENT_3D('',#10153,#8247,#8248);
#6832=AXIS2_PLACEMENT_3D('',#10159,#8251,#8252);
#6833=AXIS2_PLACEMENT_3D('',#10161,#8254,#8255);
#6834=AXIS2_PLACEMENT_3D('',#10167,#8258,#8259);
#6835=AXIS2_PLACEMENT_3D('',#10169,#8261,#8262);
#6836=AXIS2_PLACEMENT_3D('',#10173,#8265,#8266);
#6837=AXIS2_PLACEMENT_3D('',#10180,#8271,#8272);
#6838=AXIS2_PLACEMENT_3D('',#10186,#8276,#8277);
#6839=AXIS2_PLACEMENT_3D('',#10195,#8282,#8283);
#6840=AXIS2_PLACEMENT_3D('',#10198,#8286,#8287);
#6841=AXIS2_PLACEMENT_3D('',#10199,#8288,#8289);
#6842=AXIS2_PLACEMENT_3D('',#10203,#8292,#8293);
#6843=AXIS2_PLACEMENT_3D('',#10205,#8294,#8295);
#6844=AXIS2_PLACEMENT_3D('',#10207,#8297,#8298);
#6845=AXIS2_PLACEMENT_3D('',#10209,#8299,#8300);
#6846=AXIS2_PLACEMENT_3D('',#10211,#8302,#8303);
#6847=AXIS2_PLACEMENT_3D('',#10233,#8315,#8316);
#6848=AXIS2_PLACEMENT_3D('',#10236,#8319,#8320);
#6849=AXIS2_PLACEMENT_3D('',#10239,#8323,#8324);
#6850=AXIS2_PLACEMENT_3D('',#10243,#8327,#8328);
#6851=AXIS2_PLACEMENT_3D('',#10249,#8332,#8333);
#6852=AXIS2_PLACEMENT_3D('',#10255,#8337,#8338);
#6853=AXIS2_PLACEMENT_3D('',#10259,#8341,#8342);
#6854=AXIS2_PLACEMENT_3D('',#10261,#8344,#8345);
#6855=AXIS2_PLACEMENT_3D('',#10263,#8346,#8347);
#6856=AXIS2_PLACEMENT_3D('',#10265,#8349,#8350);
#6857=AXIS2_PLACEMENT_3D('',#10269,#8353,#8354);
#6858=AXIS2_PLACEMENT_3D('',#10270,#8355,#8356);
#6859=AXIS2_PLACEMENT_3D('',#10271,#8357,#8358);
#6860=AXIS2_PLACEMENT_3D('',#10273,#8359,#8360);
#6861=AXIS2_PLACEMENT_3D('',#10275,#8362,#8363);
#6862=AXIS2_PLACEMENT_3D('',#10279,#8366,#8367);
#6863=AXIS2_PLACEMENT_3D('',#10280,#8368,#8369);
#6864=AXIS2_PLACEMENT_3D('',#10289,#8374,#8375);
#6865=AXIS2_PLACEMENT_3D('',#10290,#8376,#8377);
#6866=AXIS2_PLACEMENT_3D('',#10293,#8380,#8381);
#6867=AXIS2_PLACEMENT_3D('',#10295,#8383,#8384);
#6868=AXIS2_PLACEMENT_3D('',#10297,#8386,#8387);
#6869=AXIS2_PLACEMENT_3D('',#10298,#8388,#8389);
#6870=AXIS2_PLACEMENT_3D('',#10300,#8390,#8391);
#6871=AXIS2_PLACEMENT_3D('',#10302,#8393,#8394);
#6872=AXIS2_PLACEMENT_3D('',#10303,#8395,#8396);
#6873=AXIS2_PLACEMENT_3D('',#10304,#8397,#8398);
#6874=AXIS2_PLACEMENT_3D('',#10311,#8403,#8404);
#6875=AXIS2_PLACEMENT_3D('',#10317,#8408,#8409);
#6876=AXIS2_PLACEMENT_3D('',#10319,#8410,#8411);
#6877=AXIS2_PLACEMENT_3D('',#10321,#8413,#8414);
#6878=AXIS2_PLACEMENT_3D('',#10323,#8416,#8417);
#6879=AXIS2_PLACEMENT_3D('',#10327,#8420,#8421);
#6880=AXIS2_PLACEMENT_3D('',#10329,#8423,#8424);
#6881=AXIS2_PLACEMENT_3D('',#10333,#8427,#8428);
#6882=AXIS2_PLACEMENT_3D('',#10335,#8430,#8431);
#6883=AXIS2_PLACEMENT_3D('',#10352,#8435,#8436);
#6884=AXIS2_PLACEMENT_3D('',#10353,#8437,#8438);
#6885=AXIS2_PLACEMENT_3D('',#10362,#8443,#8444);
#6886=AXIS2_PLACEMENT_3D('',#10368,#8448,#8449);
#6887=AXIS2_PLACEMENT_3D('',#10372,#8452,#8453);
#6888=AXIS2_PLACEMENT_3D('',#10376,#8456,#8457);
#6889=AXIS2_PLACEMENT_3D('',#10378,#8459,#8460);
#6890=AXIS2_PLACEMENT_3D('',#10381,#8461,#8462);
#6891=AXIS2_PLACEMENT_3D('',#10383,#8463,#8464);
#6892=AXIS2_PLACEMENT_3D('',#10388,#8467,#8468);
#6893=AXIS2_PLACEMENT_3D('',#10390,#8469,#8470);
#6894=AXIS2_PLACEMENT_3D('',#10394,#8473,#8474);
#6895=AXIS2_PLACEMENT_3D('',#10396,#8475,#8476);
#6896=AXIS2_PLACEMENT_3D('',#10397,#8477,#8478);
#6897=AXIS2_PLACEMENT_3D('',#10399,#8479,#8480);
#6898=AXIS2_PLACEMENT_3D('',#10401,#8481,#8482);
#6899=AXIS2_PLACEMENT_3D('',#10405,#8484,#8485);
#6900=AXIS2_PLACEMENT_3D('',#10408,#8487,#8488);
#6901=AXIS2_PLACEMENT_3D('',#10409,#8489,#8490);
#6902=AXIS2_PLACEMENT_3D('',#10428,#8491,#8492);
#6903=AXIS2_PLACEMENT_3D('',#10447,#8493,#8494);
#6904=AXIS2_PLACEMENT_3D('',#10450,#8496,#8497);
#6905=AXIS2_PLACEMENT_3D('',#10451,#8498,#8499);
#6906=AXIS2_PLACEMENT_3D('',#10453,#8501,#8502);
#6907=AXIS2_PLACEMENT_3D('',#10456,#8504,#8505);
#6908=AXIS2_PLACEMENT_3D('',#10457,#8506,#8507);
#6909=AXIS2_PLACEMENT_3D('',#10459,#8509,#8510);
#6910=AXIS2_PLACEMENT_3D('',#10463,#8513,#8514);
#6911=AXIS2_PLACEMENT_3D('',#10465,#8515,#8516);
#6912=AXIS2_PLACEMENT_3D('',#10467,#8518,#8519);
#6913=AXIS2_PLACEMENT_3D('',#10471,#8522,#8523);
#6914=AXIS2_PLACEMENT_3D('',#10472,#8524,#8525);
#6915=AXIS2_PLACEMENT_3D('',#10473,#8526,#8527);
#6916=AXIS2_PLACEMENT_3D('',#10474,#8528,#8529);
#6917=AXIS2_PLACEMENT_3D('',#10480,#8533,#8534);
#6918=AXIS2_PLACEMENT_3D('',#10485,#8538,#8539);
#6919=AXIS2_PLACEMENT_3D('',#10489,#8542,#8543);
#6920=AXIS2_PLACEMENT_3D('',#10491,#8545,#8546);
#6921=AXIS2_PLACEMENT_3D('',#10493,#8548,#8549);
#6922=AXIS2_PLACEMENT_3D('',#10494,#8550,#8551);
#6923=AXIS2_PLACEMENT_3D('',#10503,#8556,#8557);
#6924=AXIS2_PLACEMENT_3D('',#10509,#8561,#8562);
#6925=AXIS2_PLACEMENT_3D('',#10515,#8566,#8567);
#6926=AXIS2_PLACEMENT_3D('',#10518,#8570,#8571);
#6927=AXIS2_PLACEMENT_3D('',#10527,#8576,#8577);
#6928=AXIS2_PLACEMENT_3D('',#10533,#8581,#8582);
#6929=AXIS2_PLACEMENT_3D('',#10539,#8586,#8587);
#6930=AXIS2_PLACEMENT_3D('',#10548,#8592,#8593);
#6931=AXIS2_PLACEMENT_3D('',#10558,#8599,#8600);
#6932=AXIS2_PLACEMENT_3D('',#10564,#8604,#8605);
#6933=AXIS2_PLACEMENT_3D('',#10573,#8610,#8611);
#6934=AXIS2_PLACEMENT_3D('',#10577,#8614,#8615);
#6935=AXIS2_PLACEMENT_3D('',#10583,#8619,#8620);
#6936=AXIS2_PLACEMENT_3D('',#10587,#8623,#8624);
#6937=AXIS2_PLACEMENT_3D('',#10593,#8628,#8629);
#6938=AXIS2_PLACEMENT_3D('',#10600,#8634,#8635);
#6939=AXIS2_PLACEMENT_3D('',#10602,#8637,#8638);
#6940=AXIS2_PLACEMENT_3D('',#10604,#8640,#8641);
#6941=AXIS2_PLACEMENT_3D('',#10605,#8642,#8643);
#6942=AXIS2_PLACEMENT_3D('',#10607,#8645,#8646);
#6943=AXIS2_PLACEMENT_3D('',#10611,#8649,#8650);
#6944=AXIS2_PLACEMENT_3D('',#10615,#8653,#8654);
#6945=AXIS2_PLACEMENT_3D('',#10617,#8656,#8657);
#6946=AXIS2_PLACEMENT_3D('',#10618,#8658,#8659);
#6947=DIRECTION('axis',(0.,0.,1.));
#6948=DIRECTION('refdir',(1.,0.,0.));
#6949=DIRECTION('center_axis',(-1.,0.,0.));
#6950=DIRECTION('ref_axis',(0.,-1.,0.));
#6951=DIRECTION('',(0.,0.,-1.));
#6952=DIRECTION('',(0.,1.,0.));
#6953=DIRECTION('',(0.,0.,1.));
#6954=DIRECTION('',(0.,1.,0.));
#6955=DIRECTION('center_axis',(1.,0.,0.));
#6956=DIRECTION('ref_axis',(0.,1.,0.));
#6957=DIRECTION('',(0.,0.,-1.));
#6958=DIRECTION('',(0.,-1.,0.));
#6959=DIRECTION('',(0.,0.,-1.));
#6960=DIRECTION('',(0.,-1.,0.));
#6961=DIRECTION('center_axis',(0.,0.,-1.));
#6962=DIRECTION('ref_axis',(0.,-1.,0.));
#6963=DIRECTION('',(1.,0.,0.));
#6964=DIRECTION('',(-1.,0.,0.));
#6965=DIRECTION('',(0.,1.,0.));
#6966=DIRECTION('center_axis',(0.,0.,1.));
#6967=DIRECTION('ref_axis',(0.,1.,0.));
#6968=DIRECTION('',(1.,0.,0.));
#6969=DIRECTION('',(1.,0.,0.));
#6970=DIRECTION('',(0.,-1.,0.));
#6971=DIRECTION('center_axis',(1.,0.,0.));
#6972=DIRECTION('ref_axis',(0.,-1.,0.));
#6973=DIRECTION('',(0.,0.,1.));
#6974=DIRECTION('',(0.,0.,-1.));
#6975=DIRECTION('',(0.,1.,0.));
#6976=DIRECTION('center_axis',(-1.,0.,0.));
#6977=DIRECTION('ref_axis',(0.,1.,0.));
#6978=DIRECTION('',(0.,0.,1.));
#6979=DIRECTION('',(0.,0.,1.));
#6980=DIRECTION('',(0.,-1.,0.));
#6981=DIRECTION('center_axis',(0.,-1.,0.));
#6982=DIRECTION('ref_axis',(0.,0.,-1.));
#6983=DIRECTION('',(-1.,0.,0.));
#6984=DIRECTION('',(-1.,0.,0.));
#6985=DIRECTION('',(0.,0.,1.));
#6986=DIRECTION('',(1.,0.,0.));
#6987=DIRECTION('',(0.,0.,-1.));
#6988=DIRECTION('center_axis',(0.,-1.,0.));
#6989=DIRECTION('ref_axis',(0.,0.,-1.));
#6990=DIRECTION('',(0.,0.,-1.));
#6991=DIRECTION('',(-1.,0.,0.));
#6992=DIRECTION('',(0.,0.,1.));
#6993=DIRECTION('',(-1.,0.,1.01913760149182E-16));
#6994=DIRECTION('',(1.,0.,0.));
#6995=DIRECTION('center_axis',(0.,0.,1.));
#6996=DIRECTION('ref_axis',(-1.,0.,0.));
#6997=DIRECTION('',(-1.,0.,0.));
#6998=DIRECTION('center_axis',(0.,0.,-1.));
#6999=DIRECTION('ref_axis',(1.,0.,0.));
#7000=DIRECTION('',(-1.,0.,0.));
#7001=DIRECTION('center_axis',(0.,-1.,0.));
#7002=DIRECTION('ref_axis',(0.,0.,-1.));
#7003=DIRECTION('center_axis',(-1.,0.,0.));
#7004=DIRECTION('ref_axis',(0.,0.,-1.));
#7005=DIRECTION('',(0.,0.,1.));
#7006=DIRECTION('',(0.,-1.,0.));
#7007=DIRECTION('',(0.,-1.,0.));
#7008=DIRECTION('center_axis',(0.,0.,-1.));
#7009=DIRECTION('ref_axis',(1.,0.,0.));
#7010=DIRECTION('',(-1.,0.,0.));
#7011=DIRECTION('',(0.,-1.,0.));
#7012=DIRECTION('center_axis',(1.,0.,0.));
#7013=DIRECTION('ref_axis',(0.,0.,1.));
#7014=DIRECTION('',(0.,0.,-1.));
#7015=DIRECTION('',(0.,-1.,0.));
#7016=DIRECTION('center_axis',(0.,0.,1.));
#7017=DIRECTION('ref_axis',(-1.,0.,0.));
#7018=DIRECTION('',(1.,0.,0.));
#7019=DIRECTION('center_axis',(1.01913760149182E-16,0.,1.));
#7020=DIRECTION('ref_axis',(-1.,0.,1.01913760149182E-16));
#7021=DIRECTION('',(1.,0.,-1.01913760149182E-16));
#7022=DIRECTION('',(0.,-1.,0.));
#7023=DIRECTION('',(0.,-1.,0.));
#7024=DIRECTION('center_axis',(1.,0.,0.));
#7025=DIRECTION('ref_axis',(0.,0.,1.));
#7026=DIRECTION('',(0.,0.,-1.));
#7027=DIRECTION('',(0.,-1.,0.));
#7028=DIRECTION('center_axis',(-1.,0.,0.));
#7029=DIRECTION('ref_axis',(0.,0.,-1.));
#7030=DIRECTION('',(0.,0.,1.));
#7031=DIRECTION('',(0.,1.,0.));
#7032=DIRECTION('center_axis',(0.,0.,-1.));
#7033=DIRECTION('ref_axis',(-1.,0.,0.));
#7034=DIRECTION('',(-1.,0.,0.));
#7035=DIRECTION('',(0.,-1.,0.));
#7036=DIRECTION('',(-1.,4.0638713104475E-17,0.));
#7037=DIRECTION('',(0.,1.,0.));
#7038=DIRECTION('',(-1.,0.,0.));
#7039=DIRECTION('center_axis',(0.,1.,0.));
#7040=DIRECTION('ref_axis',(0.,0.,1.));
#7041=DIRECTION('center_axis',(-1.,0.,0.));
#7042=DIRECTION('ref_axis',(0.,0.,1.));
#7043=DIRECTION('',(0.,-1.,0.));
#7044=DIRECTION('center_axis',(-1.,0.,0.));
#7045=DIRECTION('ref_axis',(0.,0.,1.));
#7046=DIRECTION('',(0.,-1.,0.));
#7047=DIRECTION('',(0.,0.,1.));
#7048=DIRECTION('',(0.,-1.,0.));
#7049=DIRECTION('',(0.,0.,1.));
#7050=DIRECTION('center_axis',(0.,0.,-1.));
#7051=DIRECTION('ref_axis',(0.,-1.,0.));
#7052=DIRECTION('',(0.,1.,0.));
#7053=DIRECTION('',(-1.,0.,0.));
#7054=DIRECTION('',(-1.,0.,0.));
#7055=DIRECTION('center_axis',(0.,0.,-1.));
#7056=DIRECTION('ref_axis',(0.,-1.,0.));
#7057=DIRECTION('',(0.,-1.,0.));
#7058=DIRECTION('',(-1.,0.,0.));
#7059=DIRECTION('',(0.,1.,0.));
#7060=DIRECTION('',(-1.,0.,0.));
#7061=DIRECTION('center_axis',(0.,1.,0.));
#7062=DIRECTION('ref_axis',(0.,0.,1.));
#7063=DIRECTION('',(1.,0.,0.));
#7064=DIRECTION('',(0.573576436351046,0.,0.819152044288992));
#7065=DIRECTION('',(-0.819152044288992,0.,0.573576436351046));
#7066=DIRECTION('',(1.,0.,0.));
#7067=DIRECTION('center_axis',(0.,-1.,0.));
#7068=DIRECTION('ref_axis',(0.707106781186548,0.,0.707106781186547));
#7069=DIRECTION('',(0.,0.,-1.));
#7070=DIRECTION('center_axis',(0.,-1.,0.));
#7071=DIRECTION('ref_axis',(0.707106781186548,0.,-0.707106781186547));
#7072=DIRECTION('',(-1.,0.,0.));
#7073=DIRECTION('center_axis',(0.,-1.,0.));
#7074=DIRECTION('ref_axis',(-0.707106781186548,0.,-0.707106781186547));
#7075=DIRECTION('',(0.,0.,1.));
#7076=DIRECTION('center_axis',(0.,-1.,0.));
#7077=DIRECTION('ref_axis',(-0.707106781186548,0.,0.707106781186547));
#7078=DIRECTION('',(1.,0.,0.));
#7079=DIRECTION('',(0.573576436351046,0.,-0.819152044288992));
#7080=DIRECTION('center_axis',(0.,-1.,0.));
#7081=DIRECTION('ref_axis',(-1.,0.,0.));
#7082=DIRECTION('center_axis',(0.,-1.,0.));
#7083=DIRECTION('ref_axis',(-1.,0.,0.));
#7084=DIRECTION('',(0.573576436351046,0.,-0.819152044288992));
#7085=DIRECTION('',(0.819152044288992,0.,0.573576436351046));
#7086=DIRECTION('',(0.819152044288992,0.,-0.573576436351046));
#7087=DIRECTION('',(0.573576436351046,0.,0.819152044288992));
#7088=DIRECTION('',(1.,0.,0.));
#7089=DIRECTION('center_axis',(0.819152044288992,0.,0.573576436351046));
#7090=DIRECTION('ref_axis',(0.,1.,0.));
#7091=DIRECTION('',(-0.573576436351046,2.33094082403573E-17,0.819152044288992));
#7092=DIRECTION('',(0.,-1.,0.));
#7093=DIRECTION('center_axis',(-4.0638713104475E-17,-1.,0.));
#7094=DIRECTION('ref_axis',(0.,0.,-1.));
#7095=DIRECTION('',(-0.573576436351046,2.33094082403573E-17,0.819152044288992));
#7096=DIRECTION('center_axis',(-4.0638713104475E-17,-1.,0.));
#7097=DIRECTION('ref_axis',(0.461748613235034,0.,0.887010833178221));
#7098=DIRECTION('',(-1.,4.0638713104475E-17,-2.9175370085886E-16));
#7099=DIRECTION('center_axis',(-4.0638713104475E-17,-1.,0.));
#7100=DIRECTION('ref_axis',(-0.461748613235034,0.,0.887010833178221));
#7101=DIRECTION('',(-0.573576436351046,2.33094082403573E-17,-0.819152044288992));
#7102=DIRECTION('',(-1.,4.0638713104475E-17,0.));
#7103=DIRECTION('',(0.,0.,-1.));
#7104=DIRECTION('',(-1.,4.0638713104475E-17,0.));
#7105=DIRECTION('center_axis',(-4.0638713104475E-17,-1.,0.));
#7106=DIRECTION('ref_axis',(-1.16779038663478E-33,-2.87359096148689E-17,
1.));
#7107=DIRECTION('',(1.13582377435967E-115,-4.61584165034447E-132,-1.));
#7108=DIRECTION('center_axis',(-4.0638713104475E-17,-1.,0.));
#7109=DIRECTION('ref_axis',(-1.,1.19028034896061E-17,0.));
#7110=DIRECTION('',(1.,-4.0638713104475E-17,8.88569334558927E-50));
#7111=DIRECTION('center_axis',(-4.0638713104475E-17,-1.,0.));
#7112=DIRECTION('ref_axis',(0.,2.87359096148689E-17,-1.));
#7113=DIRECTION('',(-3.90321380819486E-82,1.58621586136656E-98,1.));
#7114=DIRECTION('center_axis',(-4.0638713104475E-17,-1.,0.));
#7115=DIRECTION('ref_axis',(1.,-1.19028034896061E-17,0.));
#7116=DIRECTION('',(-1.,4.0638713104475E-17,1.18475911274524E-49));
#7117=DIRECTION('',(2.44929359829471E-16,-9.95361398497257E-33,1.));
#7118=DIRECTION('',(-1.,4.0638713104475E-17,0.));
#7119=DIRECTION('',(-0.819152044288992,3.32892849168045E-17,-0.573576436351046));
#7120=DIRECTION('',(-1.,0.,0.));
#7121=DIRECTION('',(-0.573576436351046,2.33094082403573E-17,0.819152044288992));
#7122=DIRECTION('',(-1.,4.0638713104475E-17,0.));
#7123=DIRECTION('',(0.573576436351046,-2.33094082403573E-17,0.819152044288992));
#7124=DIRECTION('center_axis',(4.0638713104475E-17,1.,0.));
#7125=DIRECTION('ref_axis',(-0.461748613235034,0.,0.887010833178221));
#7126=DIRECTION('',(1.,-4.0638713104475E-17,3.99159302235693E-16));
#7127=DIRECTION('center_axis',(4.0638713104475E-17,1.,0.));
#7128=DIRECTION('ref_axis',(0.461748613235034,0.,0.887010833178221));
#7129=DIRECTION('',(0.573576436351046,-2.33094082403573E-17,-0.819152044288992));
#7130=DIRECTION('',(-1.,4.0638713104475E-17,0.));
#7131=DIRECTION('',(0.819152044288992,-3.32892849168045E-17,-0.573576436351046));
#7132=DIRECTION('',(-0.573576436351046,2.33094082403573E-17,-0.819152044288992));
#7133=DIRECTION('',(1.,0.,0.));
#7134=DIRECTION('',(-0.573576436351046,2.33094082403573E-17,-0.819152044288992));
#7135=DIRECTION('',(-0.819152044288992,3.32892849168045E-17,0.573576436351046));
#7136=DIRECTION('',(0.573576436351046,-2.33094082403573E-17,-0.819152044288992));
#7137=DIRECTION('center_axis',(-4.0638713104475E-17,-1.,0.));
#7138=DIRECTION('ref_axis',(0.,0.,1.));
#7139=DIRECTION('',(1.,-4.0638713104475E-17,-8.53164546703417E-17));
#7140=DIRECTION('center_axis',(-4.0638713104475E-17,-1.,0.));
#7141=DIRECTION('ref_axis',(0.,0.,1.));
#7142=DIRECTION('',(0.573576436351046,-2.33094082403573E-17,0.819152044288992));
#7143=DIRECTION('',(1.,0.,0.));
#7144=DIRECTION('',(0.,0.,-1.));
#7145=DIRECTION('center_axis',(-4.0638713104475E-17,-1.,0.));
#7146=DIRECTION('ref_axis',(0.,0.,1.));
#7147=DIRECTION('',(1.,0.,0.));
#7148=DIRECTION('',(0.573576436351046,-2.33094082403573E-17,-0.819152044288992));
#7149=DIRECTION('center_axis',(-4.0638713104475E-17,-1.,0.));
#7150=DIRECTION('ref_axis',(0.,0.,1.));
#7151=DIRECTION('',(1.,-4.0638713104475E-17,0.));
#7152=DIRECTION('center_axis',(4.0638713104475E-17,1.,0.));
#7153=DIRECTION('ref_axis',(0.,0.,-1.));
#7154=DIRECTION('',(0.,0.,-1.));
#7155=DIRECTION('center_axis',(4.0638713104475E-17,1.,0.));
#7156=DIRECTION('ref_axis',(0.,0.,-1.));
#7157=DIRECTION('center_axis',(4.0638713104475E-17,1.,0.));
#7158=DIRECTION('ref_axis',(0.,0.,-1.));
#7159=DIRECTION('',(0.,0.,1.));
#7160=DIRECTION('center_axis',(4.0638713104475E-17,1.,0.));
#7161=DIRECTION('ref_axis',(0.,0.,-1.));
#7162=DIRECTION('',(1.,-4.0638713104475E-17,0.));
#7163=DIRECTION('center_axis',(-4.0638713104475E-17,-1.,0.));
#7164=DIRECTION('ref_axis',(0.,0.,1.));
#7165=DIRECTION('',(0.573576436351046,-2.33094082403573E-17,0.819152044288992));
#7166=DIRECTION('',(1.,0.,0.));
#7167=DIRECTION('center_axis',(-4.0638713104475E-17,-1.,0.));
#7168=DIRECTION('ref_axis',(0.,0.,1.));
#7169=DIRECTION('center_axis',(0.819152044288992,0.,0.573576436351046));
#7170=DIRECTION('ref_axis',(0.,1.,0.));
#7171=DIRECTION('',(-0.573576436351046,0.,0.819152044288992));
#7172=DIRECTION('',(0.,-1.,0.));
#7173=DIRECTION('center_axis',(1.,0.,0.));
#7174=DIRECTION('ref_axis',(0.,0.,-1.));
#7175=DIRECTION('',(0.,0.,-1.));
#7176=DIRECTION('',(0.,1.,0.));
#7177=DIRECTION('center_axis',(1.,0.,0.));
#7178=DIRECTION('ref_axis',(0.,0.,1.));
#7179=DIRECTION('',(0.,1.,0.));
#7180=DIRECTION('',(0.,1.,0.));
#7181=DIRECTION('center_axis',(0.,0.,-1.));
#7182=DIRECTION('ref_axis',(0.,1.,0.));
#7183=DIRECTION('',(0.,1.,0.));
#7184=DIRECTION('',(0.,-1.,0.));
#7185=DIRECTION('center_axis',(0.,0.,-1.));
#7186=DIRECTION('ref_axis',(0.,1.,0.));
#7187=DIRECTION('',(-1.,0.,0.));
#7188=DIRECTION('',(0.,-1.,0.));
#7189=DIRECTION('center_axis',(0.,1.,0.));
#7190=DIRECTION('ref_axis',(0.,0.,1.));
#7191=DIRECTION('center_axis',(0.,1.,0.));
#7192=DIRECTION('ref_axis',(0.707106781186548,0.,-0.707106781186547));
#7193=DIRECTION('',(0.,0.,-1.));
#7194=DIRECTION('center_axis',(0.,1.,0.));
#7195=DIRECTION('ref_axis',(0.707106781186548,0.,0.707106781186547));
#7196=DIRECTION('',(1.,0.,0.));
#7197=DIRECTION('',(0.573576436351046,0.,0.819152044288992));
#7198=DIRECTION('center_axis',(0.,1.,0.));
#7199=DIRECTION('ref_axis',(0.,0.,-1.));
#7200=DIRECTION('',(-1.,0.,8.53164546703417E-17));
#7201=DIRECTION('center_axis',(0.,1.,0.));
#7202=DIRECTION('ref_axis',(0.,0.,1.));
#7203=DIRECTION('',(-1.,0.,0.));
#7204=DIRECTION('center_axis',(0.,-1.,0.));
#7205=DIRECTION('ref_axis',(-0.707106781186548,0.,0.707106781186547));
#7206=DIRECTION('',(0.,0.,-1.));
#7207=DIRECTION('center_axis',(0.,1.,0.));
#7208=DIRECTION('ref_axis',(-0.707106781186548,0.,-0.707106781186547));
#7209=DIRECTION('center_axis',(0.,1.,0.));
#7210=DIRECTION('ref_axis',(-1.,0.,0.));
#7211=DIRECTION('center_axis',(0.,1.,0.));
#7212=DIRECTION('ref_axis',(-1.,0.,0.));
#7213=DIRECTION('center_axis',(-0.819152044288992,0.,0.573576436351046));
#7214=DIRECTION('ref_axis',(0.,1.,0.));
#7215=DIRECTION('',(0.,1.,0.));
#7216=DIRECTION('center_axis',(-0.819152044288992,0.,0.573576436351046));
#7217=DIRECTION('ref_axis',(0.,1.,0.));
#7218=DIRECTION('',(0.,-1.,0.));
#7219=DIRECTION('',(0.,-1.,0.));
#7220=DIRECTION('center_axis',(-0.819152044288992,0.,0.573576436351046));
#7221=DIRECTION('ref_axis',(0.,1.,0.));
#7222=DIRECTION('',(0.,1.,0.));
#7223=DIRECTION('center_axis',(0.,0.,1.));
#7224=DIRECTION('ref_axis',(1.,0.,0.));
#7225=DIRECTION('',(0.,1.,0.));
#7226=DIRECTION('center_axis',(0.,-1.,0.));
#7227=DIRECTION('ref_axis',(-1.,0.,0.));
#7228=DIRECTION('center_axis',(0.,-1.,0.));
#7229=DIRECTION('ref_axis',(-1.,0.,0.));
#7230=DIRECTION('',(0.,1.,0.));
#7231=DIRECTION('center_axis',(0.,1.,0.));
#7232=DIRECTION('ref_axis',(-1.,0.,0.));
#7233=DIRECTION('center_axis',(0.,1.,0.));
#7234=DIRECTION('ref_axis',(-1.,0.,0.));
#7235=DIRECTION('center_axis',(0.,-1.,0.));
#7236=DIRECTION('ref_axis',(-1.,0.,0.));
#7237=DIRECTION('center_axis',(0.,-1.,0.));
#7238=DIRECTION('ref_axis',(-1.,0.,0.));
#7239=DIRECTION('',(0.,1.,0.));
#7240=DIRECTION('center_axis',(0.,1.,0.));
#7241=DIRECTION('ref_axis',(-1.,0.,0.));
#7242=DIRECTION('center_axis',(0.,1.,0.));
#7243=DIRECTION('ref_axis',(-1.,0.,0.));
#7244=DIRECTION('center_axis',(0.,-1.,0.));
#7245=DIRECTION('ref_axis',(-1.,0.,0.));
#7246=DIRECTION('',(0.,-1.,0.));
#7247=DIRECTION('center_axis',(0.,-1.,0.));
#7248=DIRECTION('ref_axis',(-1.,0.,0.));
#7249=DIRECTION('',(0.,-1.,0.));
#7250=DIRECTION('center_axis',(0.,1.,0.));
#7251=DIRECTION('ref_axis',(-0.819152044288992,0.,-0.573576436351046));
#7252=DIRECTION('center_axis',(0.,-1.,0.));
#7253=DIRECTION('ref_axis',(-0.461748613235034,0.,0.887010833178221));
#7254=DIRECTION('',(-1.,0.,-2.9175370085886E-16));
#7255=DIRECTION('center_axis',(0.,-1.,0.));
#7256=DIRECTION('ref_axis',(0.461748613235034,0.,0.887010833178221));
#7257=DIRECTION('',(-0.573576436351046,0.,0.819152044288992));
#7258=DIRECTION('',(1.,0.,0.));
#7259=DIRECTION('',(0.573576436351046,0.,-0.819152044288992));
#7260=DIRECTION('center_axis',(0.,1.,0.));
#7261=DIRECTION('ref_axis',(0.461748613235034,0.,0.887010833178221));
#7262=DIRECTION('',(1.,0.,3.99159302235693E-16));
#7263=DIRECTION('center_axis',(0.,1.,0.));
#7264=DIRECTION('ref_axis',(-0.461748613235034,0.,0.887010833178221));
#7265=DIRECTION('',(0.573576436351046,0.,0.819152044288992));
#7266=DIRECTION('',(1.,0.,0.));
#7267=DIRECTION('',(-0.573576436351046,0.,-0.819152044288992));
#7268=DIRECTION('center_axis',(0.819152044288992,0.,0.573576436351046));
#7269=DIRECTION('ref_axis',(0.,1.,0.));
#7270=DIRECTION('',(0.,1.,0.));
#7271=DIRECTION('',(0.,-1.,0.));
#7272=DIRECTION('center_axis',(0.,1.,0.));
#7273=DIRECTION('ref_axis',(0.461748613235034,0.,0.887010833178221));
#7274=DIRECTION('',(0.,-1.,0.));
#7275=DIRECTION('center_axis',(2.9175370085886E-16,0.,-1.));
#7276=DIRECTION('ref_axis',(-1.,0.,-2.9175370085886E-16));
#7277=DIRECTION('',(0.,1.,0.));
#7278=DIRECTION('center_axis',(0.,-1.,0.));
#7279=DIRECTION('ref_axis',(-0.461748613235034,0.,0.887010833178221));
#7280=DIRECTION('',(0.,-1.,0.));
#7281=DIRECTION('center_axis',(-0.819152044288992,0.,0.573576436351046));
#7282=DIRECTION('ref_axis',(0.,-1.,0.));
#7283=DIRECTION('',(0.,1.,0.));
#7284=DIRECTION('center_axis',(0.,0.,-1.));
#7285=DIRECTION('ref_axis',(1.,0.,0.));
#7286=DIRECTION('',(0.,-1.,0.));
#7287=DIRECTION('',(1.,0.,0.));
#7288=DIRECTION('',(0.,1.,0.));
#7289=DIRECTION('center_axis',(0.,0.,-1.));
#7290=DIRECTION('ref_axis',(1.,0.,0.));
#7291=DIRECTION('',(0.,1.,0.));
#7292=DIRECTION('',(0.,-1.,0.));
#7293=DIRECTION('',(1.,0.,0.));
#7294=DIRECTION('center_axis',(0.,-1.,0.));
#7295=DIRECTION('ref_axis',(0.,0.,1.));
#7296=DIRECTION('center_axis',(0.707106781186548,-0.707106781186548,0.));
#7297=DIRECTION('ref_axis',(-0.707106781186547,-0.707106781186547,0.));
#7298=DIRECTION('center_axis',(-0.819152044288992,0.,0.573576436351046));
#7299=DIRECTION('ref_axis',(0.,-1.,0.));
#7300=DIRECTION('',(0.,1.,0.));
#7301=DIRECTION('center_axis',(-0.819152044288992,0.,0.573576436351046));
#7302=DIRECTION('ref_axis',(0.573576436351046,0.,0.819152044288992));
#7303=DIRECTION('center_axis',(2.08171403103726E-81,2.91534603888521E-33,
-1.));
#7304=DIRECTION('ref_axis',(-4.62223186652937E-33,-1.,-2.91534603888521E-33));
#7305=DIRECTION('',(-4.62223186652937E-33,-1.,-2.91534603888521E-33));
#7306=DIRECTION('',(-1.,0.,0.));
#7307=DIRECTION('',(-4.62223186652937E-33,-1.,-2.91534603888521E-33));
#7308=DIRECTION('center_axis',(-1.19028034896061E-17,-1.,6.45765573654118E-34));
#7309=DIRECTION('ref_axis',(1.,-1.19028034896061E-17,0.));
#7310=DIRECTION('',(-2.91534603888521E-33,-1.,-1.19028034896061E-17));
#7311=DIRECTION('center_axis',(0.,-1.,0.));
#7312=DIRECTION('ref_axis',(1.,0.,1.40980701539702E-15));
#7313=DIRECTION('center_axis',(-1.,2.91534603888521E-33,-3.90321380819486E-82));
#7314=DIRECTION('ref_axis',(-2.91534603888521E-33,-1.,-1.19028034896061E-17));
#7315=DIRECTION('',(-2.91534603888521E-33,-1.,-1.19028034896061E-17));
#7316=DIRECTION('',(0.,0.,1.));
#7317=DIRECTION('center_axis',(-4.0638713104475E-17,-1.,-2.87359096148689E-17));
#7318=DIRECTION('ref_axis',(0.,2.87359096148689E-17,-1.));
#7319=DIRECTION('',(-2.38056069792122E-17,-1.,2.18650952916391E-33));
#7320=DIRECTION('center_axis',(0.,-1.,0.));
#7321=DIRECTION('ref_axis',(1.40980701539702E-15,0.,-1.));
#7322=DIRECTION('center_axis',(1.95160690409743E-82,2.18650952916391E-33,
1.));
#7323=DIRECTION('ref_axis',(-2.38056069792122E-17,-1.,2.18650952916391E-33));
#7324=DIRECTION('',(-2.38056069792122E-17,-1.,2.18650952916391E-33));
#7325=DIRECTION('',(1.,0.,0.));
#7326=DIRECTION('center_axis',(-1.19028034896061E-17,-1.,7.28836509721302E-34));
#7327=DIRECTION('ref_axis',(-1.,1.19028034896061E-17,0.));
#7328=DIRECTION('',(7.28836509721302E-34,-1.,1.19028034896061E-17));
#7329=DIRECTION('center_axis',(0.,-1.,0.));
#7330=DIRECTION('ref_axis',(-1.,0.,-1.40980701539702E-15));
#7331=DIRECTION('center_axis',(1.,7.28836509721302E-34,1.13582377435967E-115));
#7332=DIRECTION('ref_axis',(7.28836509721302E-34,-1.,1.19028034896061E-17));
#7333=DIRECTION('',(7.28836509721302E-34,-1.,1.19028034896061E-17));
#7334=DIRECTION('',(0.,0.,-1.));
#7335=DIRECTION('center_axis',(-4.0638713104475E-17,-1.,-2.87359096148689E-17));
#7336=DIRECTION('ref_axis',(-1.16779038663478E-33,-2.87359096148689E-17,
1.));
#7337=DIRECTION('',(0.,-1.,0.));
#7338=DIRECTION('center_axis',(0.,-1.,0.));
#7339=DIRECTION('ref_axis',(-1.40980701539702E-15,0.,1.));
#7340=DIRECTION('center_axis',(-1.,1.54074395550979E-33,2.44929359829471E-16));
#7341=DIRECTION('ref_axis',(-2.44929359829471E-16,2.91534603888521E-33,
-1.));
#7342=DIRECTION('',(2.44929359829471E-16,-2.91534603888521E-33,1.));
#7343=DIRECTION('',(4.62223186652937E-33,1.,2.91534603888521E-33));
#7344=DIRECTION('center_axis',(1.,0.,0.));
#7345=DIRECTION('ref_axis',(0.,0.,1.));
#7346=DIRECTION('',(0.,-1.,0.));
#7347=DIRECTION('',(0.,0.,1.));
#7348=DIRECTION('',(0.,-1.,0.));
#7349=DIRECTION('center_axis',(0.,0.,-1.));
#7350=DIRECTION('ref_axis',(1.,0.,0.));
#7351=DIRECTION('',(1.,0.,0.));
#7352=DIRECTION('center_axis',(0.,-1.,0.));
#7353=DIRECTION('ref_axis',(0.,0.,-1.));
#7354=DIRECTION('',(-1.,0.,0.));
#7355=DIRECTION('center_axis',(0.,-1.,0.));
#7356=DIRECTION('ref_axis',(0.,0.,1.));
#7357=DIRECTION('',(0.,0.,-1.));
#7358=DIRECTION('center_axis',(0.,-1.,0.));
#7359=DIRECTION('ref_axis',(-1.,0.,-5.55111512312578E-16));
#7360=DIRECTION('',(1.,0.,0.));
#7361=DIRECTION('center_axis',(0.,-1.,0.));
#7362=DIRECTION('ref_axis',(0.,0.,-1.));
#7363=DIRECTION('',(0.,0.,1.));
#7364=DIRECTION('center_axis',(0.,-1.,0.));
#7365=DIRECTION('ref_axis',(1.,0.,5.55111512312578E-16));
#7366=DIRECTION('',(-1.,0.,0.));
#7367=DIRECTION('center_axis',(0.,1.,0.));
#7368=DIRECTION('ref_axis',(0.,0.,-1.));
#7369=DIRECTION('',(0.,1.,0.));
#7370=DIRECTION('center_axis',(0.,-1.,0.));
#7371=DIRECTION('ref_axis',(0.,0.,1.));
#7372=DIRECTION('',(0.,-1.,0.));
#7373=DIRECTION('center_axis',(0.707106781186547,-0.707106781186548,0.));
#7374=DIRECTION('ref_axis',(-0.707106781186548,-0.707106781186547,0.));
#7375=DIRECTION('',(0.,-1.,0.));
#7376=DIRECTION('center_axis',(0.,1.,0.));
#7377=DIRECTION('ref_axis',(0.,0.,-1.));
#7378=DIRECTION('center_axis',(-0.707106781186548,-0.707106781186547,0.));
#7379=DIRECTION('ref_axis',(0.707106781186547,-0.707106781186548,0.));
#7380=DIRECTION('center_axis',(0.,-1.,0.));
#7381=DIRECTION('ref_axis',(-0.451113822767167,0.,-0.892466424527216));
#7382=DIRECTION('',(0.,-1.,0.));
#7383=DIRECTION('center_axis',(1.,0.,0.));
#7384=DIRECTION('ref_axis',(0.,0.,1.));
#7385=DIRECTION('',(1.,0.,0.));
#7386=DIRECTION('center_axis',(0.819152044288992,0.,0.573576436351046));
#7387=DIRECTION('ref_axis',(-0.573576436351046,0.,0.819152044288992));
#7388=DIRECTION('center_axis',(1.,0.,0.));
#7389=DIRECTION('ref_axis',(0.,0.,1.));
#7390=DIRECTION('center_axis',(0.707106781186548,0.707106781186547,0.));
#7391=DIRECTION('ref_axis',(-0.707106781186547,0.707106781186548,0.));
#7392=DIRECTION('',(1.,0.,0.));
#7393=DIRECTION('center_axis',(0.,1.,0.));
#7394=DIRECTION('ref_axis',(0.,0.,-1.));
#7395=DIRECTION('',(0.,1.,0.));
#7396=DIRECTION('center_axis',(-8.53164546703417E-17,0.,-1.));
#7397=DIRECTION('ref_axis',(0.,1.,0.));
#7398=DIRECTION('center_axis',(0.819152044288992,0.,0.573576436351046));
#7399=DIRECTION('ref_axis',(0.,1.,0.));
#7400=DIRECTION('center_axis',(0.,0.,1.));
#7401=DIRECTION('ref_axis',(1.,0.,0.));
#7402=DIRECTION('',(0.,-1.,0.));
#7403=DIRECTION('center_axis',(0.,1.,0.));
#7404=DIRECTION('ref_axis',(0.707106781186548,0.,0.707106781186547));
#7405=DIRECTION('',(0.,1.,0.));
#7406=DIRECTION('center_axis',(1.,0.,0.));
#7407=DIRECTION('ref_axis',(0.,0.,-1.));
#7408=DIRECTION('',(0.,-1.,0.));
#7409=DIRECTION('center_axis',(0.,1.,0.));
#7410=DIRECTION('ref_axis',(0.707106781186548,0.,-0.707106781186547));
#7411=DIRECTION('center_axis',(0.,-1.,0.));
#7412=DIRECTION('ref_axis',(-0.707106781186548,0.,-0.707106781186547));
#7413=DIRECTION('',(0.,1.,0.));
#7414=DIRECTION('center_axis',(0.,0.,1.));
#7415=DIRECTION('ref_axis',(1.,0.,0.));
#7416=DIRECTION('',(0.,1.,0.));
#7417=DIRECTION('center_axis',(0.,1.,0.));
#7418=DIRECTION('ref_axis',(-0.707106781186548,0.,0.707106781186547));
#7419=DIRECTION('',(0.,-1.,0.));
#7420=DIRECTION('center_axis',(-1.,0.,0.));
#7421=DIRECTION('ref_axis',(0.,0.,1.));
#7422=DIRECTION('center_axis',(-1.,0.,0.));
#7423=DIRECTION('ref_axis',(0.,0.,1.));
#7424=DIRECTION('',(-7.28836509721302E-34,1.,-1.19028034896061E-17));
#7425=DIRECTION('',(-7.28836509721302E-34,1.,-1.19028034896061E-17));
#7426=DIRECTION('center_axis',(0.,1.,0.));
#7427=DIRECTION('ref_axis',(-0.707106781186548,0.,0.707106781186547));
#7428=DIRECTION('',(0.,-1.,0.));
#7429=DIRECTION('center_axis',(0.,0.,1.));
#7430=DIRECTION('ref_axis',(1.,0.,0.));
#7431=DIRECTION('',(0.,1.,0.));
#7432=DIRECTION('',(0.,-1.,0.));
#7433=DIRECTION('center_axis',(-3.99159302235693E-16,0.,1.));
#7434=DIRECTION('ref_axis',(1.,0.,3.99159302235693E-16));
#7435=DIRECTION('',(0.,1.,0.));
#7436=DIRECTION('',(0.,-1.,0.));
#7437=DIRECTION('center_axis',(0.819152044288992,0.,-0.573576436351046));
#7438=DIRECTION('ref_axis',(0.,1.,0.));
#7439=DIRECTION('',(0.,1.,0.));
#7440=DIRECTION('center_axis',(0.,1.,0.));
#7441=DIRECTION('ref_axis',(-0.461748613235034,0.,0.887010833178221));
#7442=DIRECTION('center_axis',(0.819152044288992,0.,0.573576436351046));
#7443=DIRECTION('ref_axis',(0.,1.,0.));
#7444=DIRECTION('center_axis',(0.573576436351046,0.,-0.819152044288992));
#7445=DIRECTION('ref_axis',(0.,1.,0.));
#7446=DIRECTION('center_axis',(0.,-1.,0.));
#7447=DIRECTION('ref_axis',(-0.707106781186548,0.,-0.707106781186547));
#7448=DIRECTION('',(2.38056069792122E-17,1.,-2.18650952916391E-33));
#7449=DIRECTION('center_axis',(0.,0.,-1.));
#7450=DIRECTION('ref_axis',(-1.,0.,0.));
#7451=DIRECTION('',(2.38056069792122E-17,1.,-2.18650952916391E-33));
#7452=DIRECTION('center_axis',(0.,1.,0.));
#7453=DIRECTION('ref_axis',(0.707106781186548,0.,-0.707106781186547));
#7454=DIRECTION('',(2.91534603888521E-33,1.,1.19028034896061E-17));
#7455=DIRECTION('center_axis',(1.,0.,0.));
#7456=DIRECTION('ref_axis',(0.,0.,-1.));
#7457=DIRECTION('',(0.,1.,0.));
#7458=DIRECTION('center_axis',(0.,1.,0.));
#7459=DIRECTION('ref_axis',(0.707106781186548,0.,0.707106781186547));
#7460=DIRECTION('',(0.,-1.,0.));
#7461=DIRECTION('center_axis',(0.,0.,1.));
#7462=DIRECTION('ref_axis',(1.,0.,0.));
#7463=DIRECTION('',(0.,1.,0.));
#7464=DIRECTION('',(0.,-1.,0.));
#7465=DIRECTION('center_axis',(0.,-1.,0.));
#7466=DIRECTION('ref_axis',(0.461748613235034,0.,0.887010833178221));
#7467=DIRECTION('',(0.,-1.,0.));
#7468=DIRECTION('center_axis',(-0.819152044288992,0.,-0.573576436351046));
#7469=DIRECTION('ref_axis',(0.,-1.,0.));
#7470=DIRECTION('center_axis',(0.573576436351046,0.,0.819152044288992));
#7471=DIRECTION('ref_axis',(0.,1.,0.));
#7472=DIRECTION('center_axis',(-0.573576436351046,0.,-0.819152044288992));
#7473=DIRECTION('ref_axis',(0.,-1.,0.));
#7474=DIRECTION('center_axis',(0.,0.,-1.));
#7475=DIRECTION('ref_axis',(-1.,0.,0.));
#7476=DIRECTION('',(-1.,0.,0.));
#7477=DIRECTION('',(0.,1.,0.));
#7478=DIRECTION('',(1.,0.,0.));
#7479=DIRECTION('',(0.,-1.,0.));
#7480=DIRECTION('center_axis',(1.,0.,0.));
#7481=DIRECTION('ref_axis',(0.,-1.,0.));
#7482=DIRECTION('',(0.,1.,0.));
#7483=DIRECTION('',(0.,0.,-1.));
#7484=DIRECTION('',(0.,0.,-1.));
#7485=DIRECTION('center_axis',(0.,1.,0.));
#7486=DIRECTION('ref_axis',(1.,0.,0.));
#7487=DIRECTION('',(-1.,0.,0.));
#7488=DIRECTION('',(0.,0.,-1.));
#7489=DIRECTION('center_axis',(-1.,0.,0.));
#7490=DIRECTION('ref_axis',(0.,1.,0.));
#7491=DIRECTION('',(0.,-1.,0.));
#7492=DIRECTION('',(0.,0.,-1.));
#7493=DIRECTION('center_axis',(0.,-1.,0.));
#7494=DIRECTION('ref_axis',(-1.,0.,0.));
#7495=DIRECTION('',(-1.,0.,0.));
#7496=DIRECTION('center_axis',(0.,0.,1.));
#7497=DIRECTION('ref_axis',(-1.,0.,0.));
#7498=DIRECTION('center_axis',(0.,0.,-1.));
#7499=DIRECTION('ref_axis',(-1.,0.,0.));
#7500=DIRECTION('',(-1.,0.,0.));
#7501=DIRECTION('',(0.,1.,0.));
#7502=DIRECTION('',(1.,0.,0.));
#7503=DIRECTION('',(0.,-1.,0.));
#7504=DIRECTION('center_axis',(1.,0.,0.));
#7505=DIRECTION('ref_axis',(0.,-1.,0.));
#7506=DIRECTION('',(0.,-1.,0.));
#7507=DIRECTION('',(0.,0.,-1.));
#7508=DIRECTION('',(0.,0.,-1.));
#7509=DIRECTION('center_axis',(0.,1.,0.));
#7510=DIRECTION('ref_axis',(1.,0.,0.));
#7511=DIRECTION('',(-1.,0.,0.));
#7512=DIRECTION('',(0.,0.,-1.));
#7513=DIRECTION('center_axis',(-1.,0.,0.));
#7514=DIRECTION('ref_axis',(0.,1.,0.));
#7515=DIRECTION('',(0.,1.,0.));
#7516=DIRECTION('',(0.,0.,-1.));
#7517=DIRECTION('center_axis',(0.,-1.,0.));
#7518=DIRECTION('ref_axis',(-1.,0.,0.));
#7519=DIRECTION('',(-1.,0.,0.));
#7520=DIRECTION('center_axis',(0.,0.,1.));
#7521=DIRECTION('ref_axis',(-1.,0.,0.));
#7522=DIRECTION('center_axis',(0.,1.,0.));
#7523=DIRECTION('ref_axis',(0.707106781186548,0.,-0.707106781186547));
#7524=DIRECTION('center_axis',(0.,-1.,0.));
#7525=DIRECTION('ref_axis',(0.707106781186548,0.,-0.707106781186547));
#7526=DIRECTION('',(0.,-1.,0.));
#7527=DIRECTION('center_axis',(0.,1.,0.));
#7528=DIRECTION('ref_axis',(0.707106781186548,0.,-0.707106781186547));
#7529=DIRECTION('',(0.,1.,0.));
#7530=DIRECTION('center_axis',(1.58206781009085E-14,-1.,0.));
#7531=DIRECTION('ref_axis',(0.707106781186548,0.,-0.707106781186547));
#7532=DIRECTION('',(0.,1.,0.));
#7533=DIRECTION('center_axis',(-1.58206781009085E-14,1.,-5.62063394969971E-28));
#7534=DIRECTION('ref_axis',(0.707106781186548,0.,-0.707106781186547));
#7535=DIRECTION('',(0.,-1.,0.));
#7536=DIRECTION('center_axis',(0.,0.,-1.));
#7537=DIRECTION('ref_axis',(-1.,0.,0.));
#7538=DIRECTION('',(1.,0.,0.));
#7539=DIRECTION('',(1.,0.,0.));
#7540=DIRECTION('',(0.,-1.,0.));
#7541=DIRECTION('center_axis',(0.,0.,1.));
#7542=DIRECTION('ref_axis',(-1.,0.,0.));
#7543=DIRECTION('center_axis',(0.,0.,1.));
#7544=DIRECTION('ref_axis',(-1.,0.,0.));
#7545=DIRECTION('center_axis',(0.,0.,1.));
#7546=DIRECTION('ref_axis',(-1.,0.,0.));
#7547=DIRECTION('center_axis',(0.,0.,1.));
#7548=DIRECTION('ref_axis',(-1.,0.,0.));
#7549=DIRECTION('center_axis',(0.,0.,1.));
#7550=DIRECTION('ref_axis',(-1.,0.,0.));
#7551=DIRECTION('center_axis',(0.,0.,1.));
#7552=DIRECTION('ref_axis',(-1.,0.,0.));
#7553=DIRECTION('center_axis',(0.,0.,1.));
#7554=DIRECTION('ref_axis',(-1.,0.,0.));
#7555=DIRECTION('center_axis',(0.,-1.,0.));
#7556=DIRECTION('ref_axis',(-0.707106781186548,0.,-0.707106781186547));
#7557=DIRECTION('center_axis',(0.,-1.,0.));
#7558=DIRECTION('ref_axis',(-0.707106781186548,0.,-0.707106781186547));
#7559=DIRECTION('center_axis',(0.,1.,0.));
#7560=DIRECTION('ref_axis',(-0.707106781186548,0.,-0.707106781186547));
#7561=DIRECTION('',(0.,1.,0.));
#7562=DIRECTION('center_axis',(0.,0.,-1.));
#7563=DIRECTION('ref_axis',(-1.,0.,0.));
#7564=DIRECTION('',(0.,1.,0.));
#7565=DIRECTION('',(-1.,0.,0.));
#7566=DIRECTION('',(0.,-1.,0.));
#7567=DIRECTION('',(-1.,0.,0.));
#7568=DIRECTION('center_axis',(1.,0.,0.));
#7569=DIRECTION('ref_axis',(0.,0.,-1.));
#7570=DIRECTION('',(0.,-1.,0.));
#7571=DIRECTION('',(0.,0.,-1.));
#7572=DIRECTION('',(0.,1.,0.));
#7573=DIRECTION('',(0.,0.,-1.));
#7574=DIRECTION('center_axis',(0.,1.,0.));
#7575=DIRECTION('ref_axis',(0.707106781186546,0.,-0.707106781186549));
#7576=DIRECTION('center_axis',(0.,-1.,0.));
#7577=DIRECTION('ref_axis',(0.707106781186546,0.,-0.707106781186549));
#7578=DIRECTION('center_axis',(0.,-1.,0.));
#7579=DIRECTION('ref_axis',(0.707106781186546,0.,-0.707106781186549));
#7580=DIRECTION('center_axis',(0.,1.,0.));
#7581=DIRECTION('ref_axis',(-0.707106781186546,0.,-0.707106781186549));
#7582=DIRECTION('center_axis',(0.,-1.,0.));
#7583=DIRECTION('ref_axis',(-0.707106781186546,0.,-0.707106781186549));
#7584=DIRECTION('',(0.,-1.,0.));
#7585=DIRECTION('center_axis',(0.,-1.,0.));
#7586=DIRECTION('ref_axis',(-0.707106781186546,0.,-0.707106781186549));
#7587=DIRECTION('center_axis',(0.573576436351046,0.,0.819152044288992));
#7588=DIRECTION('ref_axis',(0.,1.,0.));
#7589=DIRECTION('',(0.819152044288992,-3.32892849168045E-17,-0.573576436351046));
#7590=DIRECTION('',(0.,1.,0.));
#7591=DIRECTION('',(0.819152044288992,0.,-0.573576436351046));
#7592=DIRECTION('',(0.,1.,0.));
#7593=DIRECTION('center_axis',(-1.,0.,0.));
#7594=DIRECTION('ref_axis',(0.,0.,1.));
#7595=DIRECTION('',(0.,0.,-1.));
#7596=DIRECTION('',(0.,0.,-1.));
#7597=DIRECTION('',(0.,-1.,0.));
#7598=DIRECTION('',(0.,1.,0.));
#7599=DIRECTION('',(0.,-1.77586918365218E-17,1.));
#7600=DIRECTION('center_axis',(-1.,0.,0.));
#7601=DIRECTION('ref_axis',(0.,0.707106781186548,0.707106781186547));
#7602=DIRECTION('',(0.,-1.,2.50903509772724E-16));
#7603=DIRECTION('center_axis',(-1.,0.,0.));
#7604=DIRECTION('ref_axis',(0.,-0.707106781186547,0.707106781186547));
#7605=DIRECTION('',(0.,0.,-1.));
#7606=DIRECTION('center_axis',(-1.,0.,0.));
#7607=DIRECTION('ref_axis',(0.,-0.707106781186547,-0.707106781186547));
#7608=DIRECTION('center_axis',(0.,0.,1.));
#7609=DIRECTION('ref_axis',(1.,0.,0.));
#7610=DIRECTION('',(1.,-4.0638713104475E-17,0.));
#7611=DIRECTION('',(0.,1.,0.));
#7612=DIRECTION('',(1.,0.,0.));
#7613=DIRECTION('',(0.,1.,0.));
#7614=DIRECTION('',(1.,-4.0638713104475E-17,0.));
#7615=DIRECTION('',(0.,1.,0.));
#7616=DIRECTION('',(-1.,0.,0.));
#7617=DIRECTION('',(0.,-1.,0.));
#7618=DIRECTION('center_axis',(0.,1.,0.));
#7619=DIRECTION('ref_axis',(-0.707106781186548,0.,0.707106781186547));
#7620=DIRECTION('center_axis',(4.0638713104475E-17,1.,0.));
#7621=DIRECTION('ref_axis',(-0.707106781186548,0.,0.707106781186547));
#7622=DIRECTION('center_axis',(0.,1.,0.));
#7623=DIRECTION('ref_axis',(-0.707106781186548,0.,0.707106781186547));
#7624=DIRECTION('',(0.,1.,0.));
#7625=DIRECTION('center_axis',(0.,1.,0.));
#7626=DIRECTION('ref_axis',(0.,0.,-1.));
#7627=DIRECTION('center_axis',(-4.0638713104475E-17,-1.,0.));
#7628=DIRECTION('ref_axis',(0.,0.,-1.));
#7629=DIRECTION('',(0.,1.,0.));
#7630=DIRECTION('center_axis',(0.707106781186548,-0.707106781186547,0.));
#7631=DIRECTION('ref_axis',(-0.707106781186547,-0.707106781186548,0.));
#7632=DIRECTION('center_axis',(-1.,0.,0.));
#7633=DIRECTION('ref_axis',(0.,0.,-1.));
#7634=DIRECTION('',(-1.,0.,0.));
#7635=DIRECTION('center_axis',(-0.707106781186548,-0.707106781186548,0.));
#7636=DIRECTION('ref_axis',(-0.707106781186547,0.707106781186547,0.));
#7637=DIRECTION('center_axis',(-0.819152044288992,0.,0.573576436351046));
#7638=DIRECTION('ref_axis',(-0.573576436351046,0.,-0.819152044288992));
#7639=DIRECTION('',(-1.,0.,0.));
#7640=DIRECTION('',(-1.,0.,0.));
#7641=DIRECTION('center_axis',(-1.,0.,0.));
#7642=DIRECTION('ref_axis',(0.,0.,-1.));
#7643=DIRECTION('center_axis',(0.819152044288992,0.,0.573576436351046));
#7644=DIRECTION('ref_axis',(0.573576436351046,0.,-0.819152044288992));
#7645=DIRECTION('center_axis',(-0.707106781186548,-0.707106781186547,0.));
#7646=DIRECTION('ref_axis',(-0.707106781186547,0.707106781186548,0.));
#7647=DIRECTION('',(-1.,0.,0.));
#7648=DIRECTION('center_axis',(-0.707106781186548,0.707106781186548,0.));
#7649=DIRECTION('ref_axis',(-0.707106781186547,-0.707106781186547,0.));
#7650=DIRECTION('',(-1.,0.,0.));
#7651=DIRECTION('center_axis',(0.,-1.,0.));
#7652=DIRECTION('ref_axis',(-0.707106781186546,0.,-0.707106781186549));
#7653=DIRECTION('center_axis',(-1.,0.,-2.22044604925031E-15));
#7654=DIRECTION('ref_axis',(0.,-1.,0.));
#7655=DIRECTION('center_axis',(0.,-1.,0.));
#7656=DIRECTION('ref_axis',(0.,0.,-1.));
#7657=DIRECTION('center_axis',(0.,-1.,0.));
#7658=DIRECTION('ref_axis',(0.,0.,-1.));
#7659=DIRECTION('center_axis',(1.,0.,0.));
#7660=DIRECTION('ref_axis',(0.,-1.,0.));
#7661=DIRECTION('center_axis',(0.,-1.,0.));
#7662=DIRECTION('ref_axis',(0.707106781186546,0.,-0.707106781186549));
#7663=DIRECTION('center_axis',(0.,0.,-1.));
#7664=DIRECTION('ref_axis',(0.,-1.,0.));
#7665=DIRECTION('center_axis',(-1.,0.,0.));
#7666=DIRECTION('ref_axis',(0.,0.,-1.));
#7667=DIRECTION('',(1.,0.,0.));
#7668=DIRECTION('',(-1.,0.,0.));
#7669=DIRECTION('center_axis',(0.,0.,-1.));
#7670=DIRECTION('ref_axis',(-1.,0.,0.));
#7671=DIRECTION('center_axis',(0.,-1.,0.));
#7672=DIRECTION('ref_axis',(0.707106781186546,0.,0.707106781186549));
#7673=DIRECTION('center_axis',(1.,0.,2.22044604925031E-15));
#7674=DIRECTION('ref_axis',(0.,-1.,0.));
#7675=DIRECTION('center_axis',(0.,-1.,0.));
#7676=DIRECTION('ref_axis',(0.,0.,-1.));
#7677=DIRECTION('center_axis',(0.,-1.,0.));
#7678=DIRECTION('ref_axis',(0.,0.,-1.));
#7679=DIRECTION('',(0.,0.,-1.));
#7680=DIRECTION('',(-1.,0.,0.));
#7681=DIRECTION('center_axis',(0.,-1.,0.));
#7682=DIRECTION('ref_axis',(0.,0.,-1.));
#7683=DIRECTION('',(-1.,0.,0.));
#7684=DIRECTION('',(0.573576436351046,0.,-0.819152044288992));
#7685=DIRECTION('center_axis',(0.,0.,-1.));
#7686=DIRECTION('ref_axis',(-1.,0.,0.));
#7687=DIRECTION('center_axis',(0.,0.,-1.));
#7688=DIRECTION('ref_axis',(-1.,0.,0.));
#7689=DIRECTION('',(0.,0.,-1.));
#7690=DIRECTION('center_axis',(0.,0.,-1.));
#7691=DIRECTION('ref_axis',(-1.,0.,0.));
#7692=DIRECTION('center_axis',(0.,0.,-1.));
#7693=DIRECTION('ref_axis',(-1.,0.,0.));
#7694=DIRECTION('',(0.,0.,-1.));
#7695=DIRECTION('center_axis',(0.,0.,-1.));
#7696=DIRECTION('ref_axis',(-1.,0.,0.));
#7697=DIRECTION('center_axis',(0.,0.,-1.));
#7698=DIRECTION('ref_axis',(-1.,0.,0.));
#7699=DIRECTION('',(0.,0.,-1.));
#7700=DIRECTION('center_axis',(0.,0.,-1.));
#7701=DIRECTION('ref_axis',(-1.,0.,0.));
#7702=DIRECTION('center_axis',(0.,0.,-1.));
#7703=DIRECTION('ref_axis',(-1.,0.,0.));
#7704=DIRECTION('',(0.,0.,-1.));
#7705=DIRECTION('center_axis',(0.,0.,-1.));
#7706=DIRECTION('ref_axis',(-1.,0.,0.));
#7707=DIRECTION('center_axis',(0.,0.,-1.));
#7708=DIRECTION('ref_axis',(-1.,0.,0.));
#7709=DIRECTION('',(0.,0.,-1.));
#7710=DIRECTION('center_axis',(0.,0.,-1.));
#7711=DIRECTION('ref_axis',(-1.,0.,0.));
#7712=DIRECTION('center_axis',(0.,0.,-1.));
#7713=DIRECTION('ref_axis',(-1.,0.,0.));
#7714=DIRECTION('',(0.,0.,-1.));
#7715=DIRECTION('center_axis',(0.,0.,-1.));
#7716=DIRECTION('ref_axis',(-1.,0.,0.));
#7717=DIRECTION('center_axis',(0.,0.,-1.));
#7718=DIRECTION('ref_axis',(-1.,0.,0.));
#7719=DIRECTION('',(0.,0.,-1.));
#7720=DIRECTION('center_axis',(0.,1.,0.));
#7721=DIRECTION('ref_axis',(0.707106781186548,0.,0.707106781186547));
#7722=DIRECTION('center_axis',(0.,-1.,0.));
#7723=DIRECTION('ref_axis',(0.707106781186548,0.,0.707106781186547));
#7724=DIRECTION('',(0.,1.,0.));
#7725=DIRECTION('center_axis',(0.,1.,0.));
#7726=DIRECTION('ref_axis',(0.707106781186548,0.,0.707106781186547));
#7727=DIRECTION('',(0.,1.,0.));
#7728=DIRECTION('center_axis',(1.,0.,0.));
#7729=DIRECTION('ref_axis',(0.,0.,-1.));
#7730=DIRECTION('',(0.,0.,1.));
#7731=DIRECTION('',(0.,0.,1.));
#7732=DIRECTION('',(0.,0.,-1.));
#7733=DIRECTION('',(0.,-1.,0.));
#7734=DIRECTION('',(0.,0.,1.));
#7735=DIRECTION('',(0.,1.,0.));
#7736=DIRECTION('',(0.,0.,-1.));
#7737=DIRECTION('center_axis',(1.,0.,0.));
#7738=DIRECTION('ref_axis',(0.,0.707106781186548,-0.707106781186547));
#7739=DIRECTION('',(0.,-1.,0.));
#7740=DIRECTION('center_axis',(1.,0.,0.));
#7741=DIRECTION('ref_axis',(0.,-0.707106781186548,-0.707106781186547));
#7742=DIRECTION('',(0.,0.,1.));
#7743=DIRECTION('center_axis',(1.,0.,0.));
#7744=DIRECTION('ref_axis',(0.,-0.707106781186548,0.707106781186547));
#7745=DIRECTION('',(0.,1.,0.));
#7746=DIRECTION('center_axis',(1.,0.,0.));
#7747=DIRECTION('ref_axis',(0.,0.707106781186547,0.707106781186547));
#7748=DIRECTION('center_axis',(0.,-1.,0.));
#7749=DIRECTION('ref_axis',(-0.707106781186548,0.,-0.707106781186547));
#7750=DIRECTION('center_axis',(4.0638713104475E-17,1.,0.));
#7751=DIRECTION('ref_axis',(-0.707106781186548,0.,-0.707106781186547));
#7752=DIRECTION('',(0.,1.,0.));
#7753=DIRECTION('center_axis',(0.,-1.,0.));
#7754=DIRECTION('ref_axis',(-0.707106781186548,0.,-0.707106781186547));
#7755=DIRECTION('',(0.,-1.,0.));
#7756=DIRECTION('center_axis',(0.,0.,-1.));
#7757=DIRECTION('ref_axis',(-1.,0.,0.));
#7758=DIRECTION('',(-1.,4.0638713104475E-17,0.));
#7759=DIRECTION('',(1.,0.,0.));
#7760=DIRECTION('',(0.,1.,0.));
#7761=DIRECTION('center_axis',(0.,1.,0.));
#7762=DIRECTION('ref_axis',(0.707106781186548,0.,-0.707106781186547));
#7763=DIRECTION('center_axis',(4.0638713104475E-17,1.,0.));
#7764=DIRECTION('ref_axis',(0.707106781186548,0.,-0.707106781186547));
#7765=DIRECTION('center_axis',(0.,-1.,0.));
#7766=DIRECTION('ref_axis',(0.707106781186548,0.,-0.707106781186547));
#7767=DIRECTION('',(0.,1.,0.));
#7768=DIRECTION('center_axis',(-1.58206781009085E-14,1.,0.));
#7769=DIRECTION('ref_axis',(0.707106781186548,0.,-0.707106781186547));
#7770=DIRECTION('',(0.,1.,0.));
#7771=DIRECTION('center_axis',(1.58206781009085E-14,-1.,5.62063394969971E-28));
#7772=DIRECTION('ref_axis',(0.707106781186548,0.,-0.707106781186547));
#7773=DIRECTION('',(0.,-1.,0.));
#7774=DIRECTION('center_axis',(0.,1.,0.));
#7775=DIRECTION('ref_axis',(0.707106781186548,0.,0.707106781186547));
#7776=DIRECTION('center_axis',(4.0638713104475E-17,1.,0.));
#7777=DIRECTION('ref_axis',(0.707106781186548,0.,0.707106781186547));
#7778=DIRECTION('',(0.,1.,0.));
#7779=DIRECTION('',(0.,1.,0.));
#7780=DIRECTION('center_axis',(0.,-1.,0.));
#7781=DIRECTION('ref_axis',(0.707106781186548,0.,0.707106781186547));
#7782=DIRECTION('',(0.,1.,0.));
#7783=DIRECTION('center_axis',(0.,0.,1.));
#7784=DIRECTION('ref_axis',(1.,0.,0.));
#7785=DIRECTION('',(1.,-4.0638713104475E-17,0.));
#7786=DIRECTION('',(0.,1.,0.));
#7787=DIRECTION('',(0.,-1.,0.));
#7788=DIRECTION('',(1.,-4.0638713104475E-17,0.));
#7789=DIRECTION('',(-1.,0.,0.));
#7790=DIRECTION('',(0.,1.,0.));
#7791=DIRECTION('center_axis',(0.,-1.,0.));
#7792=DIRECTION('ref_axis',(0.,0.,1.));
#7793=DIRECTION('center_axis',(-4.0638713104475E-17,-1.,0.));
#7794=DIRECTION('ref_axis',(0.,0.,1.));
#7795=DIRECTION('',(0.,1.,0.));
#7796=DIRECTION('center_axis',(0.819152044288992,0.,0.573576436351046));
#7797=DIRECTION('ref_axis',(0.,1.,0.));
#7798=DIRECTION('',(0.,1.,0.));
#7799=DIRECTION('',(0.,1.,0.));
#7800=DIRECTION('',(0.573576436351046,-2.33094082403573E-17,-0.819152044288992));
#7801=DIRECTION('center_axis',(-0.819152044288992,0.,0.573576436351046));
#7802=DIRECTION('ref_axis',(0.,1.,0.));
#7803=DIRECTION('',(0.,-1.,0.));
#7804=DIRECTION('',(-0.573576436351046,0.,-0.819152044288992));
#7805=DIRECTION('',(-0.573576436351046,2.33094082403573E-17,-0.819152044288992));
#7806=DIRECTION('center_axis',(0.,1.,0.));
#7807=DIRECTION('ref_axis',(-0.707106781186548,0.,0.707106781186547));
#7808=DIRECTION('center_axis',(0.,-1.,0.));
#7809=DIRECTION('ref_axis',(-0.707106781186548,0.,0.707106781186547));
#7810=DIRECTION('center_axis',(0.,1.,0.));
#7811=DIRECTION('ref_axis',(-0.707106781186548,0.,0.707106781186547));
#7812=DIRECTION('',(0.,1.,0.));
#7813=DIRECTION('center_axis',(0.,0.,1.));
#7814=DIRECTION('ref_axis',(1.,0.,0.));
#7815=DIRECTION('',(0.,-1.,0.));
#7816=DIRECTION('',(-1.,0.,0.));
#7817=DIRECTION('',(-1.,0.,0.));
#7818=DIRECTION('',(0.,1.,0.));
#7819=DIRECTION('',(-1.,4.0638713104475E-17,0.));
#7820=DIRECTION('',(0.,1.,0.));
#7821=DIRECTION('',(-1.,0.,0.));
#7822=DIRECTION('',(0.,1.,0.));
#7823=DIRECTION('',(0.,-1.,0.));
#7824=DIRECTION('',(-1.,0.,0.));
#7825=DIRECTION('',(0.,1.,0.));
#7826=DIRECTION('',(-1.,4.0638713104475E-17,0.));
#7827=DIRECTION('center_axis',(0.,0.,1.));
#7828=DIRECTION('ref_axis',(1.,0.,0.));
#7829=DIRECTION('',(-1.,0.,0.));
#7830=DIRECTION('',(1.54074395550979E-33,1.,0.));
#7831=DIRECTION('',(-1.,4.0638713104475E-17,0.));
#7832=DIRECTION('',(0.,-1.,0.));
#7833=DIRECTION('',(-1.,0.,0.));
#7834=DIRECTION('',(0.,-1.,0.));
#7835=DIRECTION('',(-1.,0.,0.));
#7836=DIRECTION('',(0.,1.,0.));
#7837=DIRECTION('',(-1.,4.0638713104475E-17,0.));
#7838=DIRECTION('',(-1.,0.,0.));
#7839=DIRECTION('center_axis',(0.,-1.,0.));
#7840=DIRECTION('ref_axis',(0.,0.,-1.));
#7841=DIRECTION('',(1.,0.,0.));
#7842=DIRECTION('center_axis',(0.,-1.,0.));
#7843=DIRECTION('ref_axis',(-1.40980701539702E-15,0.,1.));
#7844=DIRECTION('',(0.,0.,-1.));
#7845=DIRECTION('center_axis',(0.,-1.,0.));
#7846=DIRECTION('ref_axis',(-1.,0.,-1.40980701539702E-15));
#7847=DIRECTION('',(1.,0.,0.));
#7848=DIRECTION('center_axis',(0.,-1.,0.));
#7849=DIRECTION('ref_axis',(1.40980701539702E-15,0.,-1.));
#7850=DIRECTION('',(0.,0.,1.));
#7851=DIRECTION('center_axis',(0.,-1.,0.));
#7852=DIRECTION('ref_axis',(1.,0.,1.40980701539702E-15));
#7853=DIRECTION('',(-1.,0.,0.));
#7854=DIRECTION('',(2.44929359829471E-16,-2.91534603888521E-33,1.));
#7855=DIRECTION('',(0.,0.,1.));
#7856=DIRECTION('center_axis',(0.,0.,-1.));
#7857=DIRECTION('ref_axis',(1.,0.,0.));
#7858=DIRECTION('',(1.,-4.0638713104475E-17,0.));
#7859=DIRECTION('',(0.,-1.,0.));
#7860=DIRECTION('',(0.,-1.,0.));
#7861=DIRECTION('center_axis',(1.,0.,0.));
#7862=DIRECTION('ref_axis',(0.,0.,1.));
#7863=DIRECTION('',(0.,0.,1.));
#7864=DIRECTION('center_axis',(-1.,1.54074395550979E-33,2.44929359829471E-16));
#7865=DIRECTION('ref_axis',(-2.44929359829471E-16,2.91534603888521E-33,
-1.));
#7866=DIRECTION('',(-2.44929359829471E-16,9.95361398497257E-33,-1.));
#7867=DIRECTION('',(-4.62223186652937E-33,-1.,-2.91534603888521E-33));
#7868=DIRECTION('center_axis',(-4.0638713104475E-17,-1.,-2.87359096148689E-17));
#7869=DIRECTION('ref_axis',(-1.16779038663478E-33,-2.87359096148689E-17,
1.));
#7870=DIRECTION('center_axis',(4.0638713104475E-17,1.,0.));
#7871=DIRECTION('ref_axis',(-1.16779038663478E-33,-2.87359096148689E-17,
1.));
#7872=DIRECTION('',(7.28836509721302E-34,-1.,1.19028034896061E-17));
#7873=DIRECTION('center_axis',(1.,7.28836509721302E-34,1.13582377435967E-115));
#7874=DIRECTION('ref_axis',(7.28836509721302E-34,-1.,1.19028034896061E-17));
#7875=DIRECTION('',(-1.13582377435967E-115,4.61584165034447E-132,1.));
#7876=DIRECTION('',(7.28836509721302E-34,-1.,1.19028034896061E-17));
#7877=DIRECTION('center_axis',(-1.19028034896061E-17,-1.,7.28836509721302E-34));
#7878=DIRECTION('ref_axis',(-1.,1.19028034896061E-17,0.));
#7879=DIRECTION('center_axis',(4.0638713104475E-17,1.,0.));
#7880=DIRECTION('ref_axis',(-1.,1.19028034896061E-17,0.));
#7881=DIRECTION('',(-2.38056069792122E-17,-1.,2.18650952916391E-33));
#7882=DIRECTION('center_axis',(1.95160690409743E-82,2.18650952916391E-33,
1.));
#7883=DIRECTION('ref_axis',(-2.38056069792122E-17,-1.,2.18650952916391E-33));
#7884=DIRECTION('',(-1.,4.0638713104475E-17,-8.88569334558927E-50));
#7885=DIRECTION('',(-2.38056069792122E-17,-1.,2.18650952916391E-33));
#7886=DIRECTION('center_axis',(-4.0638713104475E-17,-1.,-2.87359096148689E-17));
#7887=DIRECTION('ref_axis',(0.,2.87359096148689E-17,-1.));
#7888=DIRECTION('center_axis',(4.0638713104475E-17,1.,0.));
#7889=DIRECTION('ref_axis',(0.,2.87359096148689E-17,-1.));
#7890=DIRECTION('',(-2.91534603888521E-33,-1.,-1.19028034896061E-17));
#7891=DIRECTION('center_axis',(-1.,2.91534603888521E-33,-3.90321380819486E-82));
#7892=DIRECTION('ref_axis',(-2.91534603888521E-33,-1.,-1.19028034896061E-17));
#7893=DIRECTION('',(3.90321380819486E-82,-1.58621586136656E-98,-1.));
#7894=DIRECTION('',(-2.91534603888521E-33,-1.,-1.19028034896061E-17));
#7895=DIRECTION('center_axis',(-1.19028034896061E-17,-1.,6.45765573654118E-34));
#7896=DIRECTION('ref_axis',(1.,-1.19028034896061E-17,0.));
#7897=DIRECTION('center_axis',(4.0638713104475E-17,1.,0.));
#7898=DIRECTION('ref_axis',(1.,-1.19028034896061E-17,0.));
#7899=DIRECTION('',(-4.62223186652937E-33,-1.,-2.91534603888521E-33));
#7900=DIRECTION('center_axis',(2.08171403103726E-81,2.91534603888521E-33,
-1.));
#7901=DIRECTION('ref_axis',(-4.62223186652937E-33,-1.,-2.91534603888521E-33));
#7902=DIRECTION('',(1.,-4.0638713104475E-17,-1.18475911274524E-49));
#7903=DIRECTION('center_axis',(0.,-1.,0.));
#7904=DIRECTION('ref_axis',(-0.461748613235034,0.,0.887010833178221));
#7905=DIRECTION('center_axis',(0.,1.,0.));
#7906=DIRECTION('ref_axis',(-0.461748613235034,0.,0.887010833178221));
#7907=DIRECTION('',(0.,1.,0.));
#7908=DIRECTION('center_axis',(-4.0638713104475E-17,-1.,0.));
#7909=DIRECTION('ref_axis',(-0.461748613235034,0.,0.887010833178221));
#7910=DIRECTION('',(0.,-1.,0.));
#7911=DIRECTION('center_axis',(-0.819152044288992,0.,0.573576436351046));
#7912=DIRECTION('ref_axis',(0.,-1.,0.));
#7913=DIRECTION('',(0.573576436351046,0.,0.819152044288992));
#7914=DIRECTION('',(-0.573576436351046,2.33094082403573E-17,-0.819152044288992));
#7915=DIRECTION('center_axis',(0.,1.,0.));
#7916=DIRECTION('ref_axis',(0.,0.,-1.));
#7917=DIRECTION('',(0.,-1.,0.));
#7918=DIRECTION('center_axis',(-4.0638713104475E-17,-1.,0.));
#7919=DIRECTION('ref_axis',(0.,0.,-1.));
#7920=DIRECTION('center_axis',(0.819152044288992,0.,0.573576436351046));
#7921=DIRECTION('ref_axis',(0.,1.,0.));
#7922=DIRECTION('',(0.573576436351046,0.,-0.819152044288992));
#7923=DIRECTION('',(-0.573576436351046,2.33094082403573E-17,0.819152044288992));
#7924=DIRECTION('',(0.,1.,0.));
#7925=DIRECTION('center_axis',(0.,1.,0.));
#7926=DIRECTION('ref_axis',(0.461748613235034,0.,0.887010833178221));
#7927=DIRECTION('center_axis',(0.,1.,0.));
#7928=DIRECTION('ref_axis',(0.461748613235034,0.,0.887010833178221));
#7929=DIRECTION('center_axis',(-4.0638713104475E-17,-1.,0.));
#7930=DIRECTION('ref_axis',(0.461748613235034,0.,0.887010833178221));
#7931=DIRECTION('',(0.,-1.,0.));
#7932=DIRECTION('center_axis',(2.9175370085886E-16,0.,-1.));
#7933=DIRECTION('ref_axis',(-1.,0.,-2.9175370085886E-16));
#7934=DIRECTION('',(1.,0.,2.9175370085886E-16));
#7935=DIRECTION('',(-1.,4.0638713104475E-17,-2.9175370085886E-16));
#7936=DIRECTION('center_axis',(0.,0.,-1.));
#7937=DIRECTION('ref_axis',(-1.,0.,0.));
#7938=DIRECTION('',(-1.,0.,0.));
#7939=DIRECTION('',(-1.,0.,0.));
#7940=DIRECTION('',(-1.,0.,0.));
#7941=DIRECTION('',(0.,-1.,0.));
#7942=DIRECTION('',(-1.,0.,0.));
#7943=DIRECTION('',(0.,1.,0.));
#7944=DIRECTION('center_axis',(0.,-1.,0.));
#7945=DIRECTION('ref_axis',(0.,0.,1.));
#7946=DIRECTION('center_axis',(-4.0638713104475E-17,-1.,0.));
#7947=DIRECTION('ref_axis',(0.,0.,1.));
#7948=DIRECTION('center_axis',(-0.819152044288992,0.,0.573576436351046));
#7949=DIRECTION('ref_axis',(0.,-1.,0.));
#7950=DIRECTION('',(0.573576436351046,-2.33094082403573E-17,0.819152044288992));
#7951=DIRECTION('center_axis',(0.819152044288992,0.,-0.573576436351046));
#7952=DIRECTION('ref_axis',(0.,1.,0.));
#7953=DIRECTION('',(-0.573576436351046,0.,-0.819152044288992));
#7954=DIRECTION('',(0.573576436351046,-2.33094082403573E-17,0.819152044288992));
#7955=DIRECTION('',(0.,1.,0.));
#7956=DIRECTION('center_axis',(0.,1.,0.));
#7957=DIRECTION('ref_axis',(-0.461748613235034,0.,0.887010833178221));
#7958=DIRECTION('center_axis',(0.,-1.,0.));
#7959=DIRECTION('ref_axis',(-0.461748613235034,0.,0.887010833178221));
#7960=DIRECTION('center_axis',(4.0638713104475E-17,1.,0.));
#7961=DIRECTION('ref_axis',(-0.461748613235034,0.,0.887010833178221));
#7962=DIRECTION('',(0.,-1.,0.));
#7963=DIRECTION('center_axis',(-3.99159302235693E-16,0.,1.));
#7964=DIRECTION('ref_axis',(1.,0.,3.99159302235693E-16));
#7965=DIRECTION('',(-1.,0.,-3.99159302235693E-16));
#7966=DIRECTION('',(1.,-4.0638713104475E-17,3.99159302235693E-16));
#7967=DIRECTION('',(0.,1.,0.));
#7968=DIRECTION('center_axis',(0.,-1.,0.));
#7969=DIRECTION('ref_axis',(0.461748613235034,0.,0.887010833178221));
#7970=DIRECTION('center_axis',(0.,-1.,0.));
#7971=DIRECTION('ref_axis',(0.461748613235034,0.,0.887010833178221));
#7972=DIRECTION('center_axis',(4.0638713104475E-17,1.,0.));
#7973=DIRECTION('ref_axis',(0.461748613235034,0.,0.887010833178221));
#7974=DIRECTION('',(0.,-1.,0.));
#7975=DIRECTION('center_axis',(-0.819152044288992,0.,-0.573576436351046));
#7976=DIRECTION('ref_axis',(0.,-1.,0.));
#7977=DIRECTION('',(-0.573576436351046,0.,0.819152044288992));
#7978=DIRECTION('',(0.573576436351046,-2.33094082403573E-17,-0.819152044288992));
#7979=DIRECTION('center_axis',(0.,0.,-1.));
#7980=DIRECTION('ref_axis',(-1.,0.,0.));
#7981=DIRECTION('',(-1.,0.,0.));
#7982=DIRECTION('',(-1.,0.,0.));
#7983=DIRECTION('center_axis',(0.,-1.,0.));
#7984=DIRECTION('ref_axis',(0.819152044288992,0.,0.573576436351046));
#7985=DIRECTION('center_axis',(0.,0.,1.));
#7986=DIRECTION('ref_axis',(0.,-1.,0.));
#7987=DIRECTION('',(1.,0.,0.));
#7988=DIRECTION('',(0.,-1.,0.));
#7989=DIRECTION('',(-1.,4.0638713104475E-17,0.));
#7990=DIRECTION('',(-1.,0.,0.));
#7991=DIRECTION('',(0.,1.,0.));
#7992=DIRECTION('center_axis',(-1.,-1.57898385724467E-14,0.));
#7993=DIRECTION('ref_axis',(1.57898385724467E-14,-1.,0.));
#7994=DIRECTION('',(0.,0.,-1.));
#7995=DIRECTION('',(0.,1.,0.));
#7996=DIRECTION('',(-3.5527136788005E-14,0.,1.));
#7997=DIRECTION('center_axis',(1.58206781009085E-14,-1.,0.));
#7998=DIRECTION('ref_axis',(0.,0.,-1.));
#7999=DIRECTION('',(1.,1.58206781009085E-14,0.));
#8000=DIRECTION('',(1.,1.58206781009085E-14,0.));
#8001=DIRECTION('center_axis',(0.,0.,-1.));
#8002=DIRECTION('ref_axis',(0.,1.,0.));
#8003=DIRECTION('',(1.,1.58206781009085E-14,0.));
#8004=DIRECTION('center_axis',(0.,0.,1.));
#8005=DIRECTION('ref_axis',(1.57898385724467E-14,-1.,0.));
#8006=DIRECTION('',(1.,1.58206781009085E-14,0.));
#8007=DIRECTION('center_axis',(-1.58206781009085E-14,1.,-5.62063394969971E-28));
#8008=DIRECTION('ref_axis',(-3.5527136788005E-14,0.,1.));
#8009=DIRECTION('center_axis',(1.,0.,0.));
#8010=DIRECTION('ref_axis',(0.,0.,-1.));
#8011=DIRECTION('',(0.,1.,0.));
#8012=DIRECTION('',(0.,0.,1.));
#8013=DIRECTION('',(0.,0.,-1.));
#8014=DIRECTION('center_axis',(0.,0.,-1.));
#8015=DIRECTION('ref_axis',(0.,1.,0.));
#8016=DIRECTION('',(-1.,4.0638713104475E-17,0.));
#8017=DIRECTION('',(1.,0.,0.));
#8018=DIRECTION('',(0.,1.,0.));
#8019=DIRECTION('center_axis',(1.,0.,0.));
#8020=DIRECTION('ref_axis',(0.,0.,-1.));
#8021=DIRECTION('',(0.,-1.,0.));
#8022=DIRECTION('',(0.,0.,1.));
#8023=DIRECTION('',(0.,-1.,0.));
#8024=DIRECTION('',(0.,0.,1.));
#8025=DIRECTION('',(0.,0.,-1.));
#8026=DIRECTION('',(0.,1.,0.));
#8027=DIRECTION('',(0.,0.,-1.));
#8028=DIRECTION('',(0.,0.,1.));
#8029=DIRECTION('',(0.,1.,0.));
#8030=DIRECTION('',(0.,0.,1.));
#8031=DIRECTION('',(0.,1.,0.));
#8032=DIRECTION('',(0.,0.,1.));
#8033=DIRECTION('center_axis',(-1.,0.,0.));
#8034=DIRECTION('ref_axis',(0.,0.,1.));
#8035=DIRECTION('',(0.,-1.,0.));
#8036=DIRECTION('',(0.,0.,1.));
#8037=DIRECTION('',(0.,1.,0.));
#8038=DIRECTION('',(0.,0.,-1.));
#8039=DIRECTION('center_axis',(0.,0.,-1.));
#8040=DIRECTION('ref_axis',(0.,-1.,0.));
#8041=DIRECTION('',(-1.,0.,0.));
#8042=DIRECTION('',(-1.,0.,0.));
#8043=DIRECTION('center_axis',(0.,-1.,0.));
#8044=DIRECTION('ref_axis',(0.,0.,1.));
#8045=DIRECTION('',(-1.,0.,0.));
#8046=DIRECTION('center_axis',(0.,1.,0.));
#8047=DIRECTION('ref_axis',(-1.,0.,0.));
#8048=DIRECTION('center_axis',(0.,0.,1.));
#8049=DIRECTION('ref_axis',(0.,1.,0.));
#8050=DIRECTION('',(-1.,0.,0.));
#8051=DIRECTION('center_axis',(0.,-1.,0.));
#8052=DIRECTION('ref_axis',(-1.,0.,0.));
#8053=DIRECTION('center_axis',(-4.0638713104475E-17,-1.,0.));
#8054=DIRECTION('ref_axis',(-1.,0.,0.));
#8055=DIRECTION('',(0.,-1.,0.));
#8056=DIRECTION('center_axis',(0.,1.,0.));
#8057=DIRECTION('ref_axis',(-1.,0.,0.));
#8058=DIRECTION('center_axis',(0.,-1.,0.));
#8059=DIRECTION('ref_axis',(-1.,0.,0.));
#8060=DIRECTION('center_axis',(-4.0638713104475E-17,-1.,0.));
#8061=DIRECTION('ref_axis',(-1.,0.,0.));
#8062=DIRECTION('',(0.,-1.,0.));
#8063=DIRECTION('center_axis',(0.,0.,1.));
#8064=DIRECTION('ref_axis',(1.,0.,0.));
#8065=DIRECTION('',(1.,0.,0.));
#8066=DIRECTION('',(0.,1.,0.));
#8067=DIRECTION('',(-1.,0.,0.));
#8068=DIRECTION('center_axis',(0.819152044288992,0.,0.573576436351046));
#8069=DIRECTION('ref_axis',(0.,1.,0.));
#8070=DIRECTION('',(0.,-1.,0.));
#8071=DIRECTION('',(0.573576436351046,-2.33094082403573E-17,-0.819152044288992));
#8072=DIRECTION('center_axis',(0.819152044288992,0.,0.573576436351046));
#8073=DIRECTION('ref_axis',(0.,1.,0.));
#8074=DIRECTION('',(-0.573576436351046,2.33094082403573E-17,0.819152044288992));
#8075=DIRECTION('',(-0.573576436351046,0.,0.819152044288992));
#8076=DIRECTION('center_axis',(-0.819152044288992,0.,0.573576436351046));
#8077=DIRECTION('ref_axis',(0.,1.,0.));
#8078=DIRECTION('',(0.,1.,0.));
#8079=DIRECTION('',(0.573576436351046,-2.33094082403573E-17,0.819152044288992));
#8080=DIRECTION('',(0.573576436351046,0.,0.819152044288992));
#8081=DIRECTION('center_axis',(0.,-1.,0.));
#8082=DIRECTION('ref_axis',(0.,0.,-1.));
#8083=DIRECTION('',(-1.,0.,0.));
#8084=DIRECTION('',(0.,0.,1.));
#8085=DIRECTION('',(-1.,0.,0.));
#8086=DIRECTION('',(0.,0.,1.));
#8087=DIRECTION('center_axis',(1.,0.,0.));
#8088=DIRECTION('ref_axis',(0.,0.,-1.));
#8089=DIRECTION('',(0.,0.,-1.));
#8090=DIRECTION('',(0.,1.,0.));
#8091=DIRECTION('',(0.,0.,1.));
#8092=DIRECTION('center_axis',(1.,0.,0.));
#8093=DIRECTION('ref_axis',(0.,0.,1.));
#8094=DIRECTION('',(0.,1.,0.));
#8095=DIRECTION('',(0.,0.,1.));
#8096=DIRECTION('',(0.,1.,0.));
#8097=DIRECTION('center_axis',(0.,0.,-1.));
#8098=DIRECTION('ref_axis',(0.,1.,0.));
#8099=DIRECTION('',(-1.,0.,0.));
#8100=DIRECTION('',(0.,-1.,0.));
#8101=DIRECTION('',(-1.,4.0638713104475E-17,0.));
#8102=DIRECTION('center_axis',(0.,0.,-1.));
#8103=DIRECTION('ref_axis',(0.,-1.,0.));
#8104=DIRECTION('',(1.,0.,0.));
#8105=DIRECTION('',(0.,1.,0.));
#8106=DIRECTION('',(-1.,0.,0.));
#8107=DIRECTION('',(0.,-1.,0.));
#8108=DIRECTION('center_axis',(0.819152044288992,0.,0.573576436351046));
#8109=DIRECTION('ref_axis',(0.,1.,0.));
#8110=DIRECTION('',(-0.573576436351046,0.,0.819152044288992));
#8111=DIRECTION('',(-0.573576436351046,0.,0.819152044288992));
#8112=DIRECTION('',(0.,-1.,0.));
#8113=DIRECTION('center_axis',(0.573576436351046,0.,-0.819152044288992));
#8114=DIRECTION('ref_axis',(0.,1.,0.));
#8115=DIRECTION('',(-0.819152044288992,0.,-0.573576436351046));
#8116=DIRECTION('',(-0.819152044288992,0.,-0.573576436351046));
#8117=DIRECTION('center_axis',(0.,0.,-1.));
#8118=DIRECTION('ref_axis',(0.,-1.,0.));
#8119=DIRECTION('',(1.,0.,0.));
#8120=DIRECTION('',(0.,1.,0.));
#8121=DIRECTION('',(1.,0.,0.));
#8122=DIRECTION('',(0.,-1.,0.));
#8123=DIRECTION('center_axis',(0.819152044288992,0.,0.573576436351046));
#8124=DIRECTION('ref_axis',(0.,1.,0.));
#8125=DIRECTION('',(0.573576436351046,0.,-0.819152044288992));
#8126=DIRECTION('',(0.,1.,0.));
#8127=DIRECTION('center_axis',(0.819152044288992,0.,0.573576436351046));
#8128=DIRECTION('ref_axis',(-0.573576436351046,0.,0.819152044288992));
#8129=DIRECTION('center_axis',(0.,-1.,0.));
#8130=DIRECTION('ref_axis',(0.,0.,1.));
#8131=DIRECTION('center_axis',(0.,-1.,0.));
#8132=DIRECTION('ref_axis',(0.,0.,1.));
#8133=DIRECTION('center_axis',(-1.,0.,0.));
#8134=DIRECTION('ref_axis',(0.,0.,1.));
#8135=DIRECTION('',(0.,0.,1.));
#8136=DIRECTION('',(0.,-1.,0.));
#8137=DIRECTION('',(0.,0.,-1.));
#8138=DIRECTION('center_axis',(-1.,0.,0.));
#8139=DIRECTION('ref_axis',(0.,0.,1.));
#8140=DIRECTION('',(0.,0.,-1.));
#8141=DIRECTION('center_axis',(0.,0.,-1.));
#8142=DIRECTION('ref_axis',(0.,1.,0.));
#8143=DIRECTION('',(1.,0.,0.));
#8144=DIRECTION('',(1.,0.,0.));
#8145=DIRECTION('',(0.,-1.,0.));
#8146=DIRECTION('center_axis',(-0.819152044288992,0.,0.573576436351046));
#8147=DIRECTION('ref_axis',(0.,1.,0.));
#8148=DIRECTION('',(0.573576436351046,0.,0.819152044288992));
#8149=DIRECTION('center_axis',(-0.819152044288992,0.,0.573576436351046));
#8150=DIRECTION('ref_axis',(0.573576436351046,0.,0.819152044288992));
#8151=DIRECTION('',(0.,1.,0.));
#8152=DIRECTION('center_axis',(0.,1.,0.));
#8153=DIRECTION('ref_axis',(0.,0.,-1.));
#8154=DIRECTION('center_axis',(0.,-1.,0.));
#8155=DIRECTION('ref_axis',(0.,0.,-1.));
#8156=DIRECTION('center_axis',(0.,0.,-1.));
#8157=DIRECTION('ref_axis',(0.,1.,0.));
#8158=DIRECTION('',(1.,0.,0.));
#8159=DIRECTION('',(0.,1.,0.));
#8160=DIRECTION('',(1.,0.,0.));
#8161=DIRECTION('',(0.,1.,0.));
#8162=DIRECTION('center_axis',(-0.819152044288992,0.,0.573576436351046));
#8163=DIRECTION('ref_axis',(0.,1.,0.));
#8164=DIRECTION('',(-0.573576436351046,0.,-0.819152044288992));
#8165=DIRECTION('',(0.,1.,0.));
#8166=DIRECTION('',(-0.573576436351046,0.,-0.819152044288992));
#8167=DIRECTION('center_axis',(-0.573576436351046,0.,-0.819152044288992));
#8168=DIRECTION('ref_axis',(0.,-1.,0.));
#8169=DIRECTION('',(-0.819152044288992,0.,0.573576436351046));
#8170=DIRECTION('',(-0.819152044288992,0.,0.573576436351046));
#8171=DIRECTION('center_axis',(0.,0.,1.));
#8172=DIRECTION('ref_axis',(1.,0.,0.));
#8173=DIRECTION('',(1.,0.,0.));
#8174=DIRECTION('',(-1.,0.,6.20858504532877E-34));
#8175=DIRECTION('center_axis',(0.,1.,0.));
#8176=DIRECTION('ref_axis',(-1.,0.,6.20858504532877E-34));
#8177=DIRECTION('center_axis',(0.,0.,-1.));
#8178=DIRECTION('ref_axis',(0.,-1.,0.));
#8179=DIRECTION('',(0.,1.,0.));
#8180=DIRECTION('',(-1.,0.,0.));
#8181=DIRECTION('',(-1.,0.,0.));
#8182=DIRECTION('center_axis',(1.,0.,0.));
#8183=DIRECTION('ref_axis',(0.,-0.707106781186547,-0.707106781186547));
#8184=DIRECTION('center_axis',(1.,0.,0.));
#8185=DIRECTION('ref_axis',(0.,-0.707106781186547,-0.707106781186547));
#8186=DIRECTION('',(1.,0.,0.));
#8187=DIRECTION('center_axis',(-1.,0.,0.));
#8188=DIRECTION('ref_axis',(0.,0.,1.));
#8189=DIRECTION('',(0.,0.,-1.));
#8190=DIRECTION('',(0.,1.,0.));
#8191=DIRECTION('',(0.,0.,1.));
#8192=DIRECTION('',(0.,1.,0.));
#8193=DIRECTION('center_axis',(0.,0.,1.));
#8194=DIRECTION('ref_axis',(1.,0.,0.));
#8195=DIRECTION('',(-1.,0.,0.));
#8196=DIRECTION('',(0.,1.,0.));
#8197=DIRECTION('',(1.,0.,0.));
#8198=DIRECTION('center_axis',(1.,0.,0.));
#8199=DIRECTION('ref_axis',(0.,0.,-1.));
#8200=DIRECTION('',(0.,0.,1.));
#8201=DIRECTION('',(0.,1.,0.));
#8202=DIRECTION('',(0.,0.,-1.));
#8203=DIRECTION('center_axis',(-1.12784561231762E-16,0.,-1.));
#8204=DIRECTION('ref_axis',(-1.,0.,1.12784561231762E-16));
#8205=DIRECTION('',(1.,0.,-1.12784561231762E-16));
#8206=DIRECTION('',(-1.,0.,1.12784561231762E-16));
#8207=DIRECTION('center_axis',(0.,0.,1.));
#8208=DIRECTION('ref_axis',(0.,1.,0.));
#8209=DIRECTION('',(0.,1.,0.));
#8210=DIRECTION('',(1.,0.,0.));
#8211=DIRECTION('',(0.,1.,0.));
#8212=DIRECTION('',(-1.,0.,0.));
#8213=DIRECTION('center_axis',(0.,0.,-1.));
#8214=DIRECTION('ref_axis',(0.,1.,0.));
#8215=DIRECTION('',(0.,1.,0.));
#8216=DIRECTION('',(1.,0.,0.));
#8217=DIRECTION('',(0.,1.,0.));
#8218=DIRECTION('',(1.,0.,0.));
#8219=DIRECTION('center_axis',(0.,-1.,0.));
#8220=DIRECTION('ref_axis',(0.,0.,-1.));
#8221=DIRECTION('',(0.,0.,-1.));
#8222=DIRECTION('center_axis',(1.,0.,0.));
#8223=DIRECTION('ref_axis',(0.,0.,-1.));
#8224=DIRECTION('center_axis',(0.,-1.,0.));
#8225=DIRECTION('ref_axis',(-0.707106781186546,0.,0.707106781186549));
#8226=DIRECTION('center_axis',(0.,1.,0.));
#8227=DIRECTION('ref_axis',(0.,0.,1.));
#8228=DIRECTION('',(0.,0.,1.));
#8229=DIRECTION('',(1.,0.,0.));
#8230=DIRECTION('',(0.,0.,1.));
#8231=DIRECTION('',(1.,0.,0.));
#8232=DIRECTION('center_axis',(0.,0.,1.));
#8233=DIRECTION('ref_axis',(0.,-1.,0.));
#8234=DIRECTION('',(0.,-1.,0.));
#8235=DIRECTION('',(1.,0.,0.));
#8236=DIRECTION('',(0.,-1.,0.));
#8237=DIRECTION('center_axis',(0.,1.,0.));
#8238=DIRECTION('ref_axis',(0.,0.,1.));
#8239=DIRECTION('',(0.,0.,1.));
#8240=DIRECTION('',(1.,0.,0.));
#8241=DIRECTION('',(0.,0.,1.));
#8242=DIRECTION('center_axis',(-1.,0.,0.));
#8243=DIRECTION('ref_axis',(0.,0.,1.));
#8244=DIRECTION('',(0.,-1.,0.));
#8245=DIRECTION('',(0.,-1.77586918365218E-17,1.));
#8246=DIRECTION('',(0.,0.,-1.));
#8247=DIRECTION('center_axis',(0.,-1.,0.));
#8248=DIRECTION('ref_axis',(0.,0.,1.));
#8249=DIRECTION('',(0.,0.,-1.));
#8250=DIRECTION('',(-1.,0.,0.));
#8251=DIRECTION('center_axis',(0.,-1.,0.));
#8252=DIRECTION('ref_axis',(-0.70710678118655,0.,0.707106781186545));
#8253=DIRECTION('',(-1.,0.,0.));
#8254=DIRECTION('center_axis',(0.,1.,1.77586918365218E-17));
#8255=DIRECTION('ref_axis',(0.,1.77586918365218E-17,-1.));
#8256=DIRECTION('',(0.,-1.77586918365218E-17,1.));
#8257=DIRECTION('',(1.,0.,0.));
#8258=DIRECTION('center_axis',(0.,1.,1.77586918365218E-17));
#8259=DIRECTION('ref_axis',(-0.70710678118655,0.,0.707106781186545));
#8260=DIRECTION('',(1.,0.,0.));
#8261=DIRECTION('center_axis',(1.,0.,0.));
#8262=DIRECTION('ref_axis',(0.,1.,0.));
#8263=DIRECTION('',(0.,0.,1.));
#8264=DIRECTION('',(0.,1.,0.));
#8265=DIRECTION('center_axis',(0.,0.,-1.));
#8266=DIRECTION('ref_axis',(0.,1.,0.));
#8267=DIRECTION('',(0.,-1.,0.));
#8268=DIRECTION('',(1.,0.,0.));
#8269=DIRECTION('',(1.,0.,0.));
#8270=DIRECTION('',(1.,0.,0.));
#8271=DIRECTION('center_axis',(-1.,0.,0.));
#8272=DIRECTION('ref_axis',(0.,0.,1.));
#8273=DIRECTION('',(0.,0.,-1.));
#8274=DIRECTION('',(0.,1.,0.));
#8275=DIRECTION('',(0.,0.,1.));
#8276=DIRECTION('center_axis',(0.,-1.,0.));
#8277=DIRECTION('ref_axis',(0.,0.,1.));
#8278=DIRECTION('',(0.,0.,-1.));
#8279=DIRECTION('',(-1.,0.,0.));
#8280=DIRECTION('',(0.,0.,-1.));
#8281=DIRECTION('',(-1.,0.,0.));
#8282=DIRECTION('center_axis',(0.,0.,-1.));
#8283=DIRECTION('ref_axis',(0.,1.,0.));
#8284=DIRECTION('',(0.,1.,0.));
#8285=DIRECTION('',(0.,1.,0.));
#8286=DIRECTION('center_axis',(0.,1.,0.));
#8287=DIRECTION('ref_axis',(-0.70710678118655,0.,0.707106781186545));
#8288=DIRECTION('center_axis',(0.,-1.,0.));
#8289=DIRECTION('ref_axis',(0.,0.,-1.));
#8290=DIRECTION('',(1.,0.,0.));
#8291=DIRECTION('',(0.,0.,1.));
#8292=DIRECTION('center_axis',(0.,0.,-1.));
#8293=DIRECTION('ref_axis',(0.,-1.,0.));
#8294=DIRECTION('center_axis',(0.,0.,1.));
#8295=DIRECTION('ref_axis',(0.,-1.,0.));
#8296=DIRECTION('',(0.,0.,-1.));
#8297=DIRECTION('center_axis',(0.,0.,-1.));
#8298=DIRECTION('ref_axis',(0.,-1.,0.));
#8299=DIRECTION('center_axis',(0.,0.,-1.));
#8300=DIRECTION('ref_axis',(0.,-1.,0.));
#8301=DIRECTION('',(0.,0.,-1.));
#8302=DIRECTION('center_axis',(-1.,0.,0.));
#8303=DIRECTION('ref_axis',(0.,0.,1.));
#8304=DIRECTION('',(0.,0.,-1.));
#8305=DIRECTION('',(0.,1.,0.));
#8306=DIRECTION('',(0.,0.,-1.));
#8307=DIRECTION('',(0.,-1.,0.));
#8308=DIRECTION('',(0.,0.,-1.));
#8309=DIRECTION('',(0.,-1.,0.));
#8310=DIRECTION('',(0.,0.,1.));
#8311=DIRECTION('',(0.,1.,0.));
#8312=DIRECTION('',(0.,1.,0.));
#8313=DIRECTION('',(0.,0.,1.));
#8314=DIRECTION('',(0.,-1.,0.));
#8315=DIRECTION('center_axis',(0.,0.,-1.));
#8316=DIRECTION('ref_axis',(0.,-1.,0.));
#8317=DIRECTION('',(1.,0.,0.));
#8318=DIRECTION('',(-1.,0.,0.));
#8319=DIRECTION('center_axis',(0.,0.,1.));
#8320=DIRECTION('ref_axis',(0.,1.,0.));
#8321=DIRECTION('',(-1.,0.,0.));
#8322=DIRECTION('',(-1.,0.,0.));
#8323=DIRECTION('center_axis',(0.,0.,1.));
#8324=DIRECTION('ref_axis',(0.,1.,0.));
#8325=DIRECTION('',(0.,-1.,0.));
#8326=DIRECTION('',(-1.,0.,0.));
#8327=DIRECTION('center_axis',(0.,0.,-1.));
#8328=DIRECTION('ref_axis',(0.,-1.,0.));
#8329=DIRECTION('',(1.,0.,0.));
#8330=DIRECTION('',(0.,-1.,0.));
#8331=DIRECTION('',(-1.,0.,0.));
#8332=DIRECTION('center_axis',(0.,0.,1.));
#8333=DIRECTION('ref_axis',(0.,1.,0.));
#8334=DIRECTION('',(-1.,0.,0.));
#8335=DIRECTION('',(1.,0.,0.));
#8336=DIRECTION('',(0.,1.,0.));
#8337=DIRECTION('center_axis',(0.,1.,0.));
#8338=DIRECTION('ref_axis',(0.,0.,-1.));
#8339=DIRECTION('',(0.,0.,1.));
#8340=DIRECTION('',(-1.,0.,0.));
#8341=DIRECTION('center_axis',(0.,0.,-1.));
#8342=DIRECTION('ref_axis',(0.,-1.,0.));
#8343=DIRECTION('',(0.,1.,0.));
#8344=DIRECTION('center_axis',(-1.,0.,0.));
#8345=DIRECTION('ref_axis',(0.,-0.707106781186548,-0.707106781186547));
#8346=DIRECTION('center_axis',(1.,0.,0.));
#8347=DIRECTION('ref_axis',(0.,-0.707106781186548,-0.707106781186547));
#8348=DIRECTION('',(1.,0.,0.));
#8349=DIRECTION('center_axis',(0.,-1.,0.));
#8350=DIRECTION('ref_axis',(0.,0.,1.));
#8351=DIRECTION('',(-1.,0.,0.));
#8352=DIRECTION('',(0.,0.,1.));
#8353=DIRECTION('center_axis',(-1.,0.,0.));
#8354=DIRECTION('ref_axis',(0.,-0.707106781186548,0.707106781186547));
#8355=DIRECTION('center_axis',(1.,0.,0.));
#8356=DIRECTION('ref_axis',(0.,-0.707106781186548,0.707106781186547));
#8357=DIRECTION('center_axis',(-1.,0.,0.));
#8358=DIRECTION('ref_axis',(0.,0.707106781186547,0.707106781186547));
#8359=DIRECTION('center_axis',(1.,0.,0.));
#8360=DIRECTION('ref_axis',(0.,0.707106781186547,0.707106781186547));
#8361=DIRECTION('',(1.,0.,0.));
#8362=DIRECTION('center_axis',(0.,1.,0.));
#8363=DIRECTION('ref_axis',(0.,0.,-1.));
#8364=DIRECTION('',(-1.,0.,0.));
#8365=DIRECTION('',(0.,0.,-1.));
#8366=DIRECTION('center_axis',(-1.,0.,0.));
#8367=DIRECTION('ref_axis',(0.,0.,1.));
#8368=DIRECTION('center_axis',(1.,0.,0.));
#8369=DIRECTION('ref_axis',(0.,0.707106781186548,-0.707106781186547));
#8370=DIRECTION('',(0.,0.,-1.));
#8371=DIRECTION('',(0.,-1.,0.));
#8372=DIRECTION('',(0.,0.,1.));
#8373=DIRECTION('',(0.,1.,0.));
#8374=DIRECTION('center_axis',(-1.,0.,0.));
#8375=DIRECTION('ref_axis',(0.,0.707106781186548,-0.707106781186547));
#8376=DIRECTION('center_axis',(0.,-1.,0.));
#8377=DIRECTION('ref_axis',(0.,0.,1.));
#8378=DIRECTION('',(-1.,0.,0.));
#8379=DIRECTION('',(1.,0.,0.));
#8380=DIRECTION('center_axis',(0.,0.,-1.));
#8381=DIRECTION('ref_axis',(-1.,0.,0.));
#8382=DIRECTION('',(-1.,0.,0.));
#8383=DIRECTION('center_axis',(0.,1.,0.));
#8384=DIRECTION('ref_axis',(0.,0.,-1.));
#8385=DIRECTION('',(1.,0.,0.));
#8386=DIRECTION('center_axis',(0.,0.,1.));
#8387=DIRECTION('ref_axis',(1.,0.,0.));
#8388=DIRECTION('center_axis',(-1.,0.,0.));
#8389=DIRECTION('ref_axis',(0.,0.707106781186548,0.707106781186547));
#8390=DIRECTION('center_axis',(1.,0.,0.));
#8391=DIRECTION('ref_axis',(0.,0.707106781186548,0.707106781186547));
#8392=DIRECTION('',(-1.,0.,0.));
#8393=DIRECTION('center_axis',(1.,0.,0.));
#8394=DIRECTION('ref_axis',(0.,0.707106781186548,0.707106781186547));
#8395=DIRECTION('center_axis',(-1.,0.,0.));
#8396=DIRECTION('ref_axis',(0.,-1.,0.));
#8397=DIRECTION('center_axis',(1.,0.,0.));
#8398=DIRECTION('ref_axis',(0.,-0.707106781186547,0.707106781186547));
#8399=DIRECTION('',(0.,0.,-1.));
#8400=DIRECTION('',(0.,1.,0.));
#8401=DIRECTION('',(0.,-1.,0.));
#8402=DIRECTION('',(0.,0.,-1.));
#8403=DIRECTION('center_axis',(0.,0.,1.));
#8404=DIRECTION('ref_axis',(0.,1.,0.));
#8405=DIRECTION('',(0.,-1.,0.));
#8406=DIRECTION('',(-1.,0.,0.));
#8407=DIRECTION('',(-1.,4.0638713104475E-17,0.));
#8408=DIRECTION('center_axis',(-1.,0.,0.));
#8409=DIRECTION('ref_axis',(0.,-0.707106781186547,0.707106781186547));
#8410=DIRECTION('center_axis',(1.,0.,0.));
#8411=DIRECTION('ref_axis',(0.,-0.707106781186547,0.707106781186547));
#8412=DIRECTION('',(1.,0.,0.));
#8413=DIRECTION('center_axis',(0.,2.50903509772724E-16,1.));
#8414=DIRECTION('ref_axis',(0.,1.,-2.50903509772724E-16));
#8415=DIRECTION('',(0.,-1.,2.50903509772724E-16));
#8416=DIRECTION('center_axis',(0.,-1.,0.));
#8417=DIRECTION('ref_axis',(0.,0.,-1.));
#8418=DIRECTION('',(0.,0.,-1.));
#8419=DIRECTION('',(1.,0.,0.));
#8420=DIRECTION('center_axis',(0.,0.,1.));
#8421=DIRECTION('ref_axis',(0.,-1.,0.));
#8422=DIRECTION('',(0.,-1.,0.));
#8423=DIRECTION('center_axis',(0.,0.,1.));
#8424=DIRECTION('ref_axis',(1.,0.,0.));
#8425=DIRECTION('',(0.,1.,0.));
#8426=DIRECTION('',(-1.,0.,0.));
#8427=DIRECTION('center_axis',(0.,-1.,0.));
#8428=DIRECTION('ref_axis',(0.,0.,-1.));
#8429=DIRECTION('',(0.,0.,-1.));
#8430=DIRECTION('center_axis',(1.,0.,0.));
#8431=DIRECTION('ref_axis',(0.,1.,0.));
#8432=DIRECTION('',(0.,0.,-1.));
#8433=DIRECTION('',(0.,0.,1.));
#8434=DIRECTION('',(-1.,0.,0.));
#8435=DIRECTION('center_axis',(-4.0638713104475E-17,-1.,0.));
#8436=DIRECTION('ref_axis',(0.,0.,-1.));
#8437=DIRECTION('center_axis',(0.,1.,0.));
#8438=DIRECTION('ref_axis',(0.,0.,1.));
#8439=DIRECTION('',(-1.,0.,0.));
#8440=DIRECTION('',(1.1842378929335E-14,0.,1.));
#8441=DIRECTION('',(1.,0.,0.));
#8442=DIRECTION('',(0.,0.,-1.));
#8443=DIRECTION('center_axis',(0.,0.,-1.));
#8444=DIRECTION('ref_axis',(-1.,0.,0.));
#8445=DIRECTION('',(1.,0.,0.));
#8446=DIRECTION('',(0.,1.,0.));
#8447=DIRECTION('',(0.,1.,0.));
#8448=DIRECTION('center_axis',(-1.,0.,1.1842378929335E-14));
#8449=DIRECTION('ref_axis',(1.1842378929335E-14,0.,1.));
#8450=DIRECTION('',(-1.1842378929335E-14,0.,-1.));
#8451=DIRECTION('',(0.,1.,0.));
#8452=DIRECTION('center_axis',(0.,0.,1.));
#8453=DIRECTION('ref_axis',(1.,0.,0.));
#8454=DIRECTION('',(-1.,0.,0.));
#8455=DIRECTION('',(0.,1.,0.));
#8456=DIRECTION('center_axis',(1.,0.,0.));
#8457=DIRECTION('ref_axis',(0.,0.,-1.));
#8458=DIRECTION('',(0.,0.,1.));
#8459=DIRECTION('center_axis',(0.,1.,0.));
#8460=DIRECTION('ref_axis',(0.,0.,1.));
#8461=DIRECTION('center_axis',(0.,-1.,0.));
#8462=DIRECTION('ref_axis',(-1.,0.,0.));
#8463=DIRECTION('center_axis',(0.,-1.,0.));
#8464=DIRECTION('ref_axis',(-1.,0.,0.));
#8465=DIRECTION('',(1.,0.,0.));
#8466=DIRECTION('',(1.,0.,0.));
#8467=DIRECTION('center_axis',(0.,-1.,0.));
#8468=DIRECTION('ref_axis',(-1.,0.,0.));
#8469=DIRECTION('center_axis',(0.,-1.,0.));
#8470=DIRECTION('ref_axis',(-1.,0.,0.));
#8471=DIRECTION('',(1.,0.,0.));
#8472=DIRECTION('',(1.,0.,0.));
#8473=DIRECTION('center_axis',(0.,-1.,0.));
#8474=DIRECTION('ref_axis',(-1.,0.,0.));
#8475=DIRECTION('center_axis',(0.,-1.,0.));
#8476=DIRECTION('ref_axis',(-1.,0.,0.));
#8477=DIRECTION('center_axis',(0.,-1.,0.));
#8478=DIRECTION('ref_axis',(0.,0.,-1.));
#8479=DIRECTION('center_axis',(0.,1.,0.));
#8480=DIRECTION('ref_axis',(-1.,0.,0.));
#8481=DIRECTION('center_axis',(0.,1.,0.));
#8482=DIRECTION('ref_axis',(-1.,0.,0.));
#8483=DIRECTION('',(1.,0.,0.));
#8484=DIRECTION('center_axis',(0.,-1.,0.));
#8485=DIRECTION('ref_axis',(0.707106781186546,0.,0.707106781186549));
#8486=DIRECTION('',(0.,0.,1.));
#8487=DIRECTION('center_axis',(0.,-1.,0.));
#8488=DIRECTION('ref_axis',(-0.707106781186546,0.,0.707106781186549));
#8489=DIRECTION('center_axis',(1.,0.,0.));
#8490=DIRECTION('ref_axis',(0.,0.,1.));
#8491=DIRECTION('center_axis',(1.,0.,0.));
#8492=DIRECTION('ref_axis',(0.,0.,1.));
#8493=DIRECTION('center_axis',(0.,-1.,0.));
#8494=DIRECTION('ref_axis',(-1.,0.,0.));
#8495=DIRECTION('',(0.,-1.,0.));
#8496=DIRECTION('center_axis',(0.,1.,0.));
#8497=DIRECTION('ref_axis',(-1.,0.,0.));
#8498=DIRECTION('center_axis',(0.,-1.,0.));
#8499=DIRECTION('ref_axis',(-1.,0.,0.));
#8500=DIRECTION('',(0.,-1.,0.));
#8501=DIRECTION('center_axis',(0.,-1.,0.));
#8502=DIRECTION('ref_axis',(-1.,0.,0.));
#8503=DIRECTION('',(0.,-1.,0.));
#8504=DIRECTION('center_axis',(0.,1.,0.));
#8505=DIRECTION('ref_axis',(-1.,0.,0.));
#8506=DIRECTION('center_axis',(0.,-1.,0.));
#8507=DIRECTION('ref_axis',(-1.,0.,0.));
#8508=DIRECTION('',(0.,-1.,0.));
#8509=DIRECTION('center_axis',(-1.,0.,0.));
#8510=DIRECTION('ref_axis',(0.,0.,1.));
#8511=DIRECTION('',(0.,1.,0.));
#8512=DIRECTION('',(0.,0.,1.));
#8513=DIRECTION('center_axis',(0.,-1.,0.));
#8514=DIRECTION('ref_axis',(-0.707106781186546,0.,0.707106781186549));
#8515=DIRECTION('center_axis',(0.,-1.,0.));
#8516=DIRECTION('ref_axis',(-0.707106781186546,0.,0.707106781186549));
#8517=DIRECTION('',(0.,-1.,0.));
#8518=DIRECTION('center_axis',(0.,0.,-1.));
#8519=DIRECTION('ref_axis',(-1.,0.,0.));
#8520=DIRECTION('',(0.,1.,0.));
#8521=DIRECTION('',(-1.,0.,0.));
#8522=DIRECTION('center_axis',(0.,1.,0.));
#8523=DIRECTION('ref_axis',(0.,0.,1.));
#8524=DIRECTION('center_axis',(0.,-1.,0.));
#8525=DIRECTION('ref_axis',(0.707106781186546,0.,0.707106781186549));
#8526=DIRECTION('center_axis',(0.,1.,0.));
#8527=DIRECTION('ref_axis',(0.707106781186546,0.,0.707106781186549));
#8528=DIRECTION('center_axis',(0.,1.,0.));
#8529=DIRECTION('ref_axis',(0.,0.,-1.));
#8530=DIRECTION('',(-1.,0.,0.));
#8531=DIRECTION('',(0.,0.,-1.));
#8532=DIRECTION('',(1.,0.,0.));
#8533=DIRECTION('center_axis',(0.,0.,-1.));
#8534=DIRECTION('ref_axis',(0.,-1.,0.));
#8535=DIRECTION('',(0.,-1.,0.));
#8536=DIRECTION('',(-1.,0.,0.));
#8537=DIRECTION('',(-1.,0.,0.));
#8538=DIRECTION('center_axis',(0.,-1.,0.));
#8539=DIRECTION('ref_axis',(0.,0.,1.));
#8540=DIRECTION('',(0.,0.,1.));
#8541=DIRECTION('',(-1.,0.,0.));
#8542=DIRECTION('center_axis',(0.,1.,0.));
#8543=DIRECTION('ref_axis',(0.,0.,-1.));
#8544=DIRECTION('',(-1.,0.,0.));
#8545=DIRECTION('center_axis',(-1.,0.,0.));
#8546=DIRECTION('ref_axis',(0.,0.,1.));
#8547=DIRECTION('',(0.,1.,0.));
#8548=DIRECTION('center_axis',(0.,0.,1.));
#8549=DIRECTION('ref_axis',(0.,1.,0.));
#8550=DIRECTION('center_axis',(-1.,0.,0.));
#8551=DIRECTION('ref_axis',(0.,0.,1.));
#8552=DIRECTION('',(0.,0.,-1.));
#8553=DIRECTION('',(0.,1.,0.));
#8554=DIRECTION('',(0.,0.,1.));
#8555=DIRECTION('',(0.,1.,0.));
#8556=DIRECTION('center_axis',(0.,0.,-1.));
#8557=DIRECTION('ref_axis',(-1.,0.,0.));
#8558=DIRECTION('',(1.,1.22464679914735E-16,0.));
#8559=DIRECTION('',(-1.,-1.22464679914735E-16,0.));
#8560=DIRECTION('',(0.,1.,0.));
#8561=DIRECTION('center_axis',(1.,0.,0.));
#8562=DIRECTION('ref_axis',(0.,0.,-1.));
#8563=DIRECTION('',(0.,0.,1.));
#8564=DIRECTION('',(0.,0.,-1.));
#8565=DIRECTION('',(0.,1.,0.));
#8566=DIRECTION('center_axis',(0.,0.,1.));
#8567=DIRECTION('ref_axis',(1.,0.,0.));
#8568=DIRECTION('',(-1.,-1.22464679914735E-16,0.));
#8569=DIRECTION('',(1.,1.22464679914735E-16,0.));
#8570=DIRECTION('center_axis',(0.,0.,-1.));
#8571=DIRECTION('ref_axis',(-1.,-1.22464679914735E-16,0.));
#8572=DIRECTION('',(1.,0.,0.));
#8573=DIRECTION('',(-1.22464679914735E-16,1.,0.));
#8574=DIRECTION('',(1.,1.22464679914735E-16,0.));
#8575=DIRECTION('',(-1.22464679914735E-16,1.,0.));
#8576=DIRECTION('center_axis',(1.,1.22464679914735E-16,0.));
#8577=DIRECTION('ref_axis',(0.,0.,-1.));
#8578=DIRECTION('',(0.,0.,1.));
#8579=DIRECTION('',(-1.22464679914735E-16,1.,0.));
#8580=DIRECTION('',(0.,0.,1.));
#8581=DIRECTION('center_axis',(-1.,-1.22464679914735E-16,0.));
#8582=DIRECTION('ref_axis',(0.,0.,1.));
#8583=DIRECTION('',(0.,0.,-1.));
#8584=DIRECTION('',(0.,0.,-1.));
#8585=DIRECTION('',(-1.22464679914735E-16,1.,0.));
#8586=DIRECTION('center_axis',(0.,0.,-1.));
#8587=DIRECTION('ref_axis',(-1.,-1.22464679914735E-16,0.));
#8588=DIRECTION('',(1.,0.,0.));
#8589=DIRECTION('',(-1.22464679914735E-16,1.,0.));
#8590=DIRECTION('',(1.,1.22464679914735E-16,0.));
#8591=DIRECTION('',(-1.22464679914735E-16,1.,0.));
#8592=DIRECTION('center_axis',(0.,-1.,0.));
#8593=DIRECTION('ref_axis',(0.,0.,-1.));
#8594=DIRECTION('',(-1.,0.,0.));
#8595=DIRECTION('',(-1.,0.,0.));
#8596=DIRECTION('',(0.,0.,-1.));
#8597=DIRECTION('',(1.,0.,0.));
#8598=DIRECTION('',(0.,0.,1.));
#8599=DIRECTION('center_axis',(-1.,0.,0.));
#8600=DIRECTION('ref_axis',(0.,-1.,0.));
#8601=DIRECTION('',(0.,0.,-1.));
#8602=DIRECTION('',(0.,1.,0.));
#8603=DIRECTION('',(0.,1.,0.));
#8604=DIRECTION('center_axis',(1.,0.,0.));
#8605=DIRECTION('ref_axis',(0.,1.,0.));
#8606=DIRECTION('',(0.,0.,-1.));
#8607=DIRECTION('',(0.,-1.,0.));
#8608=DIRECTION('',(0.,0.,-1.));
#8609=DIRECTION('',(0.,-1.,0.));
#8610=DIRECTION('center_axis',(0.,0.,-1.));
#8611=DIRECTION('ref_axis',(0.,-1.,0.));
#8612=DIRECTION('',(1.,0.,0.));
#8613=DIRECTION('',(0.,1.,0.));
#8614=DIRECTION('center_axis',(0.,0.,1.));
#8615=DIRECTION('ref_axis',(0.,1.,0.));
#8616=DIRECTION('',(1.,0.,0.));
#8617=DIRECTION('',(0.,-1.,0.));
#8618=DIRECTION('',(1.,0.,0.));
#8619=DIRECTION('center_axis',(1.,0.,0.));
#8620=DIRECTION('ref_axis',(0.,-1.,0.));
#8621=DIRECTION('',(0.,0.,1.));
#8622=DIRECTION('',(0.,1.,0.));
#8623=DIRECTION('center_axis',(-1.,0.,0.));
#8624=DIRECTION('ref_axis',(0.,1.,0.));
#8625=DIRECTION('',(0.,0.,1.));
#8626=DIRECTION('',(0.,-1.,0.));
#8627=DIRECTION('',(0.,0.,1.));
#8628=DIRECTION('center_axis',(0.,-1.,0.));
#8629=DIRECTION('ref_axis',(0.,0.,-1.));
#8630=DIRECTION('',(-1.,0.,0.));
#8631=DIRECTION('',(-1.,0.,0.));
#8632=DIRECTION('',(0.,0.,-1.));
#8633=DIRECTION('',(0.,0.,1.));
#8634=DIRECTION('center_axis',(0.,0.,1.));
#8635=DIRECTION('ref_axis',(-1.,0.,0.));
#8636=DIRECTION('',(-1.,0.,0.));
#8637=DIRECTION('center_axis',(0.,0.,-1.));
#8638=DIRECTION('ref_axis',(1.,0.,0.));
#8639=DIRECTION('',(-1.,0.,0.));
#8640=DIRECTION('center_axis',(0.,-1.,0.));
#8641=DIRECTION('ref_axis',(0.,0.,-1.));
#8642=DIRECTION('center_axis',(0.,0.,1.));
#8643=DIRECTION('ref_axis',(1.,1.22464679914735E-16,0.));
#8644=DIRECTION('',(-1.,-1.22464679914735E-16,0.));
#8645=DIRECTION('center_axis',(1.,1.22464679914735E-16,0.));
#8646=DIRECTION('ref_axis',(0.,0.,-1.));
#8647=DIRECTION('',(0.,0.,1.));
#8648=DIRECTION('',(-1.22464679914735E-16,1.,0.));
#8649=DIRECTION('center_axis',(0.,0.,1.));
#8650=DIRECTION('ref_axis',(1.,1.22464679914735E-16,0.));
#8651=DIRECTION('',(-1.,-1.22464679914735E-16,0.));
#8652=DIRECTION('',(-1.22464679914735E-16,1.,0.));
#8653=DIRECTION('center_axis',(-1.,-1.22464679914735E-16,0.));
#8654=DIRECTION('ref_axis',(0.,0.,1.));
#8655=DIRECTION('',(0.,0.,-1.));
#8656=DIRECTION('center_axis',(-1.22464679914735E-16,1.,0.));
#8657=DIRECTION('ref_axis',(0.,0.,-1.));
#8658=DIRECTION('center_axis',(-1.22464679914735E-16,1.,0.));
#8659=DIRECTION('ref_axis',(-1.,-1.22464679914735E-16,0.));
#8660=CARTESIAN_POINT('',(0.,0.,0.));
#8661=CARTESIAN_POINT('Origin',(-43.213834784975,43.5,-35.5));
#8662=CARTESIAN_POINT('',(-43.213834784975,41.5,27.15));
#8663=CARTESIAN_POINT('',(-43.213834784975,41.5,-38.));
#8664=CARTESIAN_POINT('',(-43.213834784975,41.5,-35.5));
#8665=CARTESIAN_POINT('',(-43.213834784975,43.5,27.15));
#8666=CARTESIAN_POINT('',(-43.213834784975,42.5,27.15));
#8667=CARTESIAN_POINT('',(-43.213834784975,43.5,-38.));
#8668=CARTESIAN_POINT('',(-43.213834784975,43.5,-20.4625));
#8669=CARTESIAN_POINT('',(-43.213834784975,42.5,-38.));
#8670=CARTESIAN_POINT('Origin',(-41.713834784975,41.5,-35.5));
#8671=CARTESIAN_POINT('',(-41.713834784975,43.5,25.65));
#8672=CARTESIAN_POINT('',(-41.713834784975,43.5,-36.5));
#8673=CARTESIAN_POINT('',(-41.713834784975,43.5,-20.4625));
#8674=CARTESIAN_POINT('',(-41.713834784975,41.5,25.65));
#8675=CARTESIAN_POINT('',(-41.713834784975,43.5,25.65));
#8676=CARTESIAN_POINT('',(-41.713834784975,41.5,-36.5));
#8677=CARTESIAN_POINT('',(-41.713834784975,41.5,-35.5));
#8678=CARTESIAN_POINT('',(-41.713834784975,43.5,-36.5));
#8679=CARTESIAN_POINT('Origin',(39.436165215025,43.5,-38.));
#8680=CARTESIAN_POINT('',(41.936165215025,41.5,-38.));
#8681=CARTESIAN_POINT('',(39.436165215025,41.5,-38.));
#8682=CARTESIAN_POINT('',(41.936165215025,43.5,-38.));
#8683=CARTESIAN_POINT('',(19.398665215025,43.5,-38.));
#8684=CARTESIAN_POINT('',(41.936165215025,42.5,-38.));
#8685=CARTESIAN_POINT('Origin',(39.436165215025,41.5,-36.5));
#8686=CARTESIAN_POINT('',(40.436165215025,43.5,-36.5));
#8687=CARTESIAN_POINT('',(19.398665215025,43.5,-36.5));
#8688=CARTESIAN_POINT('',(40.436165215025,41.5,-36.5));
#8689=CARTESIAN_POINT('',(39.436165215025,41.5,-36.5));
#8690=CARTESIAN_POINT('',(40.436165215025,43.5,-36.5));
#8691=CARTESIAN_POINT('Origin',(41.936165215025,43.5,24.65));
#8692=CARTESIAN_POINT('',(41.936165215025,41.5,27.15));
#8693=CARTESIAN_POINT('',(41.936165215025,41.5,24.65));
#8694=CARTESIAN_POINT('',(41.936165215025,43.5,27.15));
#8695=CARTESIAN_POINT('',(41.936165215025,43.5,9.61250000000001));
#8696=CARTESIAN_POINT('',(41.936165215025,42.5,27.15));
#8697=CARTESIAN_POINT('Origin',(40.436165215025,41.5,24.65));
#8698=CARTESIAN_POINT('',(40.436165215025,43.5,25.65));
#8699=CARTESIAN_POINT('',(40.436165215025,43.5,9.61250000000001));
#8700=CARTESIAN_POINT('',(40.436165215025,41.5,25.65));
#8701=CARTESIAN_POINT('',(40.436165215025,41.5,24.65));
#8702=CARTESIAN_POINT('',(40.436165215025,43.5,25.65));
#8703=CARTESIAN_POINT('Origin',(-0.638834784974982,43.5,-5.425));
#8704=CARTESIAN_POINT('',(0.762145504665148,43.5,25.65));
#8705=CARTESIAN_POINT('',(39.436165215025,43.5,-35.5));
#8706=CARTESIAN_POINT('',(-40.713834784975,43.5,-35.5));
#8707=CARTESIAN_POINT('',(39.436165215025,43.5,-35.5));
#8708=CARTESIAN_POINT('',(-40.713834784975,43.5,24.65));
#8709=CARTESIAN_POINT('',(-40.713834784975,43.5,-35.5));
#8710=CARTESIAN_POINT('',(39.436165215025,43.5,24.65));
#8711=CARTESIAN_POINT('',(-40.713834784975,43.5,24.65));
#8712=CARTESIAN_POINT('',(39.436165215025,43.5,24.65));
#8713=CARTESIAN_POINT('Origin',(-0.638834784974982,43.5,-5.425));
#8714=CARTESIAN_POINT('',(-44.213834784975,43.5,28.15));
#8715=CARTESIAN_POINT('',(-44.213834784975,43.5,-39.));
#8716=CARTESIAN_POINT('',(-44.213834784975,43.5,28.15));
#8717=CARTESIAN_POINT('',(42.936165215025,43.5,-39.));
#8718=CARTESIAN_POINT('',(29.6805826075125,43.5,-39.));
#8719=CARTESIAN_POINT('',(42.936165215025,43.5,28.15));
#8720=CARTESIAN_POINT('',(42.936165215025,43.5,-39.));
#8721=CARTESIAN_POINT('',(42.936165215025,43.5,28.15));
#8722=CARTESIAN_POINT('',(-20.676334784975,43.5,27.15));
#8723=CARTESIAN_POINT('Origin',(4.15985729674092,43.5,27.15));
#8724=CARTESIAN_POINT('',(-40.713834784975,41.5,27.15));
#8725=CARTESIAN_POINT('Origin',(2.16312579430528,43.5,25.65));
#8726=CARTESIAN_POINT('',(-40.713834784975,41.5,25.65));
#8727=CARTESIAN_POINT('Origin',(3.1614915455231,41.5,26.4));
#8728=CARTESIAN_POINT('Origin',(39.436165215025,47.5,24.65));
#8729=CARTESIAN_POINT('',(39.436165215025,47.5,-35.5));
#8730=CARTESIAN_POINT('',(39.436165215025,47.5,24.65));
#8731=CARTESIAN_POINT('',(39.436165215025,47.5,12.325));
#8732=CARTESIAN_POINT('',(39.436165215025,47.5,-35.5));
#8733=CARTESIAN_POINT('',(39.436165215025,47.5,24.65));
#8734=CARTESIAN_POINT('Origin',(-40.713834784975,47.5,24.65));
#8735=CARTESIAN_POINT('',(-40.713834784975,47.5,24.65));
#8736=CARTESIAN_POINT('',(-20.3569173924875,47.5,24.65));
#8737=CARTESIAN_POINT('',(-40.713834784975,47.5,24.65));
#8738=CARTESIAN_POINT('Origin',(-40.713834784975,47.5,-35.5));
#8739=CARTESIAN_POINT('',(-40.713834784975,47.5,-35.5));
#8740=CARTESIAN_POINT('',(-40.713834784975,47.5,-17.75));
#8741=CARTESIAN_POINT('',(-40.713834784975,47.5,-35.5));
#8742=CARTESIAN_POINT('Origin',(39.436165215025,47.5,-35.5));
#8743=CARTESIAN_POINT('',(19.7180826075125,47.5,-35.5));
#8744=CARTESIAN_POINT('Origin',(42.936165215025,47.5,28.15));
#8745=CARTESIAN_POINT('',(-44.213834784975,47.5,28.15));
#8746=CARTESIAN_POINT('',(42.936165215025,47.5,28.15));
#8747=CARTESIAN_POINT('',(21.4680826075125,47.5,28.15));
#8748=CARTESIAN_POINT('',(-44.213834784975,47.5,28.15));
#8749=CARTESIAN_POINT('',(42.936165215025,47.5,28.15));
#8750=CARTESIAN_POINT('Origin',(42.936165215025,47.5,-39.));
#8751=CARTESIAN_POINT('',(42.936165215025,47.5,-39.));
#8752=CARTESIAN_POINT('',(42.936165215025,47.5,-19.5));
#8753=CARTESIAN_POINT('',(42.936165215025,41.25,-39.));
#8754=CARTESIAN_POINT('Origin',(-44.213834784975,47.5,28.15));
#8755=CARTESIAN_POINT('',(-44.213834784975,47.5,-39.));
#8756=CARTESIAN_POINT('',(-44.213834784975,47.5,14.075));
#8757=CARTESIAN_POINT('',(-44.213834784975,41.25,-39.));
#8758=CARTESIAN_POINT('Origin',(60.,35.,-39.));
#8759=CARTESIAN_POINT('',(-52.,47.5,-39.));
#8760=CARTESIAN_POINT('',(30.,47.5,-39.));
#8761=CARTESIAN_POINT('',(-52.,35.,-39.));
#8762=CARTESIAN_POINT('',(-52.,35.,-39.));
#8763=CARTESIAN_POINT('',(52.,35.,-39.));
#8764=CARTESIAN_POINT('',(30.,35.,-39.));
#8765=CARTESIAN_POINT('',(52.,47.5,-39.));
#8766=CARTESIAN_POINT('',(52.,35.,-39.));
#8767=CARTESIAN_POINT('',(30.,47.5,-39.));
#8768=CARTESIAN_POINT('Origin',(0.,47.5,0.));
#8769=CARTESIAN_POINT('Origin',(-32.4677198137036,51.,37.586087734266));
#8770=CARTESIAN_POINT('',(-32.4677198137036,45.999886766113,39.0000000018317));
#8771=CARTESIAN_POINT('',(-32.4677198137036,35.,39.0000000018317));
#8772=CARTESIAN_POINT('',(-32.4677198137036,29.5,39.0000000018317));
#8773=CARTESIAN_POINT('',(-32.4677198137036,46.,39.));
#8774=CARTESIAN_POINT('Origin',(-32.4677198137036,46.,42.5));
#8775=CARTESIAN_POINT('',(-32.4677198137036,47.5,39.));
#8776=CARTESIAN_POINT('',(-32.4677198137036,43.,39.));
#8777=CARTESIAN_POINT('',(-32.4677198137036,47.5,37.586087734266));
#8778=CARTESIAN_POINT('',(-32.4677198137036,47.5,18.793043867133));
#8779=CARTESIAN_POINT('',(-32.4677198137036,35.,37.586087734266));
#8780=CARTESIAN_POINT('',(-32.4677198137036,17.2893666816122,37.586087734266));
#8781=CARTESIAN_POINT('',(-32.4677198137036,35.,37.586087734266));
#8782=CARTESIAN_POINT('Origin',(-26.0247198137036,51.,37.586087734266));
#8783=CARTESIAN_POINT('',(-30.2995592299137,35.,37.586087734266));
#8784=CARTESIAN_POINT('',(-30.2995592299137,47.5,37.586087734266));
#8785=CARTESIAN_POINT('',(-30.2995592299137,48.7679735554418,37.586087734266));
#8786=CARTESIAN_POINT('',(-26.0247198137036,35.,37.586087734266));
#8787=CARTESIAN_POINT('',(-13.0123599068518,47.5,37.586087734266));
#8788=CARTESIAN_POINT('Origin',(-26.0247198137036,51.,37.586087734266));
#8789=CARTESIAN_POINT('',(-26.0268481692486,51.,37.586087734266));
#8790=CARTESIAN_POINT('',(-26.0268481692486,35.,37.586087734266));
#8791=CARTESIAN_POINT('',(-26.0268481692486,48.7679735554418,37.586087734266));
#8792=CARTESIAN_POINT('',(-26.0247198137036,51.,37.586087734266));
#8793=CARTESIAN_POINT('',(-26.0247198137036,51.,37.586087734266));
#8794=CARTESIAN_POINT('',(-26.0247198137036,35.,37.586087734266));
#8795=CARTESIAN_POINT('',(-26.0247198137036,17.2893666816122,37.586087734266));
#8796=CARTESIAN_POINT('',(-26.0247198137036,35.,37.586087734266));
#8797=CARTESIAN_POINT('Origin',(0.,51.,0.));
#8798=CARTESIAN_POINT('',(-27.0771594765632,51.,39.086087734266));
#8799=CARTESIAN_POINT('',(27.0771594765632,51.,39.086087734266));
#8800=CARTESIAN_POINT('',(26.0229763669081,51.,39.086087734266));
#8801=CARTESIAN_POINT('',(29.4670330033804,51.,42.4991808479557));
#8802=CARTESIAN_POINT('',(13.7754481527409,51.,20.0892752208901));
#8803=CARTESIAN_POINT('',(29.4658631330211,51.,42.5));
#8804=CARTESIAN_POINT('',(29.5647366978031,51.,42.43076798461));
#8805=CARTESIAN_POINT('',(52.,51.,42.5));
#8806=CARTESIAN_POINT('',(-60.,51.,42.5));
#8807=CARTESIAN_POINT('',(60.,51.,34.5));
#8808=CARTESIAN_POINT('Origin',(52.,51.,34.5));
#8809=CARTESIAN_POINT('',(60.,51.,-34.5));
#8810=CARTESIAN_POINT('',(60.,51.,42.5));
#8811=CARTESIAN_POINT('',(52.,51.,-42.5));
#8812=CARTESIAN_POINT('Origin',(52.,51.,-34.5));
#8813=CARTESIAN_POINT('',(-52.,51.,-42.5));
#8814=CARTESIAN_POINT('',(60.,51.,-42.5));
#8815=CARTESIAN_POINT('',(-60.,51.,-34.5));
#8816=CARTESIAN_POINT('Origin',(-52.,51.,-34.5));
#8817=CARTESIAN_POINT('',(-60.,51.,34.5));
#8818=CARTESIAN_POINT('',(-60.,51.,-42.5));
#8819=CARTESIAN_POINT('',(-52.,51.,42.5));
#8820=CARTESIAN_POINT('Origin',(-52.,51.,34.5));
#8821=CARTESIAN_POINT('',(-29.4676065798167,51.,42.5));
#8822=CARTESIAN_POINT('',(-60.,51.,42.5));
#8823=CARTESIAN_POINT('',(-13.7758783350681,51.,20.0898895849234));
#8824=CARTESIAN_POINT('',(53.9101997986061,51.,31.5132370071045));
#8825=CARTESIAN_POINT('Origin',(52.2851997986061,51.,31.5132370071045));
#8826=CARTESIAN_POINT('',(-48.3766717519632,51.,31.4977341977662));
#8827=CARTESIAN_POINT('Origin',(-50.0016717519632,51.,31.4977341977662));
#8828=CARTESIAN_POINT('',(-26.0261479617104,51.,37.585087734266));
#8829=CARTESIAN_POINT('',(-13.7758783350681,51.,20.0898895849234));
#8830=CARTESIAN_POINT('',(-26.1238516561332,51.,37.5166748709203));
#8831=CARTESIAN_POINT('',(26.0229763669081,51.,37.586087734266));
#8832=CARTESIAN_POINT('',(26.0255743852741,51.,37.5842685822218));
#8833=CARTESIAN_POINT('',(26.1232780796969,51.,37.515855718876));
#8834=CARTESIAN_POINT('',(26.0268481692487,51.,37.586087734266));
#8835=CARTESIAN_POINT('',(13.7754481527409,51.,20.0892752208901));
#8836=CARTESIAN_POINT('',(26.0229763669081,51.,37.586087734266));
#8837=CARTESIAN_POINT('Origin',(-27.7471640589817,46.5359471108836,40.0429534431552));
#8838=CARTESIAN_POINT('',(-26.0261479617104,35.,37.585087734266));
#8839=CARTESIAN_POINT('',(-16.1634336838537,35.,23.499671997278));
#8840=CARTESIAN_POINT('',(-26.0261479617104,74.7212589707385,37.585087734266));
#8841=CARTESIAN_POINT('Origin',(-9.02360699594483E-32,35.,10.1631333309346));
#8842=CARTESIAN_POINT('',(44.6753524674313,35.,42.5));
#8843=CARTESIAN_POINT('',(32.2342572895532,35.,60.2677252799755));
#8844=CARTESIAN_POINT('',(44.9765635953843,35.,42.0698259280053));
#8845=CARTESIAN_POINT('',(27.3193450238193,35.,62.8262666618692));
#8846=CARTESIAN_POINT('Origin',(27.3193450238193,35.,56.8262666618692));
#8847=CARTESIAN_POINT('',(-27.3193450238192,35.,62.8262666618692));
#8848=CARTESIAN_POINT('',(-15.2213736635649,35.,62.8262666618692));
#8849=CARTESIAN_POINT('',(-32.2342572895532,35.,60.2677252799755));
#8850=CARTESIAN_POINT('Origin',(-27.3193450238192,35.,56.8262666618692));
#8851=CARTESIAN_POINT('',(-44.6753524674312,35.,42.5));
#8852=CARTESIAN_POINT('',(-44.9765635953843,35.,42.0698259280053));
#8853=CARTESIAN_POINT('',(-48.3376762337156,35.,42.5));
#8854=CARTESIAN_POINT('',(-30.,35.,42.5));
#8855=CARTESIAN_POINT('',(-48.3376762337156,35.,40.8));
#8856=CARTESIAN_POINT('',(-48.3376762337156,35.,25.4815666654673));
#8857=CARTESIAN_POINT('',(-52.,35.,40.8));
#8858=CARTESIAN_POINT('',(-26.,35.,40.8));
#8859=CARTESIAN_POINT('',(-58.3,35.,34.5));
#8860=CARTESIAN_POINT('Origin',(-52.,35.,34.5));
#8861=CARTESIAN_POINT('',(-58.3,35.,-34.5));
#8862=CARTESIAN_POINT('',(-58.3,35.,22.3315666654673));
#8863=CARTESIAN_POINT('',(-52.,35.,-40.8));
#8864=CARTESIAN_POINT('Origin',(-52.,35.,-34.5));
#8865=CARTESIAN_POINT('',(52.,35.,-40.8));
#8866=CARTESIAN_POINT('',(-26.,35.,-40.8));
#8867=CARTESIAN_POINT('',(58.3,35.,-34.5));
#8868=CARTESIAN_POINT('Origin',(52.,35.,-34.5));
#8869=CARTESIAN_POINT('',(58.3,35.,34.5));
#8870=CARTESIAN_POINT('',(58.3,35.,-12.1684333345327));
#8871=CARTESIAN_POINT('',(52.,35.,40.8));
#8872=CARTESIAN_POINT('Origin',(52.,35.,34.5));
#8873=CARTESIAN_POINT('',(48.2704340273114,35.,40.8));
#8874=CARTESIAN_POINT('',(26.,35.,40.8));
#8875=CARTESIAN_POINT('',(48.2704340273114,35.,42.5));
#8876=CARTESIAN_POINT('',(48.2704340273114,35.,26.3315666654673));
#8877=CARTESIAN_POINT('',(-30.,35.,42.5));
#8878=CARTESIAN_POINT('',(-23.7362963073475,35.,39.1884591240329));
#8879=CARTESIAN_POINT('',(27.0771594765632,35.,39.086087734266));
#8880=CARTESIAN_POINT('',(-27.0771594765632,35.,39.086087734266));
#8881=CARTESIAN_POINT('',(-26.0247198137036,35.,39.086087734266));
#8882=CARTESIAN_POINT('',(-29.4676065798167,35.,42.5));
#8883=CARTESIAN_POINT('',(-16.1634336838537,35.,23.499671997278));
#8884=CARTESIAN_POINT('',(-32.4676065798167,35.,42.5));
#8885=CARTESIAN_POINT('',(-30.,35.,42.5));
#8886=CARTESIAN_POINT('',(-24.0427368466633,35.,54.531960916465));
#8887=CARTESIAN_POINT('',(-36.7850431524943,35.,36.3340615644949));
#8888=CARTESIAN_POINT('',(-19.1278245809293,35.,57.0905022983587));
#8889=CARTESIAN_POINT('Origin',(-19.1278245809293,35.,51.0905022983587));
#8890=CARTESIAN_POINT('',(19.1278245809293,35.,57.0905022983588));
#8891=CARTESIAN_POINT('',(-11.1256134421199,35.,57.0905022983587));
#8892=CARTESIAN_POINT('',(24.0427368466633,35.,54.531960916465));
#8893=CARTESIAN_POINT('Origin',(19.1278245809293,35.,51.0905022983588));
#8894=CARTESIAN_POINT('',(32.4676065798167,35.,42.5));
#8895=CARTESIAN_POINT('',(36.7850431524944,35.,36.3340615644949));
#8896=CARTESIAN_POINT('',(29.4658631330211,35.,42.5));
#8897=CARTESIAN_POINT('',(-30.,35.,42.5));
#8898=CARTESIAN_POINT('',(29.4670330033804,35.,42.4991808479557));
#8899=CARTESIAN_POINT('',(27.1771813490175,35.,44.1025522377226));
#8900=CARTESIAN_POINT('',(16.1630035015265,35.,23.4990576332448));
#8901=CARTESIAN_POINT('',(26.0229763669081,35.,37.586087734266));
#8902=CARTESIAN_POINT('',(26.0268481692487,35.,37.586087734266));
#8903=CARTESIAN_POINT('',(26.0229763669081,35.,37.586087734266));
#8904=CARTESIAN_POINT('',(26.0255743852741,35.,37.5842685822218));
#8905=CARTESIAN_POINT('',(16.1630035015265,35.,23.4990576332448));
#8906=CARTESIAN_POINT('',(23.7357227309112,35.,39.1876399719886));
#8907=CARTESIAN_POINT('',(-28.8931801167219,35.,35.5775702070374));
#8908=CARTESIAN_POINT('',(-19.0304658388652,35.,21.4921544700494));
#8909=CARTESIAN_POINT('',(-25.9424879354135,35.,34.086087734266));
#8910=CARTESIAN_POINT('Origin',(-26.0261479617104,35.,37.585087734266));
#8911=CARTESIAN_POINT('',(25.9127437378602,35.,34.086087734266));
#8912=CARTESIAN_POINT('',(-13.0130739808552,35.,34.086087734266));
#8913=CARTESIAN_POINT('',(28.8926065402856,35.,35.5767510549931));
#8914=CARTESIAN_POINT('Origin',(26.0255743852741,35.,37.5842685822218));
#8915=CARTESIAN_POINT('',(30.2995592299138,35.,37.586087734266));
#8916=CARTESIAN_POINT('',(19.030035656538,35.,21.4915401060162));
#8917=CARTESIAN_POINT('',(32.4679763669081,35.,37.586087734266));
#8918=CARTESIAN_POINT('',(26.0229763669081,35.,37.586087734266));
#8919=CARTESIAN_POINT('',(32.4679763669081,35.,39.0000000195346));
#8920=CARTESIAN_POINT('',(32.4679763669081,35.,37.586087734266));
#8921=CARTESIAN_POINT('',(35.9676065798167,35.,42.5));
#8922=CARTESIAN_POINT('Origin',(32.4676065798167,35.,42.5));
#8923=CARTESIAN_POINT('',(40.4026414067662,35.,42.5));
#8924=CARTESIAN_POINT('',(-7.60892088204705,35.,42.5));
#8925=CARTESIAN_POINT('',(41.8083203124198,35.,40.4924824727713));
#8926=CARTESIAN_POINT('',(42.1095314403728,35.,40.0623084007767));
#8927=CARTESIAN_POINT('',(44.6753524674313,35.,39.));
#8928=CARTESIAN_POINT('Origin',(44.6753524674313,35.,42.5));
#8929=CARTESIAN_POINT('',(52.,35.,39.));
#8930=CARTESIAN_POINT('',(-30.,35.,39.));
#8931=CARTESIAN_POINT('',(56.5,35.,34.5));
#8932=CARTESIAN_POINT('Origin',(52.,35.,34.5));
#8933=CARTESIAN_POINT('',(56.5,35.,-34.5));
#8934=CARTESIAN_POINT('',(56.5,35.,26.3315666654673));
#8935=CARTESIAN_POINT('Origin',(52.,35.,-34.5));
#8936=CARTESIAN_POINT('',(-56.5,35.,-34.5));
#8937=CARTESIAN_POINT('Origin',(-52.,35.,-34.5));
#8938=CARTESIAN_POINT('',(-56.5,35.,34.5));
#8939=CARTESIAN_POINT('',(-56.5,35.,-16.1684333345327));
#8940=CARTESIAN_POINT('',(-52.,35.,39.));
#8941=CARTESIAN_POINT('Origin',(-52.,35.,34.5));
#8942=CARTESIAN_POINT('',(-44.6753524674312,35.,39.));
#8943=CARTESIAN_POINT('',(-30.,35.,39.));
#8944=CARTESIAN_POINT('',(-41.8083203124198,35.,40.4924824727713));
#8945=CARTESIAN_POINT('Origin',(-44.6753524674312,35.,42.5));
#8946=CARTESIAN_POINT('',(-40.4026414067661,35.,42.5));
#8947=CARTESIAN_POINT('',(-42.1095314403728,35.,40.0623084007767));
#8948=CARTESIAN_POINT('',(-35.9676065798167,35.,42.5));
#8949=CARTESIAN_POINT('',(-48.295318896508,35.,42.5));
#8950=CARTESIAN_POINT('Origin',(-32.4676065798167,35.,42.5));
#8951=CARTESIAN_POINT('Origin',(-30.6141962139932,46.5359471108836,38.0354359159265));
#8952=CARTESIAN_POINT('',(-28.8931801167219,47.5,35.5775702070374));
#8953=CARTESIAN_POINT('',(-16.6429104900795,47.5,18.0823720576947));
#8954=CARTESIAN_POINT('',(-28.8931801167219,74.7212589707385,35.5775702070374));
#8955=CARTESIAN_POINT('Origin',(32.4679763669081,35.,37.586087734266));
#8956=CARTESIAN_POINT('',(32.4679763669081,47.5,39.));
#8957=CARTESIAN_POINT('',(32.4679763669081,47.5,37.586087734266));
#8958=CARTESIAN_POINT('',(32.4679763669081,47.5,18.793043867133));
#8959=CARTESIAN_POINT('',(32.4679763669081,46.,39.));
#8960=CARTESIAN_POINT('',(32.4679763669081,35.,39.));
#8961=CARTESIAN_POINT('',(32.4679763669081,45.9996302129086,39.0000000195346));
#8962=CARTESIAN_POINT('Origin',(32.4679763669081,46.,42.5));
#8963=CARTESIAN_POINT('',(32.4679763669081,40.5,39.0000000195346));
#8964=CARTESIAN_POINT('',(32.4679763669081,35.5754190507251,37.586087734266));
#8965=CARTESIAN_POINT('Origin',(26.0229763669081,35.,37.586087734266));
#8966=CARTESIAN_POINT('',(26.0268481692487,34.3293896280472,37.586087734266));
#8967=CARTESIAN_POINT('',(26.0229763669081,35.5754190507251,37.586087734266));
#8968=CARTESIAN_POINT('Origin',(26.0229763669081,35.,37.586087734266));
#8969=CARTESIAN_POINT('',(30.2995592299138,47.5,37.586087734266));
#8970=CARTESIAN_POINT('',(13.0114881834541,47.5,37.586087734266));
#8971=CARTESIAN_POINT('',(30.2995592299138,34.3293896280472,37.586087734266));
#8972=CARTESIAN_POINT('Origin',(0.,47.5,0.));
#8973=CARTESIAN_POINT('',(56.5,47.5,-34.5));
#8974=CARTESIAN_POINT('Origin',(52.,47.5,-34.5));
#8975=CARTESIAN_POINT('',(56.5,47.5,34.5));
#8976=CARTESIAN_POINT('',(56.5,47.5,21.25));
#8977=CARTESIAN_POINT('',(52.,47.5,39.));
#8978=CARTESIAN_POINT('Origin',(52.,47.5,34.5));
#8979=CARTESIAN_POINT('',(-30.,47.5,39.));
#8980=CARTESIAN_POINT('',(28.8926065402856,47.5,35.5767510549931));
#8981=CARTESIAN_POINT('',(16.6424803077523,47.5,18.0817576936615));
#8982=CARTESIAN_POINT('',(25.9127437378601,47.5,34.086087734266));
#8983=CARTESIAN_POINT('Origin',(26.0255743852741,47.5,37.5842685822218));
#8984=CARTESIAN_POINT('',(-25.9424879354134,47.5,34.086087734266));
#8985=CARTESIAN_POINT('',(-13.0130739808552,47.5,34.086087734266));
#8986=CARTESIAN_POINT('Origin',(-26.0261479617104,47.5,37.585087734266));
#8987=CARTESIAN_POINT('',(-52.,47.5,39.));
#8988=CARTESIAN_POINT('',(-30.,47.5,39.));
#8989=CARTESIAN_POINT('',(-56.5,47.5,34.5));
#8990=CARTESIAN_POINT('Origin',(-52.,47.5,34.5));
#8991=CARTESIAN_POINT('',(-56.5,47.5,-34.5));
#8992=CARTESIAN_POINT('',(-56.5,47.5,-21.25));
#8993=CARTESIAN_POINT('Origin',(-52.,47.5,-34.5));
#8994=CARTESIAN_POINT('',(-46.5016717519632,47.5,31.4977341977662));
#8995=CARTESIAN_POINT('Origin',(-50.0016717519632,47.5,31.4977341977662));
#8996=CARTESIAN_POINT('',(55.7851997986061,47.5,31.5132370071045));
#8997=CARTESIAN_POINT('Origin',(52.2851997986061,47.5,31.5132370071045));
#8998=CARTESIAN_POINT('Origin',(30.6133358493387,33.6587792560944,38.0342071878601));
#8999=CARTESIAN_POINT('',(28.8926065402856,12.3948185229342,35.5767510549931));
#9000=CARTESIAN_POINT('Origin',(27.7463036943272,33.6587792560944,40.0417247150887));
#9001=CARTESIAN_POINT('',(27.0771594765632,42.3293896280472,39.086087734266));
#9002=CARTESIAN_POINT('',(29.4670330033804,54.9227399892546,42.4991808479557));
#9003=CARTESIAN_POINT('Origin',(27.7463036943272,33.6587792560944,40.0417247150887));
#9004=CARTESIAN_POINT('',(26.0255743852741,12.3948185229342,37.5842685822218));
#9005=CARTESIAN_POINT('Origin',(-26.0261479617104,16.2280981121957,39.086087734266));
#9006=CARTESIAN_POINT('',(-27.0771594765631,40.7679735554418,39.086087734266));
#9007=CARTESIAN_POINT('Origin',(52.2851997986061,51.,31.5132370071045));
#9008=CARTESIAN_POINT('',(55.7851997986061,41.,31.5132370071045));
#9009=CARTESIAN_POINT('Origin',(52.2851997986061,41.,31.5132370071045));
#9010=CARTESIAN_POINT('',(55.7851997986061,51.,31.5132370071045));
#9011=CARTESIAN_POINT('Origin',(52.2851997986061,41.,31.5132370071045));
#9012=CARTESIAN_POINT('',(53.9101997986061,41.,31.5132370071045));
#9013=CARTESIAN_POINT('Origin',(52.2851997986061,41.,31.5132370071045));
#9014=CARTESIAN_POINT('Origin',(-50.0016717519632,51.,31.4977341977662));
#9015=CARTESIAN_POINT('',(-46.5016717519632,41.,31.4977341977662));
#9016=CARTESIAN_POINT('Origin',(-50.0016717519632,41.,31.4977341977662));
#9017=CARTESIAN_POINT('',(-46.5016717519632,51.,31.4977341977662));
#9018=CARTESIAN_POINT('Origin',(-50.0016717519632,41.,31.4977341977662));
#9019=CARTESIAN_POINT('',(-48.3766717519632,41.,31.4977341977662));
#9020=CARTESIAN_POINT('Origin',(-50.0016717519632,41.,31.4977341977662));
#9021=CARTESIAN_POINT('Origin',(52.2851997986061,51.,31.5132370071045));
#9022=CARTESIAN_POINT('',(53.9101997986061,51.,31.5132370071045));
#9023=CARTESIAN_POINT('Origin',(-50.0016717519632,51.,31.4977341977662));
#9024=CARTESIAN_POINT('',(-48.3766717519632,51.,31.4977341977662));
#9025=CARTESIAN_POINT('Origin',(44.7821582359059,43.,42.3474655546444));
#9026=CARTESIAN_POINT('',(-27.3193450238192,43.,62.8262666618692));
#9027=CARTESIAN_POINT('',(-32.2342572895532,43.,60.2677252799755));
#9028=CARTESIAN_POINT('Origin',(-27.3193450238192,43.,56.8262666618692));
#9029=CARTESIAN_POINT('',(27.3193450238193,43.,62.8262666618692));
#9030=CARTESIAN_POINT('',(7.1697054543881,43.,62.8262666618692));
#9031=CARTESIAN_POINT('',(32.2342572895532,43.,60.2677252799755));
#9032=CARTESIAN_POINT('Origin',(27.3193450238193,43.,56.8262666618692));
#9033=CARTESIAN_POINT('',(44.6753524674313,43.,42.5));
#9034=CARTESIAN_POINT('',(44.7821582359059,43.,42.3474655546444));
#9035=CARTESIAN_POINT('',(32.4676065798167,43.,42.5));
#9036=CARTESIAN_POINT('',(-7.60892088204705,43.,42.5));
#9037=CARTESIAN_POINT('',(24.0427368466633,43.,54.531960916465));
#9038=CARTESIAN_POINT('',(36.590637793016,43.,36.611701191134));
#9039=CARTESIAN_POINT('',(19.1278245809293,43.,57.0905022983588));
#9040=CARTESIAN_POINT('Origin',(19.1278245809293,43.,51.0905022983588));
#9041=CARTESIAN_POINT('',(-19.1278245809293,43.,57.0905022983587));
#9042=CARTESIAN_POINT('',(11.2654656758331,43.,57.0905022983588));
#9043=CARTESIAN_POINT('',(-24.0427368466633,43.,54.531960916465));
#9044=CARTESIAN_POINT('Origin',(-19.1278245809293,43.,51.0905022983587));
#9045=CARTESIAN_POINT('',(-32.4676065798167,43.,42.5));
#9046=CARTESIAN_POINT('',(-21.8577587642016,43.,57.6524330097078));
#9047=CARTESIAN_POINT('',(-44.6753524674312,43.,42.5));
#9048=CARTESIAN_POINT('',(-48.295318896508,43.,42.5));
#9049=CARTESIAN_POINT('',(-30.0492792070916,43.,63.3881973732182));
#9050=CARTESIAN_POINT('Origin',(44.7821582359059,24.,42.3474655546444));
#9051=CARTESIAN_POINT('',(32.2342572895532,24.,60.2677252799755));
#9052=CARTESIAN_POINT('',(44.6753524674313,29.5,42.5));
#9053=CARTESIAN_POINT('Origin',(27.3193450238193,24.,56.8262666618692));
#9054=CARTESIAN_POINT('',(27.3193450238193,24.,62.8262666618692));
#9055=CARTESIAN_POINT('Origin',(-30.4427473271297,24.,62.8262666618692));
#9056=CARTESIAN_POINT('',(-27.3193450238192,35.,62.8262666618692));
#9057=CARTESIAN_POINT('Origin',(-27.3193450238192,35.,56.8262666618692));
#9058=CARTESIAN_POINT('',(-32.2342572895532,35.,60.2677252799755));
#9059=CARTESIAN_POINT('Origin',(-44.7821582359059,46.,42.3474655546444));
#9060=CARTESIAN_POINT('',(-44.6753524674312,40.5,42.5));
#9061=CARTESIAN_POINT('Origin',(32.4676065798167,46.,42.5));
#9062=CARTESIAN_POINT('',(35.9676065798167,42.5,42.5));
#9063=CARTESIAN_POINT('',(35.9676065798167,40.5,42.5));
#9064=CARTESIAN_POINT('',(40.4026414067662,42.5,42.5));
#9065=CARTESIAN_POINT('',(-7.60892088204705,42.5,42.5));
#9066=CARTESIAN_POINT('',(40.4026414067662,35.,42.5));
#9067=CARTESIAN_POINT('Origin',(-44.6753524674312,46.,42.5));
#9068=CARTESIAN_POINT('',(-35.9676065798167,42.5,42.5));
#9069=CARTESIAN_POINT('',(-35.9676065798167,29.5,42.5));
#9070=CARTESIAN_POINT('',(-40.4026414067661,42.5,42.5));
#9071=CARTESIAN_POINT('',(-40.4026414067661,46.,42.5));
#9072=CARTESIAN_POINT('',(-48.295318896508,42.5,42.5));
#9073=CARTESIAN_POINT('Origin',(-32.4676065798167,29.5,42.5));
#9074=CARTESIAN_POINT('Origin',(-32.4676065798167,46.,42.5));
#9075=CARTESIAN_POINT('Origin',(-41.9151260808944,46.,40.3399480274157));
#9076=CARTESIAN_POINT('',(-41.8083203124198,43.1329678449885,40.4924824727713));
#9077=CARTESIAN_POINT('',(-41.8083203124198,40.5,40.4924824727713));
#9078=CARTESIAN_POINT('Origin',(-40.4026414067661,46.,42.5));
#9079=CARTESIAN_POINT('Origin',(52.,35.,40.8));
#9080=CARTESIAN_POINT('',(52.,32.5,40.8));
#9081=CARTESIAN_POINT('',(52.,35.,40.8));
#9082=CARTESIAN_POINT('',(48.2704340273114,32.5,40.8));
#9083=CARTESIAN_POINT('',(52.,32.5,40.8));
#9084=CARTESIAN_POINT('',(48.2704340273114,35.,40.8));
#9085=CARTESIAN_POINT('Origin',(52.,33.75,34.5));
#9086=CARTESIAN_POINT('',(58.3,32.5,34.5));
#9087=CARTESIAN_POINT('',(58.3,35.,34.5));
#9088=CARTESIAN_POINT('Origin',(52.,32.5,34.5));
#9089=CARTESIAN_POINT('Origin',(58.3,35.,-34.5));
#9090=CARTESIAN_POINT('',(58.3,32.5,-34.5));
#9091=CARTESIAN_POINT('',(58.3,35.,-34.5));
#9092=CARTESIAN_POINT('',(58.3,32.5,-34.5));
#9093=CARTESIAN_POINT('Origin',(52.,33.75,-34.5));
#9094=CARTESIAN_POINT('',(52.,32.5,-40.8));
#9095=CARTESIAN_POINT('',(52.,35.,-40.8));
#9096=CARTESIAN_POINT('Origin',(52.,32.5,-34.5));
#9097=CARTESIAN_POINT('Origin',(-52.,35.,-40.8));
#9098=CARTESIAN_POINT('',(-52.,32.5,-40.8));
#9099=CARTESIAN_POINT('',(-52.,35.,-40.8));
#9100=CARTESIAN_POINT('',(-52.,32.5,-40.8));
#9101=CARTESIAN_POINT('Origin',(-52.,33.75,-34.5));
#9102=CARTESIAN_POINT('',(-58.3,32.5,-34.5));
#9103=CARTESIAN_POINT('',(-58.3,35.,-34.5));
#9104=CARTESIAN_POINT('Origin',(-52.,32.5,-34.5));
#9105=CARTESIAN_POINT('Origin',(-58.3,35.,34.5));
#9106=CARTESIAN_POINT('',(-58.3,32.5,34.5));
#9107=CARTESIAN_POINT('',(-58.3,35.,34.5));
#9108=CARTESIAN_POINT('',(-58.3,32.5,34.5));
#9109=CARTESIAN_POINT('Origin',(-52.,33.75,34.5));
#9110=CARTESIAN_POINT('',(-52.,32.5,40.8));
#9111=CARTESIAN_POINT('',(-52.,35.,40.8));
#9112=CARTESIAN_POINT('Origin',(-52.,32.5,34.5));
#9113=CARTESIAN_POINT('Origin',(48.2704340273114,35.,42.5));
#9114=CARTESIAN_POINT('',(48.2704340273114,32.5,42.5));
#9115=CARTESIAN_POINT('',(48.2704340273114,32.5,42.5));
#9116=CARTESIAN_POINT('',(48.2704340273114,35.,42.5));
#9117=CARTESIAN_POINT('Origin',(-48.3376762337156,35.,40.8));
#9118=CARTESIAN_POINT('',(-48.3376762337156,32.5,42.5));
#9119=CARTESIAN_POINT('',(-48.3376762337156,35.,42.5));
#9120=CARTESIAN_POINT('',(-48.3376762337156,32.5,40.8));
#9121=CARTESIAN_POINT('',(-48.3376762337156,32.5,40.8));
#9122=CARTESIAN_POINT('',(-48.3376762337156,35.,40.8));
#9123=CARTESIAN_POINT('Origin',(-52.,35.,40.8));
#9124=CARTESIAN_POINT('',(-52.,32.5,40.8));
#9125=CARTESIAN_POINT('Origin',(-50.1688381168578,32.5,41.65));
#9126=CARTESIAN_POINT('',(-52.,32.5,42.5));
#9127=CARTESIAN_POINT('',(-48.3376762337156,32.5,42.5));
#9128=CARTESIAN_POINT('',(-60.,32.5,34.5));
#9129=CARTESIAN_POINT('Origin',(-52.,32.5,34.5));
#9130=CARTESIAN_POINT('',(-60.,32.5,-34.5));
#9131=CARTESIAN_POINT('',(-60.,32.5,34.5));
#9132=CARTESIAN_POINT('',(-52.,32.5,-42.5));
#9133=CARTESIAN_POINT('Origin',(-52.,32.5,-34.5));
#9134=CARTESIAN_POINT('',(52.,32.5,-42.5));
#9135=CARTESIAN_POINT('',(-52.,32.5,-42.5));
#9136=CARTESIAN_POINT('',(60.,32.5,-34.5));
#9137=CARTESIAN_POINT('Origin',(52.,32.5,-34.5));
#9138=CARTESIAN_POINT('',(60.,32.5,34.5));
#9139=CARTESIAN_POINT('',(60.,32.5,-34.5));
#9140=CARTESIAN_POINT('',(52.,32.5,42.5));
#9141=CARTESIAN_POINT('Origin',(52.,32.5,34.5));
#9142=CARTESIAN_POINT('',(52.,32.5,42.5));
#9143=CARTESIAN_POINT('Origin',(26.0255743852741,12.3948185229342,37.5842685822218));
#9144=CARTESIAN_POINT('',(25.9127437378601,12.3948185229342,34.086087734266));
#9145=CARTESIAN_POINT('Origin',(44.6753524674313,29.5,42.5));
#9146=CARTESIAN_POINT('',(41.8083203124198,43.1329678449885,40.4924824727713));
#9147=CARTESIAN_POINT('',(41.8083203124198,29.5,40.4924824727713));
#9148=CARTESIAN_POINT('',(44.6753524674313,46.,39.));
#9149=CARTESIAN_POINT('Origin',(44.6753524674313,46.,42.5));
#9150=CARTESIAN_POINT('',(44.6753524674313,29.5,39.));
#9151=CARTESIAN_POINT('Origin',(32.4676065798167,40.5,42.5));
#9152=CARTESIAN_POINT('Origin',(32.4676065798167,46.,42.5));
#9153=CARTESIAN_POINT('Origin',(-26.0261479617104,74.7212589707385,37.585087734266));
#9154=CARTESIAN_POINT('',(-25.9424879354134,74.7212589707385,34.086087734266));
#9155=CARTESIAN_POINT('Origin',(-7.60892088204705,46.,42.5));
#9156=CARTESIAN_POINT('',(-7.60892088204705,46.,39.));
#9157=CARTESIAN_POINT('Origin',(40.4026414067662,46.,42.5));
#9158=CARTESIAN_POINT('Origin',(-48.295318896508,46.,42.5));
#9159=CARTESIAN_POINT('',(-44.6753524674312,46.,39.));
#9160=CARTESIAN_POINT('Origin',(-44.6753524674312,46.,42.5));
#9161=CARTESIAN_POINT('',(-48.295318896508,46.,39.));
#9162=CARTESIAN_POINT('Origin',(-44.6753524674312,40.5,42.5));
#9163=CARTESIAN_POINT('',(-44.6753524674312,40.5,39.));
#9164=CARTESIAN_POINT('Origin',(-26.0261479617104,16.2280981121957,34.086087734266));
#9165=CARTESIAN_POINT('Origin',(41.9151260808944,24.,40.3399480274158));
#9166=CARTESIAN_POINT('Origin',(-60.,35.,39.));
#9167=CARTESIAN_POINT('',(52.,35.,39.));
#9168=CARTESIAN_POINT('Origin',(52.,35.,34.5));
#9169=CARTESIAN_POINT('',(56.5,35.,34.5));
#9170=CARTESIAN_POINT('Origin',(56.5,35.,42.5));
#9171=CARTESIAN_POINT('',(56.5,35.,-34.5));
#9172=CARTESIAN_POINT('Origin',(52.,35.,-34.5));
#9173=CARTESIAN_POINT('Origin',(-52.,35.,-34.5));
#9174=CARTESIAN_POINT('',(-56.5,35.,-34.5));
#9175=CARTESIAN_POINT('Origin',(-60.,35.,39.));
#9176=CARTESIAN_POINT('',(-52.,35.,39.));
#9177=CARTESIAN_POINT('Origin',(-52.,35.,34.5));
#9178=CARTESIAN_POINT('',(-56.5,35.,34.5));
#9179=CARTESIAN_POINT('Origin',(-56.5,35.,-42.5));
#9180=CARTESIAN_POINT('Origin',(-60.,35.,-42.5));
#9181=CARTESIAN_POINT('',(-60.,35.,34.5));
#9182=CARTESIAN_POINT('',(-60.,35.,-34.5));
#9183=CARTESIAN_POINT('Origin',(-52.,35.,34.5));
#9184=CARTESIAN_POINT('',(-52.,35.,42.5));
#9185=CARTESIAN_POINT('Origin',(-60.,35.,42.5));
#9186=CARTESIAN_POINT('',(-29.4676065798167,40.7679735554418,42.5));
#9187=CARTESIAN_POINT('',(-32.4676065798167,29.5,42.5));
#9188=CARTESIAN_POINT('Origin',(-22.2512268842398,46.,57.0905022983587));
#9189=CARTESIAN_POINT('',(19.1278245809293,46.,57.0905022983588));
#9190=CARTESIAN_POINT('',(-19.1278245809293,35.,57.0905022983587));
#9191=CARTESIAN_POINT('Origin',(-36.5906377930159,24.,36.6117011911339));
#9192=CARTESIAN_POINT('',(-24.0427368466633,35.,54.531960916465));
#9193=CARTESIAN_POINT('Origin',(-19.1278245809293,35.,51.0905022983587));
#9194=CARTESIAN_POINT('Origin',(-27.7471640589817,46.5359471108836,40.0429534431552));
#9195=CARTESIAN_POINT('Origin',(-26.0261479617104,18.3506352510287,37.585087734266));
#9196=CARTESIAN_POINT('Origin',(-52.,35.,-34.5));
#9197=CARTESIAN_POINT('',(-52.,35.,-42.5));
#9198=CARTESIAN_POINT('Origin',(60.,35.,-42.5));
#9199=CARTESIAN_POINT('',(52.,35.,-42.5));
#9200=CARTESIAN_POINT('Origin',(52.,35.,-34.5));
#9201=CARTESIAN_POINT('',(60.,35.,-34.5));
#9202=CARTESIAN_POINT('Origin',(60.,35.,42.5));
#9203=CARTESIAN_POINT('',(60.,35.,34.5));
#9204=CARTESIAN_POINT('Origin',(52.,35.,34.5));
#9205=CARTESIAN_POINT('',(52.,35.,42.5));
#9206=CARTESIAN_POINT('Origin',(-60.,35.,42.5));
#9207=CARTESIAN_POINT('',(32.4676065798167,40.5,42.5));
#9208=CARTESIAN_POINT('',(29.4658631330211,23.6974092614671,42.5));
#9209=CARTESIAN_POINT('Origin',(19.1278245809293,46.,51.0905022983588));
#9210=CARTESIAN_POINT('',(24.0427368466633,46.,54.531960916465));
#9211=CARTESIAN_POINT('Origin',(36.590637793016,46.,36.611701191134));
#9212=CARTESIAN_POINT('Origin',(29.4670330033804,12.3948185229342,42.4991808479557));
#9213=CARTESIAN_POINT('Origin',(26.0255743852741,54.9227399892546,37.5842685822218));
#9214=CARTESIAN_POINT('Origin',(38.1851239932915,15.75,40.8));
#9215=CARTESIAN_POINT('',(40.4026414067662,10.5,40.8));
#9216=CARTESIAN_POINT('',(35.9676065798167,10.5,40.8));
#9217=CARTESIAN_POINT('',(-11.704681103492,10.5,40.8));
#9218=CARTESIAN_POINT('',(35.9676065798167,21.,40.8));
#9219=CARTESIAN_POINT('',(35.9676065798167,23.5,40.8));
#9220=CARTESIAN_POINT('',(40.4026414067662,21.,40.8));
#9221=CARTESIAN_POINT('',(40.6329951302236,21.,40.8));
#9222=CARTESIAN_POINT('',(40.4026414067662,8.50000000000001,40.8));
#9223=CARTESIAN_POINT('Origin',(40.4026414067662,21.,42.5));
#9224=CARTESIAN_POINT('',(40.4026414067662,10.5,42.5));
#9225=CARTESIAN_POINT('',(40.4026414067662,21.,42.5));
#9226=CARTESIAN_POINT('',(40.4026414067662,8.50000000000001,42.5));
#9227=CARTESIAN_POINT('',(40.4026414067662,10.5,42.5));
#9228=CARTESIAN_POINT('',(40.4026414067662,21.,42.5));
#9229=CARTESIAN_POINT('Origin',(35.9676065798167,21.,42.5));
#9230=CARTESIAN_POINT('',(35.9676065798167,21.,42.5));
#9231=CARTESIAN_POINT('',(40.6329951302236,21.,42.5));
#9232=CARTESIAN_POINT('',(35.9676065798167,21.,42.5));
#9233=CARTESIAN_POINT('Origin',(35.9676065798167,10.5,42.5));
#9234=CARTESIAN_POINT('',(35.9676065798167,10.5,42.5));
#9235=CARTESIAN_POINT('',(35.9676065798167,23.5,42.5));
#9236=CARTESIAN_POINT('',(35.9676065798167,10.5,42.5));
#9237=CARTESIAN_POINT('Origin',(40.4026414067662,10.5,42.5));
#9238=CARTESIAN_POINT('',(-11.704681103492,10.5,42.5));
#9239=CARTESIAN_POINT('Origin',(38.1851239932915,15.75,42.5));
#9240=CARTESIAN_POINT('Origin',(-38.1577554635099,15.75,40.8));
#9241=CARTESIAN_POINT('',(-36.0122530917779,10.5,40.8));
#9242=CARTESIAN_POINT('',(-40.303257835242,10.5,40.8));
#9243=CARTESIAN_POINT('',(-52.3910791179529,10.5,40.8));
#9244=CARTESIAN_POINT('',(-40.303257835242,21.,40.8));
#9245=CARTESIAN_POINT('',(-40.303257835242,10.5,40.8));
#9246=CARTESIAN_POINT('',(-36.0122530917779,21.,40.8));
#9247=CARTESIAN_POINT('',(2.06151560659966,21.,40.8));
#9248=CARTESIAN_POINT('',(-36.0122530917779,21.,40.8));
#9249=CARTESIAN_POINT('Origin',(-36.0122530917779,21.,42.5));
#9250=CARTESIAN_POINT('',(-36.0122530917779,21.,42.5));
#9251=CARTESIAN_POINT('',(-36.0122530917779,10.5,42.5));
#9252=CARTESIAN_POINT('',(-36.0122530917779,21.,42.5));
#9253=CARTESIAN_POINT('',(-36.0122530917779,10.5,42.5));
#9254=CARTESIAN_POINT('',(-36.0122530917779,21.,42.5));
#9255=CARTESIAN_POINT('Origin',(-40.303257835242,21.,42.5));
#9256=CARTESIAN_POINT('',(-40.303257835242,21.,42.5));
#9257=CARTESIAN_POINT('',(2.06151560659966,21.,42.5));
#9258=CARTESIAN_POINT('',(-40.303257835242,21.,42.5));
#9259=CARTESIAN_POINT('Origin',(-40.303257835242,10.5,42.5));
#9260=CARTESIAN_POINT('',(-40.303257835242,10.5,42.5));
#9261=CARTESIAN_POINT('',(-40.303257835242,10.5,42.5));
#9262=CARTESIAN_POINT('',(-40.303257835242,10.5,42.5));
#9263=CARTESIAN_POINT('Origin',(-36.0122530917779,10.5,42.5));
#9264=CARTESIAN_POINT('',(-52.3910791179529,10.5,42.5));
#9265=CARTESIAN_POINT('Origin',(-38.1577554635099,15.75,42.5));
#9266=CARTESIAN_POINT('Origin',(52.,18.,-34.5));
#9267=CARTESIAN_POINT('',(52.,32.5,-42.5));
#9268=CARTESIAN_POINT('',(60.,32.5,-34.5));
#9269=CARTESIAN_POINT('Origin',(52.,32.5,-34.5));
#9270=CARTESIAN_POINT('',(60.,2.00000000000001,-34.5));
#9271=CARTESIAN_POINT('',(60.,18.,-34.5));
#9272=CARTESIAN_POINT('',(52.,2.00000000000001,-42.5));
#9273=CARTESIAN_POINT('Origin',(52.,2.00000000000001,-34.5));
#9274=CARTESIAN_POINT('',(52.,18.,-42.5));
#9275=CARTESIAN_POINT('',(58.4120547810647,19.2500000000001,-39.2838847691625));
#9276=CARTESIAN_POINT('',(59.9615026639872,19.2500000000001,-35.2838847691625));
#9277=CARTESIAN_POINT('Origin',(52.,19.25,-34.5));
#9278=CARTESIAN_POINT('',(59.9615026639872,28.2500000000001,-35.2838847691625));
#9279=CARTESIAN_POINT('',(59.9615026639872,18.,-35.2838847691625));
#9280=CARTESIAN_POINT('',(58.4120547810647,28.2500000000001,-39.2838847691625));
#9281=CARTESIAN_POINT('Origin',(52.,28.25,-34.5));
#9282=CARTESIAN_POINT('',(58.4120547810647,18.,-39.2838847691625));
#9283=CARTESIAN_POINT('Origin',(60.,18.,-42.5));
#9284=CARTESIAN_POINT('',(-52.,32.5,-42.5));
#9285=CARTESIAN_POINT('',(4.9155809415711,32.5,-42.5));
#9286=CARTESIAN_POINT('',(-52.,2.00000000000001,-42.5));
#9287=CARTESIAN_POINT('',(60.,2.00000000000001,-42.5));
#9288=CARTESIAN_POINT('',(-52.,18.,-42.5));
#9289=CARTESIAN_POINT('',(27.8785994434575,30.75,-42.5));
#9290=CARTESIAN_POINT('Origin',(27.3035994434575,30.75,-42.5));
#9291=CARTESIAN_POINT('',(51.2052624852315,16.75,-42.5));
#9292=CARTESIAN_POINT('Origin',(50.6302624852315,16.75,-42.5));
#9293=CARTESIAN_POINT('',(28.2052624852315,16.75,-42.5));
#9294=CARTESIAN_POINT('Origin',(27.6302624852315,16.75,-42.5));
#9295=CARTESIAN_POINT('',(50.8785994434575,30.75,-42.5));
#9296=CARTESIAN_POINT('Origin',(50.3035994434575,30.75,-42.5));
#9297=CARTESIAN_POINT('',(-29.326627311276,28.5384521009437,-42.5));
#9298=CARTESIAN_POINT('Origin',(-31.126627311276,28.5384521009437,-42.5));
#9299=CARTESIAN_POINT('',(-8.32662731127598,28.5384521009437,-42.5));
#9300=CARTESIAN_POINT('Origin',(-10.126627311276,28.5384521009437,-42.5));
#9301=CARTESIAN_POINT('',(-29.326627311276,7.5384521009437,-42.5));
#9302=CARTESIAN_POINT('Origin',(-31.126627311276,7.5384521009437,-42.5));
#9303=CARTESIAN_POINT('Origin',(-52.,18.,-34.5));
#9304=CARTESIAN_POINT('',(-60.,32.5,-34.5));
#9305=CARTESIAN_POINT('Origin',(-52.,32.5,-34.5));
#9306=CARTESIAN_POINT('',(-60.,2.00000000000001,-34.5));
#9307=CARTESIAN_POINT('Origin',(-52.,2.00000000000001,-34.5));
#9308=CARTESIAN_POINT('',(-60.,18.,-34.5));
#9309=CARTESIAN_POINT('Origin',(52.,2.00000000000001,-34.5));
#9310=CARTESIAN_POINT('',(-50.,2.00000000000001,-34.5));
#9311=CARTESIAN_POINT('',(-50.,4.,-34.5));
#9312=CARTESIAN_POINT('',(-50.,2.00000000000001,-34.5));
#9313=CARTESIAN_POINT('',(50.,2.00000000000001,-34.5));
#9314=CARTESIAN_POINT('',(26.,2.00000000000001,-34.5));
#9315=CARTESIAN_POINT('',(50.,4.,-34.5));
#9316=CARTESIAN_POINT('',(50.,2.00000000000001,-34.5));
#9317=CARTESIAN_POINT('',(52.,4.,-34.5));
#9318=CARTESIAN_POINT('Origin',(52.,2.00000000000001,34.5));
#9319=CARTESIAN_POINT('',(52.,4.,30.));
#9320=CARTESIAN_POINT('',(52.,2.00000000000001,30.));
#9321=CARTESIAN_POINT('',(52.,2.00000000000001,30.));
#9322=CARTESIAN_POINT('',(52.,4.,-32.5));
#9323=CARTESIAN_POINT('',(52.,4.,34.5));
#9324=CARTESIAN_POINT('',(52.,2.00000000000001,-32.5));
#9325=CARTESIAN_POINT('',(52.,2.00000000000001,-32.5));
#9326=CARTESIAN_POINT('',(52.,2.00000000000001,17.25));
#9327=CARTESIAN_POINT('Origin',(50.,2.00000000000001,-32.5));
#9328=CARTESIAN_POINT('Origin',(50.,4.,-32.5));
#9329=CARTESIAN_POINT('Origin',(50.,2.00000000000001,-32.5));
#9330=CARTESIAN_POINT('Origin',(-50.,2.00000000000001,-32.5));
#9331=CARTESIAN_POINT('',(-52.,4.,-32.5));
#9332=CARTESIAN_POINT('Origin',(-50.,4.,-32.5));
#9333=CARTESIAN_POINT('',(-52.,2.00000000000001,-32.5));
#9334=CARTESIAN_POINT('',(-52.,2.00000000000001,-32.5));
#9335=CARTESIAN_POINT('Origin',(-50.,2.00000000000001,-32.5));
#9336=CARTESIAN_POINT('Origin',(29.4670330033804,-4.60518147706576,42.4991808479557));
#9337=CARTESIAN_POINT('',(29.4658631330211,35.,42.5));
#9338=CARTESIAN_POINT('',(29.4670330033804,35.,42.4991808479557));
#9339=CARTESIAN_POINT('',(27.1771813490175,35.,44.1025522377226));
#9340=CARTESIAN_POINT('',(29.4670330033804,2.00000000000001,42.4991808479557));
#9341=CARTESIAN_POINT('',(29.4670330033804,18.,42.4991808479557));
#9342=CARTESIAN_POINT('',(29.4658631330211,2.00000000000001,42.5));
#9343=CARTESIAN_POINT('',(29.5647366978031,2.00000000000001,42.43076798461));
#9344=CARTESIAN_POINT('',(29.4658631330211,18.,42.5));
#9345=CARTESIAN_POINT('Origin',(-60.,18.,-42.5));
#9346=CARTESIAN_POINT('',(-60.,32.5,34.5));
#9347=CARTESIAN_POINT('',(-60.,32.5,-0.425));
#9348=CARTESIAN_POINT('',(-60.,2.00000000000001,34.5));
#9349=CARTESIAN_POINT('',(-60.,2.00000000000001,-42.5));
#9350=CARTESIAN_POINT('',(-60.,18.,34.5));
#9351=CARTESIAN_POINT('',(-60.,12.6740062993204,-29.1227246372587));
#9352=CARTESIAN_POINT('',(-60.,25.3736076421765,-29.1227246372587));
#9353=CARTESIAN_POINT('',(-60.,21.6868038210882,-29.1227246372587));
#9354=CARTESIAN_POINT('',(-60.,25.3736076421765,28.3944379356015));
#9355=CARTESIAN_POINT('',(-60.,25.3736076421765,-4.55278103219923));
#9356=CARTESIAN_POINT('',(-60.,20.3736076421765,33.3944379356015));
#9357=CARTESIAN_POINT('Origin',(-60.,20.3736076421765,28.3944379356015));
#9358=CARTESIAN_POINT('',(-60.,12.6740062993204,33.3944379356015));
#9359=CARTESIAN_POINT('',(-60.,12.8370031496602,33.3944379356015));
#9360=CARTESIAN_POINT('',(-60.,7.67400629932036,28.3944379356015));
#9361=CARTESIAN_POINT('Origin',(-60.,12.6740062993204,28.3944379356015));
#9362=CARTESIAN_POINT('',(-60.,7.67400629932036,-24.1227246372587));
#9363=CARTESIAN_POINT('',(-60.,7.67400629932036,-35.8113623186293));
#9364=CARTESIAN_POINT('Origin',(-60.,12.6740062993204,-24.1227246372587));
#9365=CARTESIAN_POINT('Origin',(-60.,18.,39.));
#9366=CARTESIAN_POINT('',(-32.4676065798167,35.,39.));
#9367=CARTESIAN_POINT('',(-31.2895912567478,35.,39.));
#9368=CARTESIAN_POINT('',(-30.,35.,39.));
#9369=CARTESIAN_POINT('',(-31.2895912567478,5.50000000000001,39.));
#9370=CARTESIAN_POINT('',(-31.2895912567478,18.,39.));
#9371=CARTESIAN_POINT('',(-52.,5.50000000000001,39.));
#9372=CARTESIAN_POINT('',(-30.,5.50000000000001,39.));
#9373=CARTESIAN_POINT('',(-52.,35.,39.));
#9374=CARTESIAN_POINT('',(-52.,18.,39.));
#9375=CARTESIAN_POINT('',(-44.6753524674312,35.,39.));
#9376=CARTESIAN_POINT('',(-30.,35.,39.));
#9377=CARTESIAN_POINT('',(-44.6753524674312,7.00000000000001,39.));
#9378=CARTESIAN_POINT('',(-44.6753524674312,18.,39.));
#9379=CARTESIAN_POINT('',(-32.4676065798167,7.00000000000001,39.));
#9380=CARTESIAN_POINT('',(-52.3910791179529,7.00000000000001,39.));
#9381=CARTESIAN_POINT('',(-32.4676065798167,12.5,39.));
#9382=CARTESIAN_POINT('Origin',(-52.,18.,34.5));
#9383=CARTESIAN_POINT('',(-56.5,35.,34.5));
#9384=CARTESIAN_POINT('Origin',(-52.,35.,34.5));
#9385=CARTESIAN_POINT('',(-56.5,5.50000000000001,34.5));
#9386=CARTESIAN_POINT('Origin',(-52.,5.50000000000001,34.5));
#9387=CARTESIAN_POINT('',(-56.5,18.,34.5));
#9388=CARTESIAN_POINT('Origin',(-44.6753524674312,23.5,42.5));
#9389=CARTESIAN_POINT('',(-41.8083203124198,35.,40.4924824727713));
#9390=CARTESIAN_POINT('Origin',(-44.6753524674312,35.,42.5));
#9391=CARTESIAN_POINT('',(-41.8083203124198,9.86703215501149,40.4924824727713));
#9392=CARTESIAN_POINT('',(-41.8083203124198,23.5,40.4924824727713));
#9393=CARTESIAN_POINT('Origin',(-44.6753524674312,7.00000000000001,42.5));
#9394=CARTESIAN_POINT('Origin',(-52.3910791179529,7.00000000000001,42.5));
#9395=CARTESIAN_POINT('',(-35.9676065798167,10.5,42.5));
#9396=CARTESIAN_POINT('',(-36.0122530917779,10.5,42.5));
#9397=CARTESIAN_POINT('',(-52.3910791179529,10.5,42.5));
#9398=CARTESIAN_POINT('Origin',(-32.4676065798167,7.00000000000001,42.5));
#9399=CARTESIAN_POINT('',(-40.4026414067662,10.5,42.5));
#9400=CARTESIAN_POINT('Origin',(-40.4026414067661,7.00000000000001,42.5));
#9401=CARTESIAN_POINT('',(-40.303257835242,10.5,42.5));
#9402=CARTESIAN_POINT('',(-52.3910791179529,10.5,42.5));
#9403=CARTESIAN_POINT('',(-52.3910791179529,10.5,42.5));
#9404=CARTESIAN_POINT('Origin',(-11.704681103492,7.00000000000001,42.5));
#9405=CARTESIAN_POINT('',(41.8083203124198,9.86703215501148,40.4924824727713));
#9406=CARTESIAN_POINT('',(40.4026414067662,10.5,42.5));
#9407=CARTESIAN_POINT('Origin',(40.4026414067662,7.00000000000001,42.5));
#9408=CARTESIAN_POINT('',(44.6753524674313,7.00000000000001,39.));
#9409=CARTESIAN_POINT('Origin',(44.6753524674313,7.00000000000001,42.5));
#9410=CARTESIAN_POINT('',(32.4676065798167,7.00000000000001,39.));
#9411=CARTESIAN_POINT('',(-11.704681103492,7.00000000000001,39.));
#9412=CARTESIAN_POINT('',(35.9676065798167,10.5,42.5));
#9413=CARTESIAN_POINT('Origin',(32.4676065798167,7.00000000000001,42.5));
#9414=CARTESIAN_POINT('',(-11.704681103492,10.5,42.5));
#9415=CARTESIAN_POINT('Ctrl Pts',(-51.8438017054955,7.5,-33.2748517734456));
#9416=CARTESIAN_POINT('Ctrl Pts',(-51.3289370791911,7.5,-34.5));
#9417=CARTESIAN_POINT('Ctrl Pts',(-50.,7.5,-34.5));
#9418=CARTESIAN_POINT('Ctrl Pts',(-53.8845162355696,7.5,-34.1324555320337));
#9419=CARTESIAN_POINT('Ctrl Pts',(-52.7998008922445,7.5,-36.7135943621179));
#9420=CARTESIAN_POINT('Ctrl Pts',(-50.,7.5,-36.7135943621179));
#9421=CARTESIAN_POINT('Ctrl Pts',(-54.75910817703,5.5,-34.5));
#9422=CARTESIAN_POINT('Ctrl Pts',(-53.4301710978388,5.5,-37.6622776601684));
#9423=CARTESIAN_POINT('Ctrl Pts',(-50.,5.5,-37.6622776601684));
#9424=CARTESIAN_POINT('',(-51.6,7.45470675743869,-34.5));
#9425=CARTESIAN_POINT('',(-51.6,7.50000000000001,-33.7));
#9426=CARTESIAN_POINT('Ctrl Pts',(-51.6,7.45470675743869,-34.5));
#9427=CARTESIAN_POINT('Ctrl Pts',(-51.6,7.48936079137554,-34.2268313905706));
#9428=CARTESIAN_POINT('Ctrl Pts',(-51.6,7.5,-33.9528166869693));
#9429=CARTESIAN_POINT('Ctrl Pts',(-51.6,7.5,-33.7));
#9430=CARTESIAN_POINT('',(-50.,7.50000000000001,-34.5));
#9431=CARTESIAN_POINT('Origin',(-50.,7.50000000000001,-32.5));
#9432=CARTESIAN_POINT('',(-50.,5.50000000000001,-37.6622776601684));
#9433=CARTESIAN_POINT('Origin',(-50.,4.,-34.5));
#9434=CARTESIAN_POINT('',(-54.75910817703,5.50000000000001,-34.5));
#9435=CARTESIAN_POINT('Origin',(-50.,5.50000000000001,-32.5));
#9436=CARTESIAN_POINT('',(-51.8,7.43116587148727,-34.5));
#9437=CARTESIAN_POINT('Ctrl Pts',(-54.75910817703,5.50000000000001,-34.5));
#9438=CARTESIAN_POINT('Ctrl Pts',(-54.611617841366,5.78665302003333,-34.5));
#9439=CARTESIAN_POINT('Ctrl Pts',(-54.4074221130946,6.06696787074976,-34.5));
#9440=CARTESIAN_POINT('Ctrl Pts',(-53.8941952756784,6.60444500811151,-34.5));
#9441=CARTESIAN_POINT('Ctrl Pts',(-53.4583812546109,6.90519020039497,-34.5));
#9442=CARTESIAN_POINT('Ctrl Pts',(-52.6752633482876,7.25600556451152,-34.5));
#9443=CARTESIAN_POINT('Ctrl Pts',(-52.2454821422956,7.37117338487625,-34.5));
#9444=CARTESIAN_POINT('Ctrl Pts',(-51.8,7.43116587148727,-34.5));
#9445=CARTESIAN_POINT('Ctrl Pts',(-51.8,7.43116587148727,-34.5));
#9446=CARTESIAN_POINT('Ctrl Pts',(-51.7336269780747,7.44010423792473,-34.5));
#9447=CARTESIAN_POINT('Ctrl Pts',(-51.6669176820717,7.44791544234482,-34.5));
#9448=CARTESIAN_POINT('Ctrl Pts',(-51.6,7.45470675743869,-34.5));
#9449=CARTESIAN_POINT('Ctrl Pts',(50.,7.5,-34.5));
#9450=CARTESIAN_POINT('Ctrl Pts',(52.,7.5,-34.5));
#9451=CARTESIAN_POINT('Ctrl Pts',(52.,7.5,-32.5));
#9452=CARTESIAN_POINT('Ctrl Pts',(50.,7.5,-36.7135943621179));
#9453=CARTESIAN_POINT('Ctrl Pts',(54.2135943621178,7.5,-36.7135943621179));
#9454=CARTESIAN_POINT('Ctrl Pts',(54.2135943621178,7.5,-32.5));
#9455=CARTESIAN_POINT('Ctrl Pts',(50.,5.5,-37.6622776601684));
#9456=CARTESIAN_POINT('Ctrl Pts',(55.1622776601683,5.5,-37.6622776601684));
#9457=CARTESIAN_POINT('Ctrl Pts',(55.1622776601684,5.5,-32.5));
#9458=CARTESIAN_POINT('',(50.,5.50000000000001,-37.6622776601684));
#9459=CARTESIAN_POINT('',(55.1622776601684,5.50000000000001,-32.5));
#9460=CARTESIAN_POINT('Origin',(50.,5.50000000000001,-32.5));
#9461=CARTESIAN_POINT('',(50.,7.50000000000001,-34.5));
#9462=CARTESIAN_POINT('Origin',(50.,4.,-34.5));
#9463=CARTESIAN_POINT('',(52.,7.50000000000001,-32.5));
#9464=CARTESIAN_POINT('Origin',(50.,7.50000000000001,-32.5));
#9465=CARTESIAN_POINT('Origin',(52.,4.,-32.5));
#9466=CARTESIAN_POINT('Origin',(52.,4.,-34.5));
#9467=CARTESIAN_POINT('',(52.,5.50000000000001,-37.6622776601684));
#9468=CARTESIAN_POINT('',(52.,7.50000000000001,-34.5));
#9469=CARTESIAN_POINT('Ctrl Pts',(52.,7.5,32.5));
#9470=CARTESIAN_POINT('Ctrl Pts',(52.,7.5,34.5));
#9471=CARTESIAN_POINT('Ctrl Pts',(50.,7.5,34.5));
#9472=CARTESIAN_POINT('Ctrl Pts',(54.2135943621178,7.5,32.5));
#9473=CARTESIAN_POINT('Ctrl Pts',(54.2135943621178,7.5,36.7135943621179));
#9474=CARTESIAN_POINT('Ctrl Pts',(50.,7.5,36.7135943621179));
#9475=CARTESIAN_POINT('Ctrl Pts',(55.1622776601684,5.5,32.5));
#9476=CARTESIAN_POINT('Ctrl Pts',(55.1622776601684,5.5,37.6622776601684));
#9477=CARTESIAN_POINT('Ctrl Pts',(50.,5.5,37.6622776601684));
#9478=CARTESIAN_POINT('',(52.,7.50000000000001,32.5));
#9479=CARTESIAN_POINT('',(55.1622776601684,5.50000000000001,32.5));
#9480=CARTESIAN_POINT('Origin',(52.,4.,32.5));
#9481=CARTESIAN_POINT('',(50.,7.50000000000001,34.5));
#9482=CARTESIAN_POINT('Origin',(50.,7.50000000000001,32.5));
#9483=CARTESIAN_POINT('',(50.,5.50000000000001,37.6622776601684));
#9484=CARTESIAN_POINT('Origin',(50.,4.,34.5));
#9485=CARTESIAN_POINT('Origin',(50.,5.50000000000001,32.5));
#9486=CARTESIAN_POINT('Origin',(0.,5.50000000000001,0.));
#9487=CARTESIAN_POINT('',(-30.6567198137036,5.50000000000001,38.0961659100925));
#9488=CARTESIAN_POINT('',(-30.6567198137036,5.50000000000001,37.6622776601684));
#9489=CARTESIAN_POINT('',(-30.6567198137036,5.50000000000001,18.793043867133));
#9490=CARTESIAN_POINT('',(-50.,5.50000000000001,37.6622776601684));
#9491=CARTESIAN_POINT('',(-52.,5.50000000000001,37.6622776601684));
#9492=CARTESIAN_POINT('',(-54.75910817703,5.50000000000001,34.5));
#9493=CARTESIAN_POINT('Origin',(-50.,5.50000000000001,32.5));
#9494=CARTESIAN_POINT('',(-28.25,5.50000000000001,34.5));
#9495=CARTESIAN_POINT('',(-16.6429104900795,5.50000000000001,18.0823720576947));
#9496=CARTESIAN_POINT('Origin',(27.3035994434575,30.75,-39.));
#9497=CARTESIAN_POINT('',(27.8785994434575,30.75,-39.));
#9498=CARTESIAN_POINT('Origin',(27.3035994434575,30.75,-39.));
#9499=CARTESIAN_POINT('',(27.8785994434575,30.75,-39.));
#9500=CARTESIAN_POINT('Origin',(50.6302624852315,16.75,-39.));
#9501=CARTESIAN_POINT('',(51.2052624852315,16.75,-39.));
#9502=CARTESIAN_POINT('Origin',(50.6302624852315,16.75,-39.));
#9503=CARTESIAN_POINT('',(51.2052624852315,16.75,-39.));
#9504=CARTESIAN_POINT('Origin',(27.6302624852315,16.75,-39.));
#9505=CARTESIAN_POINT('',(28.2052624852315,16.75,-39.));
#9506=CARTESIAN_POINT('Origin',(27.6302624852315,16.75,-39.));
#9507=CARTESIAN_POINT('',(28.2052624852315,16.75,-39.));
#9508=CARTESIAN_POINT('Origin',(50.3035994434575,30.75,-39.));
#9509=CARTESIAN_POINT('',(50.8785994434575,30.75,-39.));
#9510=CARTESIAN_POINT('Origin',(50.3035994434575,30.75,-39.));
#9511=CARTESIAN_POINT('',(50.8785994434575,30.75,-39.));
#9512=CARTESIAN_POINT('Origin',(-31.126627311276,28.5384521009437,-39.));
#9513=CARTESIAN_POINT('',(-29.326627311276,28.5384521009437,-39.));
#9514=CARTESIAN_POINT('Origin',(-31.126627311276,28.5384521009437,-39.));
#9515=CARTESIAN_POINT('',(-29.326627311276,28.5384521009437,-39.));
#9516=CARTESIAN_POINT('Origin',(-10.126627311276,28.5384521009437,-39.));
#9517=CARTESIAN_POINT('',(-8.32662731127598,28.5384521009437,-39.));
#9518=CARTESIAN_POINT('Origin',(-10.126627311276,28.5384521009437,-39.));
#9519=CARTESIAN_POINT('',(-8.32662731127598,28.5384521009437,-39.));
#9520=CARTESIAN_POINT('Origin',(-31.126627311276,7.5384521009437,-39.));
#9521=CARTESIAN_POINT('',(-29.326627311276,7.5384521009437,-39.));
#9522=CARTESIAN_POINT('Origin',(-31.126627311276,7.5384521009437,-39.));
#9523=CARTESIAN_POINT('',(-29.326627311276,7.5384521009437,-39.));
#9524=CARTESIAN_POINT('Origin',(52.,18.,34.5));
#9525=CARTESIAN_POINT('',(60.,32.5,34.5));
#9526=CARTESIAN_POINT('',(52.,32.5,42.5));
#9527=CARTESIAN_POINT('Origin',(52.,32.5,34.5));
#9528=CARTESIAN_POINT('',(52.,2.00000000000001,42.5));
#9529=CARTESIAN_POINT('',(52.,18.,42.5));
#9530=CARTESIAN_POINT('',(60.,2.00000000000001,34.5));
#9531=CARTESIAN_POINT('Origin',(52.,2.00000000000001,34.5));
#9532=CARTESIAN_POINT('',(60.,18.,34.5));
#9533=CARTESIAN_POINT('Origin',(60.,18.,42.5));
#9534=CARTESIAN_POINT('',(60.,32.5,42.075));
#9535=CARTESIAN_POINT('',(60.,2.00000000000001,42.5));
#9536=CARTESIAN_POINT('',(60.,27.9963736159955,-0.231931402321707));
#9537=CARTESIAN_POINT('',(60.,27.9963736159955,-12.5319314023217));
#9538=CARTESIAN_POINT('',(60.,27.9963736159955,21.1340342988391));
#9539=CARTESIAN_POINT('',(60.,20.6963736159955,-12.5319314023217));
#9540=CARTESIAN_POINT('',(60.,22.9981868079978,-12.5319314023217));
#9541=CARTESIAN_POINT('',(60.,20.6963736159955,-0.231931402321708));
#9542=CARTESIAN_POINT('',(60.,20.6963736159955,14.9840342988391));
#9543=CARTESIAN_POINT('',(60.,19.3481868079978,-0.231931402321708));
#9544=CARTESIAN_POINT('',(60.,17.8350831849725,24.364191117124));
#9545=CARTESIAN_POINT('',(60.,17.8350831849725,-25.6121018642008));
#9546=CARTESIAN_POINT('',(60.,17.8350831849725,34.932095558562));
#9547=CARTESIAN_POINT('',(60.,14.8350831849725,-28.6121018642008));
#9548=CARTESIAN_POINT('Origin',(60.,14.8350831849725,-25.6121018642008));
#9549=CARTESIAN_POINT('',(60.,9.96700365318861,-28.6121018642008));
#9550=CARTESIAN_POINT('',(60.,17.9175415924863,-28.6121018642008));
#9551=CARTESIAN_POINT('',(60.,6.96700365318861,-25.6121018642008));
#9552=CARTESIAN_POINT('Origin',(60.,9.96700365318861,-25.6121018642008));
#9553=CARTESIAN_POINT('',(60.,6.96700365318861,24.364191117124));
#9554=CARTESIAN_POINT('',(60.,6.96700365318861,6.94394906789962));
#9555=CARTESIAN_POINT('',(60.,9.96700365318861,27.364191117124));
#9556=CARTESIAN_POINT('Origin',(60.,9.96700365318861,24.364191117124));
#9557=CARTESIAN_POINT('',(60.,14.8350831849725,27.364191117124));
#9558=CARTESIAN_POINT('',(60.,12.4835018265943,27.364191117124));
#9559=CARTESIAN_POINT('Origin',(60.,14.8350831849725,24.364191117124));
#9560=CARTESIAN_POINT('Origin',(-52.,18.,-34.5));
#9561=CARTESIAN_POINT('',(-52.,35.,-39.));
#9562=CARTESIAN_POINT('',(-56.5,35.,-34.5));
#9563=CARTESIAN_POINT('Origin',(-52.,35.,-34.5));
#9564=CARTESIAN_POINT('',(-56.5,5.50000000000001,-34.5));
#9565=CARTESIAN_POINT('',(-56.5,18.,-34.5));
#9566=CARTESIAN_POINT('',(-52.,5.50000000000001,-39.));
#9567=CARTESIAN_POINT('Origin',(-52.,5.50000000000001,-34.5));
#9568=CARTESIAN_POINT('',(-52.,18.,-39.));
#9569=CARTESIAN_POINT('Origin',(60.,18.,-39.));
#9570=CARTESIAN_POINT('',(52.,35.,-39.));
#9571=CARTESIAN_POINT('',(30.,35.,-39.));
#9572=CARTESIAN_POINT('',(52.,5.50000000000001,-39.));
#9573=CARTESIAN_POINT('',(30.,5.50000000000001,-39.));
#9574=CARTESIAN_POINT('',(52.,18.,-39.));
#9575=CARTESIAN_POINT('Origin',(52.,18.,-34.5));
#9576=CARTESIAN_POINT('',(56.5,35.,-34.5));
#9577=CARTESIAN_POINT('Origin',(52.,35.,-34.5));
#9578=CARTESIAN_POINT('',(56.5,5.50000000000001,-34.5));
#9579=CARTESIAN_POINT('Origin',(52.,5.50000000000001,-34.5));
#9580=CARTESIAN_POINT('',(56.5,18.,-34.5));
#9581=CARTESIAN_POINT('',(56.4311990102765,19.2500000000001,-35.2838847691625));
#9582=CARTESIAN_POINT('',(52.8000000000001,19.25,-38.9283179650969));
#9583=CARTESIAN_POINT('Origin',(52.,19.25,-34.5));
#9584=CARTESIAN_POINT('',(52.8000000000001,28.25,-38.9283179650969));
#9585=CARTESIAN_POINT('',(52.8000000000002,18.,-38.9283179650969));
#9586=CARTESIAN_POINT('',(56.4311990102765,28.2500000000001,-35.2838847691625));
#9587=CARTESIAN_POINT('Origin',(52.,28.25,-34.5));
#9588=CARTESIAN_POINT('',(56.4311990102765,18.,-35.2838847691625));
#9589=CARTESIAN_POINT('Origin',(52.,18.,34.5));
#9590=CARTESIAN_POINT('',(52.,35.,39.));
#9591=CARTESIAN_POINT('',(56.5,35.,34.5));
#9592=CARTESIAN_POINT('Origin',(52.,35.,34.5));
#9593=CARTESIAN_POINT('',(56.5,30.,34.5));
#9594=CARTESIAN_POINT('',(56.5,18.,34.5));
#9595=CARTESIAN_POINT('',(56.5,5.50000000000001,34.5));
#9596=CARTESIAN_POINT('',(56.5,18.,34.5));
#9597=CARTESIAN_POINT('',(52.,5.50000000000001,39.));
#9598=CARTESIAN_POINT('Origin',(52.,5.50000000000001,34.5));
#9599=CARTESIAN_POINT('',(52.,18.,39.));
#9600=CARTESIAN_POINT('Origin',(-60.,18.,39.));
#9601=CARTESIAN_POINT('',(31.2895912567478,35.,39.));
#9602=CARTESIAN_POINT('',(32.4676065798167,35.,39.));
#9603=CARTESIAN_POINT('',(-30.,35.,39.));
#9604=CARTESIAN_POINT('',(32.4676065798167,18.,39.));
#9605=CARTESIAN_POINT('',(44.6753524674313,35.,39.));
#9606=CARTESIAN_POINT('',(44.6753524674313,12.5,39.));
#9607=CARTESIAN_POINT('',(-30.,35.,39.));
#9608=CARTESIAN_POINT('',(31.2895912567478,5.50000000000001,39.));
#9609=CARTESIAN_POINT('',(-30.,5.50000000000001,39.));
#9610=CARTESIAN_POINT('',(31.2895912567478,18.,39.));
#9611=CARTESIAN_POINT('Origin',(44.6753524674313,12.5,42.5));
#9612=CARTESIAN_POINT('',(41.8083203124198,35.,40.4924824727713));
#9613=CARTESIAN_POINT('Origin',(44.6753524674313,35.,42.5));
#9614=CARTESIAN_POINT('',(41.8083203124198,18.,40.4924824727713));
#9615=CARTESIAN_POINT('Origin',(41.9151260808944,7.00000000000001,40.3399480274158));
#9616=CARTESIAN_POINT('',(40.4026414067662,21.,42.5));
#9617=CARTESIAN_POINT('',(40.4026414067662,8.50000000000001,42.5));
#9618=CARTESIAN_POINT('',(40.4026414067662,35.,42.5));
#9619=CARTESIAN_POINT('',(40.4026414067662,8.50000000000001,42.5));
#9620=CARTESIAN_POINT('',(42.1095314403728,35.,40.0623084007767));
#9621=CARTESIAN_POINT('Origin',(27.7463036943272,16.6587792560944,40.0417247150887));
#9622=CARTESIAN_POINT('',(27.0771594765632,35.,39.086087734266));
#9623=CARTESIAN_POINT('',(27.0771594765632,2.00000000000001,39.086087734266));
#9624=CARTESIAN_POINT('',(27.0771594765632,25.8293896280472,39.086087734266));
#9625=CARTESIAN_POINT('',(13.7754481527409,2.00000000000001,20.0892752208901));
#9626=CARTESIAN_POINT('',(16.1630035015265,35.,23.4990576332448));
#9627=CARTESIAN_POINT('Origin',(-52.,18.,34.5));
#9628=CARTESIAN_POINT('',(-52.,32.5,42.5));
#9629=CARTESIAN_POINT('Origin',(-52.,32.5,34.5));
#9630=CARTESIAN_POINT('',(-52.,2.00000000000001,42.5));
#9631=CARTESIAN_POINT('Origin',(-52.,2.00000000000001,34.5));
#9632=CARTESIAN_POINT('',(-52.,18.,42.5));
#9633=CARTESIAN_POINT('Origin',(-60.,18.,42.5));
#9634=CARTESIAN_POINT('',(-48.3376762337156,35.,42.5));
#9635=CARTESIAN_POINT('',(-48.3376762337156,32.5,42.5));
#9636=CARTESIAN_POINT('',(-48.3376762337156,26.5,42.5));
#9637=CARTESIAN_POINT('',(-55.0844190584289,32.5,42.5));
#9638=CARTESIAN_POINT('',(-29.4676065798167,2.00000000000001,42.5));
#9639=CARTESIAN_POINT('',(-60.,2.00000000000001,42.5));
#9640=CARTESIAN_POINT('',(-29.4676065798167,35.,42.5));
#9641=CARTESIAN_POINT('',(-29.4676065798167,23.7679735554418,42.5));
#9642=CARTESIAN_POINT('',(-32.4676065798167,35.,42.5));
#9643=CARTESIAN_POINT('',(-30.,35.,42.5));
#9644=CARTESIAN_POINT('',(-32.4676065798167,21.,42.5));
#9645=CARTESIAN_POINT('',(-32.4676065798167,18.,42.5));
#9646=CARTESIAN_POINT('',(-35.9676065798167,21.,42.5));
#9647=CARTESIAN_POINT('',(-52.3910791179529,21.,42.5));
#9648=CARTESIAN_POINT('',(-35.9676065798167,12.5,42.5));
#9649=CARTESIAN_POINT('',(-40.4026414067661,21.,42.5));
#9650=CARTESIAN_POINT('',(-40.4026414067661,19.5,42.5));
#9651=CARTESIAN_POINT('',(-44.6753524674312,21.,42.5));
#9652=CARTESIAN_POINT('',(-52.3910791179529,21.,42.5));
#9653=CARTESIAN_POINT('',(-44.6753524674312,35.,42.5));
#9654=CARTESIAN_POINT('',(-44.6753524674312,23.5,42.5));
#9655=CARTESIAN_POINT('',(-30.,35.,42.5));
#9656=CARTESIAN_POINT('Origin',(-60.,18.,42.5));
#9657=CARTESIAN_POINT('',(48.2704340273114,32.5,42.5));
#9658=CARTESIAN_POINT('',(-55.0844190584289,32.5,42.5));
#9659=CARTESIAN_POINT('',(48.2704340273114,35.,42.5));
#9660=CARTESIAN_POINT('',(48.2704340273114,26.5,42.5));
#9661=CARTESIAN_POINT('',(44.6753524674313,35.,42.5));
#9662=CARTESIAN_POINT('',(-30.,35.,42.5));
#9663=CARTESIAN_POINT('',(44.6753524674313,21.,42.5));
#9664=CARTESIAN_POINT('',(44.6753524674313,12.5,42.5));
#9665=CARTESIAN_POINT('',(-11.704681103492,21.,42.5));
#9666=CARTESIAN_POINT('',(35.9676065798167,21.,42.5));
#9667=CARTESIAN_POINT('',(35.9676065798167,23.5,42.5));
#9668=CARTESIAN_POINT('',(32.4676065798167,21.,42.5));
#9669=CARTESIAN_POINT('',(-11.704681103492,21.,42.5));
#9670=CARTESIAN_POINT('',(32.4676065798167,35.,42.5));
#9671=CARTESIAN_POINT('',(32.4676065798167,18.,42.5));
#9672=CARTESIAN_POINT('',(-30.,35.,42.5));
#9673=CARTESIAN_POINT('',(-60.,2.00000000000001,42.5));
#9674=CARTESIAN_POINT('Origin',(-50.1688381168578,32.5,41.65));
#9675=CARTESIAN_POINT('',(-52.,32.5,40.8));
#9676=CARTESIAN_POINT('',(-48.3376762337156,32.5,40.8));
#9677=CARTESIAN_POINT('',(-52.,32.5,40.8));
#9678=CARTESIAN_POINT('',(-58.3,32.5,34.5));
#9679=CARTESIAN_POINT('Origin',(-52.,32.5,34.5));
#9680=CARTESIAN_POINT('',(-58.3,32.5,-34.5));
#9681=CARTESIAN_POINT('',(-58.3,32.5,34.5));
#9682=CARTESIAN_POINT('',(-52.,32.5,-40.8));
#9683=CARTESIAN_POINT('Origin',(-52.,32.5,-34.5));
#9684=CARTESIAN_POINT('',(52.,32.5,-40.8));
#9685=CARTESIAN_POINT('',(-52.,32.5,-40.8));
#9686=CARTESIAN_POINT('',(58.3,32.5,-34.5));
#9687=CARTESIAN_POINT('Origin',(52.,32.5,-34.5));
#9688=CARTESIAN_POINT('',(58.3,32.5,34.5));
#9689=CARTESIAN_POINT('',(58.3,32.5,-34.5));
#9690=CARTESIAN_POINT('',(52.,32.5,40.8));
#9691=CARTESIAN_POINT('Origin',(52.,32.5,34.5));
#9692=CARTESIAN_POINT('',(48.2704340273114,32.5,40.8));
#9693=CARTESIAN_POINT('',(52.,32.5,40.8));
#9694=CARTESIAN_POINT('',(48.2704340273114,32.5,42.5));
#9695=CARTESIAN_POINT('',(-48.3376762337156,32.5,40.8));
#9696=CARTESIAN_POINT('Origin',(-52.,35.,40.8));
#9697=CARTESIAN_POINT('',(-52.,35.,40.8));
#9698=CARTESIAN_POINT('',(-48.3376762337156,35.,40.8));
#9699=CARTESIAN_POINT('',(-26.,35.,40.8));
#9700=CARTESIAN_POINT('',(-52.,35.,40.8));
#9701=CARTESIAN_POINT('',(-48.3376762337156,35.,40.8));
#9702=CARTESIAN_POINT('Origin',(-48.3376762337156,35.,40.8));
#9703=CARTESIAN_POINT('',(-48.3376762337156,35.,25.4815666654673));
#9704=CARTESIAN_POINT('Origin',(48.2704340273114,35.,42.5));
#9705=CARTESIAN_POINT('',(48.2704340273114,35.,40.8));
#9706=CARTESIAN_POINT('',(48.2704340273114,35.,26.3315666654673));
#9707=CARTESIAN_POINT('',(48.2704340273114,35.,40.8));
#9708=CARTESIAN_POINT('Origin',(-52.,33.75,34.5));
#9709=CARTESIAN_POINT('',(-58.3,35.,34.5));
#9710=CARTESIAN_POINT('Origin',(-52.,35.,34.5));
#9711=CARTESIAN_POINT('',(-58.3,35.,34.5));
#9712=CARTESIAN_POINT('Origin',(-58.3,35.,34.5));
#9713=CARTESIAN_POINT('',(-58.3,35.,-34.5));
#9714=CARTESIAN_POINT('',(-58.3,35.,22.3315666654673));
#9715=CARTESIAN_POINT('',(-58.3,35.,-34.5));
#9716=CARTESIAN_POINT('Origin',(-52.,33.75,-34.5));
#9717=CARTESIAN_POINT('',(-52.,35.,-40.8));
#9718=CARTESIAN_POINT('Origin',(-52.,35.,-34.5));
#9719=CARTESIAN_POINT('',(-52.,35.,-40.8));
#9720=CARTESIAN_POINT('Origin',(-52.,35.,-40.8));
#9721=CARTESIAN_POINT('',(52.,35.,-40.8));
#9722=CARTESIAN_POINT('',(-26.,35.,-40.8));
#9723=CARTESIAN_POINT('',(52.,35.,-40.8));
#9724=CARTESIAN_POINT('Origin',(52.,33.75,-34.5));
#9725=CARTESIAN_POINT('',(58.3,35.,-34.5));
#9726=CARTESIAN_POINT('Origin',(52.,35.,-34.5));
#9727=CARTESIAN_POINT('',(58.3,35.,-34.5));
#9728=CARTESIAN_POINT('Origin',(58.3,35.,-34.5));
#9729=CARTESIAN_POINT('',(58.3,35.,34.5));
#9730=CARTESIAN_POINT('',(58.3,35.,-12.1684333345327));
#9731=CARTESIAN_POINT('',(58.3,35.,34.5));
#9732=CARTESIAN_POINT('Origin',(52.,33.75,34.5));
#9733=CARTESIAN_POINT('',(52.,35.,40.8));
#9734=CARTESIAN_POINT('Origin',(52.,35.,34.5));
#9735=CARTESIAN_POINT('',(52.,35.,40.8));
#9736=CARTESIAN_POINT('Origin',(52.,35.,40.8));
#9737=CARTESIAN_POINT('',(26.,35.,40.8));
#9738=CARTESIAN_POINT('Origin',(-27.3193450238192,18.,56.8262666618692));
#9739=CARTESIAN_POINT('',(-32.2342572895532,21.,60.2677252799755));
#9740=CARTESIAN_POINT('',(-27.3193450238192,21.,62.8262666618692));
#9741=CARTESIAN_POINT('Origin',(-27.3193450238192,21.,56.8262666618692));
#9742=CARTESIAN_POINT('',(-27.3193450238192,35.,62.8262666618692));
#9743=CARTESIAN_POINT('',(-27.3193450238192,18.,62.8262666618692));
#9744=CARTESIAN_POINT('',(-32.2342572895532,35.,60.2677252799755));
#9745=CARTESIAN_POINT('Origin',(-27.3193450238192,35.,56.8262666618692));
#9746=CARTESIAN_POINT('',(-32.2342572895532,18.,60.2677252799755));
#9747=CARTESIAN_POINT('Origin',(-44.7821582359059,29.,42.3474655546444));
#9748=CARTESIAN_POINT('',(-32.7442069305703,21.,59.539441716618));
#9749=CARTESIAN_POINT('',(-44.9765635953843,35.,42.0698259280053));
#9750=CARTESIAN_POINT('Origin',(32.4676065798167,23.5,42.5));
#9751=CARTESIAN_POINT('',(35.9676065798167,35.,42.5));
#9752=CARTESIAN_POINT('',(35.9676065798167,23.5,42.5));
#9753=CARTESIAN_POINT('Origin',(32.4676065798167,35.,42.5));
#9754=CARTESIAN_POINT('Origin',(44.7821582359059,7.00000000000001,42.3474655546444));
#9755=CARTESIAN_POINT('',(32.2342572895532,21.,60.2677252799755));
#9756=CARTESIAN_POINT('',(44.7821582359059,21.,42.3474655546444));
#9757=CARTESIAN_POINT('',(32.2342572895532,35.,60.2677252799755));
#9758=CARTESIAN_POINT('',(44.9765635953843,35.,42.0698259280053));
#9759=CARTESIAN_POINT('',(32.2342572895532,18.,60.2677252799755));
#9760=CARTESIAN_POINT('Origin',(27.3193450238193,7.00000000000001,56.8262666618692));
#9761=CARTESIAN_POINT('',(27.3193450238193,21.,62.8262666618692));
#9762=CARTESIAN_POINT('Origin',(27.3193450238193,21.,56.8262666618692));
#9763=CARTESIAN_POINT('',(27.3193450238193,35.,62.8262666618692));
#9764=CARTESIAN_POINT('Origin',(27.3193450238193,35.,56.8262666618692));
#9765=CARTESIAN_POINT('',(27.3193450238193,7.00000000000001,62.8262666618692));
#9766=CARTESIAN_POINT('Origin',(-30.4427473271297,7.00000000000001,62.8262666618692));
#9767=CARTESIAN_POINT('',(3.07394523294314,21.,62.8262666618692));
#9768=CARTESIAN_POINT('',(-15.2213736635649,35.,62.8262666618692));
#9769=CARTESIAN_POINT('Origin',(-32.4676065798167,10.,42.5));
#9770=CARTESIAN_POINT('',(-36.0122530917779,21.,42.5));
#9771=CARTESIAN_POINT('',(2.06151560659966,21.,42.5));
#9772=CARTESIAN_POINT('',(-40.303257835242,21.,42.5));
#9773=CARTESIAN_POINT('',(2.06151560659966,21.,42.5));
#9774=CARTESIAN_POINT('',(2.06151560659966,21.,42.5));
#9775=CARTESIAN_POINT('',(-40.4026414067661,35.,42.5));
#9776=CARTESIAN_POINT('',(-40.4026414067661,19.5,42.5));
#9777=CARTESIAN_POINT('',(-35.9676065798167,35.,42.5));
#9778=CARTESIAN_POINT('',(-52.3910791179529,35.,42.5));
#9779=CARTESIAN_POINT('',(-35.9676065798167,12.5,42.5));
#9780=CARTESIAN_POINT('Origin',(-32.4676065798167,12.5,42.5));
#9781=CARTESIAN_POINT('Origin',(-32.4676065798167,35.,42.5));
#9782=CARTESIAN_POINT('Origin',(-41.9151260808944,29.,40.3399480274157));
#9783=CARTESIAN_POINT('',(-42.1095314403728,35.,40.0623084007767));
#9784=CARTESIAN_POINT('Origin',(-36.5906377930159,7.00000000000001,36.6117011911339));
#9785=CARTESIAN_POINT('',(-24.0427368466633,21.,54.531960916465));
#9786=CARTESIAN_POINT('',(-24.5526864876804,21.,53.8036773531075));
#9787=CARTESIAN_POINT('',(-24.0427368466633,35.,54.531960916465));
#9788=CARTESIAN_POINT('',(-36.7850431524943,35.,36.3340615644949));
#9789=CARTESIAN_POINT('',(-24.0427368466633,18.,54.531960916465));
#9790=CARTESIAN_POINT('Origin',(-19.1278245809293,18.,51.0905022983587));
#9791=CARTESIAN_POINT('',(-19.1278245809293,21.,57.0905022983587));
#9792=CARTESIAN_POINT('Origin',(-19.1278245809293,21.,51.0905022983587));
#9793=CARTESIAN_POINT('',(-19.1278245809293,35.,57.0905022983587));
#9794=CARTESIAN_POINT('Origin',(-19.1278245809293,35.,51.0905022983587));
#9795=CARTESIAN_POINT('',(-19.1278245809293,18.,57.0905022983587));
#9796=CARTESIAN_POINT('Origin',(-22.2512268842398,29.,57.0905022983587));
#9797=CARTESIAN_POINT('',(19.1278245809293,21.,57.0905022983588));
#9798=CARTESIAN_POINT('',(7.1697054543881,21.,57.0905022983588));
#9799=CARTESIAN_POINT('',(19.1278245809293,35.,57.0905022983588));
#9800=CARTESIAN_POINT('',(-11.1256134421199,35.,57.0905022983587));
#9801=CARTESIAN_POINT('',(19.1278245809293,29.,57.0905022983588));
#9802=CARTESIAN_POINT('Origin',(19.1278245809293,29.,51.0905022983588));
#9803=CARTESIAN_POINT('',(24.0427368466633,21.,54.531960916465));
#9804=CARTESIAN_POINT('Origin',(19.1278245809293,21.,51.0905022983588));
#9805=CARTESIAN_POINT('',(24.0427368466633,35.,54.531960916465));
#9806=CARTESIAN_POINT('Origin',(19.1278245809293,35.,51.0905022983588));
#9807=CARTESIAN_POINT('',(24.0427368466633,29.,54.531960916465));
#9808=CARTESIAN_POINT('Origin',(36.590637793016,29.,36.611701191134));
#9809=CARTESIAN_POINT('',(36.590637793016,21.,36.611701191134));
#9810=CARTESIAN_POINT('',(36.7850431524944,35.,36.3340615644949));
#9811=CARTESIAN_POINT('Origin',(44.6753524674313,10.,42.5));
#9812=CARTESIAN_POINT('',(40.6329951302236,21.,42.5));
#9813=CARTESIAN_POINT('',(-11.704681103492,35.,42.5));
#9814=CARTESIAN_POINT('Origin',(36.590637793016,21.,36.611701191134));
#9815=CARTESIAN_POINT('Origin',(-56.5,36.,34.5));
#9816=CARTESIAN_POINT('',(-52.6,30.,34.5));
#9817=CARTESIAN_POINT('',(-47.1,30.,34.5));
#9818=CARTESIAN_POINT('',(-52.1,30.,34.5));
#9819=CARTESIAN_POINT('',(-47.1,35.,34.5));
#9820=CARTESIAN_POINT('',(-47.1,30.,34.5));
#9821=CARTESIAN_POINT('',(-28.25,35.,34.5));
#9822=CARTESIAN_POINT('',(-51.8,7.43116587148727,34.5));
#9823=CARTESIAN_POINT('Ctrl Pts',(-51.8,7.43116587148727,34.5));
#9824=CARTESIAN_POINT('Ctrl Pts',(-52.2454821422956,7.37117338487625,34.5));
#9825=CARTESIAN_POINT('Ctrl Pts',(-52.6752633482876,7.25600556451152,34.5));
#9826=CARTESIAN_POINT('Ctrl Pts',(-53.4583812546109,6.90519020039497,34.5));
#9827=CARTESIAN_POINT('Ctrl Pts',(-53.8941952756784,6.6044450081115,34.5));
#9828=CARTESIAN_POINT('Ctrl Pts',(-54.4074221130946,6.06696787074976,34.5));
#9829=CARTESIAN_POINT('Ctrl Pts',(-54.611617841366,5.78665302003332,34.5));
#9830=CARTESIAN_POINT('Ctrl Pts',(-54.75910817703,5.50000000000001,34.5));
#9831=CARTESIAN_POINT('',(-51.6,7.45470675743869,34.5));
#9832=CARTESIAN_POINT('Ctrl Pts',(-51.6,7.45470675743869,34.5));
#9833=CARTESIAN_POINT('Ctrl Pts',(-51.6669158336344,7.44791562993829,34.5));
#9834=CARTESIAN_POINT('Ctrl Pts',(-51.7336279115064,7.44010411222074,34.5));
#9835=CARTESIAN_POINT('Ctrl Pts',(-51.8,7.43116587148727,34.5));
#9836=CARTESIAN_POINT('',(-52.6,7.45470675743869,34.5));
#9837=CARTESIAN_POINT('',(-51.6,7.45470675743869,34.5));
#9838=CARTESIAN_POINT('',(-52.6,28.6073822221829,34.5));
#9839=CARTESIAN_POINT('Origin',(52.8000000000001,23.75,-37.2838847691625));
#9840=CARTESIAN_POINT('',(52.8000000000001,19.25,-39.2838847691625));
#9841=CARTESIAN_POINT('',(52.8000000000001,19.25,-35.2838847691625));
#9842=CARTESIAN_POINT('',(52.8000000000001,28.25,-39.2838847691625));
#9843=CARTESIAN_POINT('',(52.8000000000001,19.25,-39.2838847691625));
#9844=CARTESIAN_POINT('',(52.8000000000001,28.25,-39.2838847691625));
#9845=CARTESIAN_POINT('Origin',(52.8000000000001,19.25,-35.2838847691625));
#9846=CARTESIAN_POINT('',(52.8000000000001,19.25,-35.2838847691625));
#9847=CARTESIAN_POINT('',(52.8000000000001,19.25,-39.2838847691625));
#9848=CARTESIAN_POINT('Origin',(52.8000000000001,19.25,-39.2838847691625));
#9849=CARTESIAN_POINT('',(52.8000000000001,28.25,-39.2838847691625));
#9850=CARTESIAN_POINT('Origin',(52.8,28.25,-35.2838847691625));
#9851=CARTESIAN_POINT('',(52.8,28.25,-35.2838847691625));
#9852=CARTESIAN_POINT('Origin',(52.8000000000001,28.25,-39.2838847691625));
#9853=CARTESIAN_POINT('Origin',(-47.1,32.5,31.5));
#9854=CARTESIAN_POINT('',(-47.1,30.,28.5));
#9855=CARTESIAN_POINT('',(-47.1,35.,28.5));
#9856=CARTESIAN_POINT('',(-47.1,35.,28.5));
#9857=CARTESIAN_POINT('',(-47.1,35.,34.5));
#9858=CARTESIAN_POINT('',(-47.1,30.,28.5));
#9859=CARTESIAN_POINT('Origin',(-52.1,30.,28.5));
#9860=CARTESIAN_POINT('',(-52.6,35.,28.5));
#9861=CARTESIAN_POINT('',(-25.8,35.,28.5));
#9862=CARTESIAN_POINT('',(-52.6,30.,28.5));
#9863=CARTESIAN_POINT('',(-52.1,30.,28.5));
#9864=CARTESIAN_POINT('',(-52.6,25.6073822221829,28.5));
#9865=CARTESIAN_POINT('Origin',(56.5,18.,42.5));
#9866=CARTESIAN_POINT('',(56.5,27.9963736159955,-0.231931402321707));
#9867=CARTESIAN_POINT('',(56.5,21.9277317714827,-0.231931402321708));
#9868=CARTESIAN_POINT('',(56.5,19.3481868079978,-0.231931402321708));
#9869=CARTESIAN_POINT('',(56.5,21.9277317714827,31.5526304792321));
#9870=CARTESIAN_POINT('',(56.5,21.9277317714827,37.026315239616));
#9871=CARTESIAN_POINT('',(56.5,5.50000000000001,31.5526304792321));
#9872=CARTESIAN_POINT('',(56.5,11.5400813577311,31.5526304792321));
#9873=CARTESIAN_POINT('',(56.5,5.50000000000001,21.25));
#9874=CARTESIAN_POINT('',(56.5,30.,28.5));
#9875=CARTESIAN_POINT('',(56.5,30.,35.5));
#9876=CARTESIAN_POINT('',(56.5,35.,28.5));
#9877=CARTESIAN_POINT('',(56.5,26.5,28.5));
#9878=CARTESIAN_POINT('',(56.5,35.,26.3315666654673));
#9879=CARTESIAN_POINT('',(56.5,5.50000000000001,-31.0238647683998));
#9880=CARTESIAN_POINT('',(56.5,5.50000000000001,21.25));
#9881=CARTESIAN_POINT('',(56.5,21.9277317714827,-31.0238647683998));
#9882=CARTESIAN_POINT('',(56.5,19.9638658857414,-31.0238647683998));
#9883=CARTESIAN_POINT('',(56.5,21.9277317714827,-12.5319314023217));
#9884=CARTESIAN_POINT('',(56.5,21.9277317714827,37.026315239616));
#9885=CARTESIAN_POINT('',(56.5,27.9963736159955,-12.5319314023217));
#9886=CARTESIAN_POINT('',(56.5,22.9981868079978,-12.5319314023217));
#9887=CARTESIAN_POINT('',(56.5,27.9963736159955,21.1340342988391));
#9888=CARTESIAN_POINT('Origin',(48.5,32.5,31.5));
#9889=CARTESIAN_POINT('',(48.5,35.,28.5));
#9890=CARTESIAN_POINT('',(48.5,30.,28.5));
#9891=CARTESIAN_POINT('',(48.5,30.,28.5));
#9892=CARTESIAN_POINT('',(48.5,30.,34.5));
#9893=CARTESIAN_POINT('',(48.5,30.,34.5));
#9894=CARTESIAN_POINT('',(48.5,35.,34.5));
#9895=CARTESIAN_POINT('',(48.5,35.,34.5));
#9896=CARTESIAN_POINT('',(48.5,35.,28.5));
#9897=CARTESIAN_POINT('Origin',(56.5,35.,28.5));
#9898=CARTESIAN_POINT('',(56.5,30.,28.5));
#9899=CARTESIAN_POINT('',(56.5,35.,28.5));
#9900=CARTESIAN_POINT('Origin',(56.5,30.,28.5));
#9901=CARTESIAN_POINT('',(56.5,30.,34.5));
#9902=CARTESIAN_POINT('',(53.925,30.,31.5));
#9903=CARTESIAN_POINT('Origin',(52.3,30.,31.5));
#9904=CARTESIAN_POINT('Origin',(56.5,30.,34.5));
#9905=CARTESIAN_POINT('',(56.5,35.,34.5));
#9906=CARTESIAN_POINT('Origin',(-50.,35.,31.5));
#9907=CARTESIAN_POINT('',(-48.375,35.,31.5));
#9908=CARTESIAN_POINT('Origin',(-50.,35.,31.5));
#9909=CARTESIAN_POINT('',(-48.375,30.,31.5));
#9910=CARTESIAN_POINT('',(-48.375,35.,31.5));
#9911=CARTESIAN_POINT('Origin',(-50.,30.,31.5));
#9912=CARTESIAN_POINT('Origin',(52.3,35.,31.5));
#9913=CARTESIAN_POINT('',(53.925,35.,31.5));
#9914=CARTESIAN_POINT('Origin',(52.3,35.,31.5));
#9915=CARTESIAN_POINT('',(53.925,35.,31.5));
#9916=CARTESIAN_POINT('Origin',(-26.0261479617104,-0.771901887804312,39.086087734266));
#9917=CARTESIAN_POINT('',(-27.0771594765631,35.,39.086087734266));
#9918=CARTESIAN_POINT('',(26.0229763669081,35.,39.086087734266));
#9919=CARTESIAN_POINT('',(-27.0771594765632,2.00000000000001,39.086087734266));
#9920=CARTESIAN_POINT('',(-27.0771594765631,15.7679735554418,39.086087734266));
#9921=CARTESIAN_POINT('',(-26.0247198137036,2.00000000000001,39.086087734266));
#9922=CARTESIAN_POINT('Origin',(-30.6141962139932,29.5359471108836,38.0354359159265));
#9923=CARTESIAN_POINT('',(-30.6567198137036,35.,38.0961659100925));
#9924=CARTESIAN_POINT('',(-30.6567198137036,32.2679735554418,38.0961659100925));
#9925=CARTESIAN_POINT('',(-19.0304658388652,35.,21.4921544700494));
#9926=CARTESIAN_POINT('Origin',(-27.7471640589817,29.5359471108836,40.0429534431552));
#9927=CARTESIAN_POINT('',(-16.1634336838537,35.,23.499671997278));
#9928=CARTESIAN_POINT('',(-13.7758783350681,2.,20.0898895849234));
#9929=CARTESIAN_POINT('Origin',(30.6133358493387,16.6587792560944,38.0342071878601));
#9930=CARTESIAN_POINT('',(30.8469763669081,5.50000000000001,38.367880427321));
#9931=CARTESIAN_POINT('',(30.8469763669081,35.,38.367880427321));
#9932=CARTESIAN_POINT('',(30.8469763669081,9.3293896280472,38.367880427321));
#9933=CARTESIAN_POINT('',(19.030035656538,35.,21.4915401060162));
#9934=CARTESIAN_POINT('',(16.6424803077523,5.50000000000001,18.0817576936615));
#9935=CARTESIAN_POINT('Origin',(0.,5.50000000000001,0.));
#9936=CARTESIAN_POINT('',(55.1622776601684,5.50000000000001,31.5526304792321));
#9937=CARTESIAN_POINT('',(30.,5.50000000000001,31.5526304792321));
#9938=CARTESIAN_POINT('',(55.1622776601684,5.50000000000001,34.5));
#9939=CARTESIAN_POINT('',(30.8469763669081,5.50000000000001,37.6622776601684));
#9940=CARTESIAN_POINT('',(-52.,5.50000000000001,37.6622776601684));
#9941=CARTESIAN_POINT('',(30.8469763669081,5.50000000000001,18.793043867133));
#9942=CARTESIAN_POINT('Origin',(30.8469763669081,2.00000000000001,37.586087734266));
#9943=CARTESIAN_POINT('',(30.8469763669081,13.4205316790337,37.886087734266));
#9944=CARTESIAN_POINT('',(30.8469763669081,13.4205316790337,37.586087734266));
#9945=CARTESIAN_POINT('',(30.8469763669081,13.4205316790337,35.836087734266));
#9946=CARTESIAN_POINT('',(30.8469763669081,35.,37.586087734266));
#9947=CARTESIAN_POINT('',(30.8469763669081,18.,37.586087734266));
#9948=CARTESIAN_POINT('',(30.8469763669081,35.,37.586087734266));
#9949=CARTESIAN_POINT('',(30.8469763669081,5.65107919144197,37.586087734266));
#9950=CARTESIAN_POINT('Origin',(30.8469763669081,4.,34.5));
#9951=CARTESIAN_POINT('',(30.8469763669081,7.50000000000001,37.586087734266));
#9952=CARTESIAN_POINT('',(30.8469763669081,18.,37.586087734266));
#9953=CARTESIAN_POINT('',(30.8469763669081,7.50000000000001,37.886087734266));
#9954=CARTESIAN_POINT('',(30.8469763669081,7.50000000000001,35.836087734266));
#9955=CARTESIAN_POINT('',(30.8469763669081,6.23013291975842,37.886087734266));
#9956=CARTESIAN_POINT('Origin',(26.0229763669081,2.00000000000001,37.586087734266));
#9957=CARTESIAN_POINT('',(-30.6567198137036,13.4205316790337,37.586087734266));
#9958=CARTESIAN_POINT('',(28.7346398748012,13.4205316790337,37.586087734266));
#9959=CARTESIAN_POINT('',(-30.6567198137036,35.,37.586087734266));
#9960=CARTESIAN_POINT('',(-30.6567198137036,18.,37.586087734266));
#9961=CARTESIAN_POINT('',(0.0715491695569861,35.,37.586087734266));
#9962=CARTESIAN_POINT('Origin',(-26.0247198137036,35.,37.586087734266));
#9963=CARTESIAN_POINT('',(-26.0268481692486,7.50000000000001,37.586087734266));
#9964=CARTESIAN_POINT('',(-26.0247198137036,7.50000000000001,37.586087734266));
#9965=CARTESIAN_POINT('',(-28.595220534281,7.50000000000001,37.586087734266));
#9966=CARTESIAN_POINT('',(-26.0247198137036,2.00000000000001,37.586087734266));
#9967=CARTESIAN_POINT('',(-26.0247198137036,18.,37.586087734266));
#9968=CARTESIAN_POINT('',(-26.0268481692486,2.00000000000001,37.586087734266));
#9969=CARTESIAN_POINT('',(-26.0247198137036,2.00000000000001,37.586087734266));
#9970=CARTESIAN_POINT('',(-26.0268481692486,32.2679735554418,37.586087734266));
#9971=CARTESIAN_POINT('Origin',(-27.7471640589817,29.5359471108836,40.0429534431552));
#9972=CARTESIAN_POINT('',(-26.0261479617104,7.50000000000001,37.585087734266));
#9973=CARTESIAN_POINT('',(-26.9100938150118,7.50000000000001,38.8474932427264));
#9974=CARTESIAN_POINT('',(-26.0261479617104,2.00000000000001,37.585087734266));
#9975=CARTESIAN_POINT('',(-13.7758783350681,2.,20.0898895849234));
#9976=CARTESIAN_POINT('',(-26.0261479617104,57.7212589707385,37.585087734266));
#9977=CARTESIAN_POINT('Origin',(-26.0261479617104,1.35063525102868,37.585087734266));
#9978=CARTESIAN_POINT('',(-28.5724968036187,7.50000000000001,35.8021150802503));
#9979=CARTESIAN_POINT('',(-26.1238516561332,2.00000000000001,37.5166748709203));
#9980=CARTESIAN_POINT('Origin',(-26.0247198137036,35.,37.586087734266));
#9981=CARTESIAN_POINT('',(-30.6567198137036,7.50000000000001,37.586087734266));
#9982=CARTESIAN_POINT('',(-30.2995592299137,7.50000000000001,37.586087734266));
#9983=CARTESIAN_POINT('',(-28.595220534281,7.50000000000001,37.586087734266));
#9984=CARTESIAN_POINT('',(-30.2995592299137,5.65107919144197,37.586087734266));
#9985=CARTESIAN_POINT('',(-30.2995592299137,32.2679735554418,37.586087734266));
#9986=CARTESIAN_POINT('',(-30.6567198137036,5.65107919144197,37.586087734266));
#9987=CARTESIAN_POINT('',(-52.,5.65107919144197,37.586087734266));
#9988=CARTESIAN_POINT('',(-30.6567198137036,18.,37.586087734266));
#9989=CARTESIAN_POINT('Origin',(-30.6141962139932,29.5359471108836,38.0354359159265));
#9990=CARTESIAN_POINT('',(-28.8931801167219,7.50000000000001,35.5775702070374));
#9991=CARTESIAN_POINT('',(-29.7771259700232,7.50000000000001,36.8399757154977));
#9992=CARTESIAN_POINT('',(-28.8931801167219,7.3299913586833,35.5775702070374));
#9993=CARTESIAN_POINT('',(-28.8931801167219,18.,35.5775702070374));
#9994=CARTESIAN_POINT('Origin',(-28.1386573348041,4.,34.5));
#9995=CARTESIAN_POINT('Origin',(-26.0261479617104,57.7212589707385,37.585087734266));
#9996=CARTESIAN_POINT('',(-27.6790949841029,7.50000000000001,34.500000020863));
#9997=CARTESIAN_POINT('Origin',(-26.0261479617104,7.50000000000001,37.585087734266));
#9998=CARTESIAN_POINT('Ctrl Pts',(-28.8931801167219,7.3299913586833,35.5775702070374));
#9999=CARTESIAN_POINT('Ctrl Pts',(-28.8149715636126,7.36613483642742,35.4658768178042));
#10000=CARTESIAN_POINT('Ctrl Pts',(-28.7303727596595,7.39435958739486,35.359273401885));
#10001=CARTESIAN_POINT('Ctrl Pts',(-28.3807820315815,7.48214848633708,34.9654630182468));
#10002=CARTESIAN_POINT('Ctrl Pts',(-28.050119841996,7.49999999794693,34.6987899831791));
#10003=CARTESIAN_POINT('Ctrl Pts',(-27.679094995017,7.5,34.5000000361474));
#10004=CARTESIAN_POINT('Origin',(-30.6567198137036,35.,37.586087734266));
#10005=CARTESIAN_POINT('',(-30.6567198137036,13.4205316790337,37.886087734266));
#10006=CARTESIAN_POINT('',(-30.6567198137036,13.4205316790337,35.836087734266));
#10007=CARTESIAN_POINT('',(-30.6567198137036,7.50000000000001,37.886087734266));
#10008=CARTESIAN_POINT('',(-30.6567198137036,22.7301329197584,37.886087734266));
#10009=CARTESIAN_POINT('',(-30.6567198137036,7.50000000000001,35.836087734266));
#10010=CARTESIAN_POINT('Origin',(-30.6567198137036,4.,34.5));
#10011=CARTESIAN_POINT('',(-30.6567198137036,35.,37.586087734266));
#10012=CARTESIAN_POINT('Origin',(26.0229763669081,2.00000000000001,37.586087734266));
#10013=CARTESIAN_POINT('',(30.2995592299138,7.50000000000001,37.586087734266));
#10014=CARTESIAN_POINT('',(-2.57137244397514,7.50000000000001,37.586087734266));
#10015=CARTESIAN_POINT('',(30.2995592299137,5.65107919144198,37.586087734266));
#10016=CARTESIAN_POINT('',(-52.,5.65107919144197,37.586087734266));
#10017=CARTESIAN_POINT('',(30.2995592299138,9.3293896280472,37.586087734266));
#10018=CARTESIAN_POINT('Origin',(30.6133358493387,16.6587792560944,38.0342071878601));
#10019=CARTESIAN_POINT('',(28.8926065402856,7.50000000000001,35.5767510549931));
#10020=CARTESIAN_POINT('',(19.5234873854841,7.50000000000001,22.196262209134));
#10021=CARTESIAN_POINT('',(28.8926065402856,7.3302563213019,35.5767510549931));
#10022=CARTESIAN_POINT('Origin',(28.1386573348041,4.,34.5));
#10023=CARTESIAN_POINT('',(28.8926065402856,-4.60518147706576,35.5767510549931));
#10024=CARTESIAN_POINT('Origin',(26.0255743852741,-4.60518147706576,37.5842685822218));
#10025=CARTESIAN_POINT('',(27.6800493784186,7.50000000000001,34.5000000212328));
#10026=CARTESIAN_POINT('Origin',(26.0255743852741,7.50000000000001,37.5842685822218));
#10027=CARTESIAN_POINT('Ctrl Pts',(27.6800493895176,7.5,34.500000036791));
#10028=CARTESIAN_POINT('Ctrl Pts',(28.0505777889946,7.49999999791069,34.6987602829457));
#10029=CARTESIAN_POINT('Ctrl Pts',(28.3807866432236,7.482155090374,34.96522501579));
#10030=CARTESIAN_POINT('Ctrl Pts',(28.729974022715,7.39450839536655,35.358674419691));
#10031=CARTESIAN_POINT('Ctrl Pts',(28.8144772138558,7.3663328666163,35.4651708131843));
#10032=CARTESIAN_POINT('Ctrl Pts',(28.8926065402856,7.3302563213019,35.5767510549931));
#10033=CARTESIAN_POINT('Origin',(26.0229763669081,2.00000000000001,37.586087734266));
#10034=CARTESIAN_POINT('',(26.0229763669081,7.50000000000001,37.586087734266));
#10035=CARTESIAN_POINT('',(26.0268481692487,7.50000000000001,37.586087734266));
#10036=CARTESIAN_POINT('',(-2.57137244397514,7.50000000000001,37.586087734266));
#10037=CARTESIAN_POINT('',(26.0268481692487,2.00000000000001,37.586087734266));
#10038=CARTESIAN_POINT('',(26.0268481692487,9.3293896280472,37.586087734266));
#10039=CARTESIAN_POINT('',(26.0229763669081,2.00000000000001,37.586087734266));
#10040=CARTESIAN_POINT('',(26.0229763669081,2.00000000000001,37.586087734266));
#10041=CARTESIAN_POINT('',(26.0229763669081,18.,37.586087734266));
#10042=CARTESIAN_POINT('Origin',(27.7463036943272,16.6587792560944,40.0417247150887));
#10043=CARTESIAN_POINT('',(26.0255743852741,7.50000000000001,37.5842685822218));
#10044=CARTESIAN_POINT('',(16.6564552304726,7.50000000000001,24.2037797363626));
#10045=CARTESIAN_POINT('',(26.0255743852741,2.00000000000001,37.5842685822218));
#10046=CARTESIAN_POINT('',(26.0255743852741,18.,37.5842685822218));
#10047=CARTESIAN_POINT('',(13.7754481527409,2.00000000000001,20.0892752208901));
#10048=CARTESIAN_POINT('Origin',(26.0255743852741,37.9227399892546,37.5842685822218));
#10049=CARTESIAN_POINT('',(7.65941037453593,7.50000000000001,50.4443950705365));
#10050=CARTESIAN_POINT('',(26.1232780796969,2.00000000000001,37.515855718876));
#10051=CARTESIAN_POINT('Origin',(0.140291063917934,10.4602658395168,37.886087734266));
#10052=CARTESIAN_POINT('',(-31.1657212548584,7.50000000000001,37.886087734266));
#10053=CARTESIAN_POINT('',(31.4463033826943,13.4205316790337,37.886087734266));
#10054=CARTESIAN_POINT('Origin',(31.4463033826943,13.4205316790337,34.086087734266));
#10055=CARTESIAN_POINT('Origin',(-56.5,25.3736076421765,-29.1227246372587));
#10056=CARTESIAN_POINT('',(-58.1,12.6740062993204,-29.1227246372587));
#10057=CARTESIAN_POINT('',(-58.1,25.3736076421765,-29.1227246372587));
#10058=CARTESIAN_POINT('',(-58.1,20.9052057316324,-29.1227246372587));
#10059=CARTESIAN_POINT('',(-56.5,25.3736076421765,-29.1227246372587));
#10060=CARTESIAN_POINT('',(-56.5,12.6740062993204,-29.1227246372587));
#10061=CARTESIAN_POINT('Origin',(-56.5,12.6740062993204,-24.1227246372587));
#10062=CARTESIAN_POINT('',(-58.1,7.67400629932036,-24.1227246372587));
#10063=CARTESIAN_POINT('Origin',(-58.1,12.6740062993204,-24.1227246372587));
#10064=CARTESIAN_POINT('',(-56.5,7.67400629932036,-24.1227246372587));
#10065=CARTESIAN_POINT('Origin',(-36.7998311725404,4.,-22.9));
#10066=CARTESIAN_POINT('',(-36.7998311725404,7.50000000000001,29.3075320455271));
#10067=CARTESIAN_POINT('',(-36.7998311725404,7.50000000000001,-22.9));
#10068=CARTESIAN_POINT('',(-36.7998311725404,7.50000000000001,-11.45));
#10069=CARTESIAN_POINT('',(-36.7998311725404,4.,29.3075320455271));
#10070=CARTESIAN_POINT('',(-36.7998311725404,4.,29.3075320455271));
#10071=CARTESIAN_POINT('',(-36.7998311725404,4.,-22.9));
#10072=CARTESIAN_POINT('',(-36.7998311725404,4.,-11.45));
#10073=CARTESIAN_POINT('',(-36.7998311725404,4.,-22.9));
#10074=CARTESIAN_POINT('Origin',(-36.7998311725404,4.,29.3075320455271));
#10075=CARTESIAN_POINT('',(38.75,7.50000000000001,29.3075320455271));
#10076=CARTESIAN_POINT('',(-18.3999155862702,7.50000000000001,29.3075320455271));
#10077=CARTESIAN_POINT('',(38.75,4.,29.3075320455271));
#10078=CARTESIAN_POINT('',(38.75,4.,29.3075320455271));
#10079=CARTESIAN_POINT('',(-18.3999155862702,4.,29.3075320455271));
#10080=CARTESIAN_POINT('Origin',(38.75,4.,29.3075320455271));
#10081=CARTESIAN_POINT('',(38.75,7.50000000000001,-22.9));
#10082=CARTESIAN_POINT('',(38.75,7.50000000000001,14.6537660227636));
#10083=CARTESIAN_POINT('',(38.75,4.,-22.9));
#10084=CARTESIAN_POINT('',(38.75,4.,-22.9));
#10085=CARTESIAN_POINT('',(38.75,4.,14.6537660227636));
#10086=CARTESIAN_POINT('Origin',(38.75,4.,-22.9));
#10087=CARTESIAN_POINT('',(19.375,7.50000000000001,-22.9));
#10088=CARTESIAN_POINT('',(19.375,4.,-22.9));
#10089=CARTESIAN_POINT('Origin',(-52.1,7.50000000000001,33.3717797887081));
#10090=CARTESIAN_POINT('',(-52.6,12.1985401308984,33.3717797887081));
#10091=CARTESIAN_POINT('',(-52.6,20.8490738105984,33.3717797887081));
#10092=CARTESIAN_POINT('',(-52.6,14.3573822221829,33.3717797887081));
#10093=CARTESIAN_POINT('',(-54.1,20.8490738105984,33.3717797887081));
#10094=CARTESIAN_POINT('',(-54.1,20.8490738105984,33.3717797887081));
#10095=CARTESIAN_POINT('',(-54.1,12.1985401308984,33.3717797887081));
#10096=CARTESIAN_POINT('',(-54.1,12.0119034853742,33.3717797887081));
#10097=CARTESIAN_POINT('',(-56.5,12.1985401308984,33.3717797887081));
#10098=CARTESIAN_POINT('Origin',(-56.1,12.7113466876889,-3.21649010633223));
#10099=CARTESIAN_POINT('',(-52.6,12.7113466876889,-3.21649010633223));
#10100=CARTESIAN_POINT('',(-52.6,23.7825196092245,-3.21649010633223));
#10101=CARTESIAN_POINT('',(-52.6,16.9630555660273,-3.21649010633223));
#10102=CARTESIAN_POINT('',(-54.1,23.7825196092245,-3.21649010633223));
#10103=CARTESIAN_POINT('',(-54.1,23.7825196092245,-3.21649010633223));
#10104=CARTESIAN_POINT('',(-54.1,12.7113466876889,-3.21649010633223));
#10105=CARTESIAN_POINT('',(-54.1,14.6175768292187,-3.21649010633223));
#10106=CARTESIAN_POINT('',(-56.1,12.7113466876889,-3.21649010633223));
#10107=CARTESIAN_POINT('Origin',(-52.1,30.,34.5));
#10108=CARTESIAN_POINT('',(-52.6,30.,21.6796601911031));
#10109=CARTESIAN_POINT('Ctrl Pts',(-50.,7.5,34.5));
#10110=CARTESIAN_POINT('Ctrl Pts',(-51.3289370791911,7.5,34.5));
#10111=CARTESIAN_POINT('Ctrl Pts',(-51.8438017054955,7.5,33.2748517734456));
#10112=CARTESIAN_POINT('Ctrl Pts',(-50.,7.5,36.7135943621179));
#10113=CARTESIAN_POINT('Ctrl Pts',(-52.7998008922445,7.5,36.7135943621179));
#10114=CARTESIAN_POINT('Ctrl Pts',(-53.8845162355696,7.5,34.1324555320337));
#10115=CARTESIAN_POINT('Ctrl Pts',(-50.,5.5,37.6622776601684));
#10116=CARTESIAN_POINT('Ctrl Pts',(-53.4301710978388,5.5,37.6622776601684));
#10117=CARTESIAN_POINT('Ctrl Pts',(-54.75910817703,5.5,34.5));
#10118=CARTESIAN_POINT('',(-51.6,7.50000000000001,33.7));
#10119=CARTESIAN_POINT('Ctrl Pts',(-51.6,7.5,33.7));
#10120=CARTESIAN_POINT('Ctrl Pts',(-51.6,7.5,33.9528166869693));
#10121=CARTESIAN_POINT('Ctrl Pts',(-51.6,7.48936079137554,34.2268313905706));
#10122=CARTESIAN_POINT('Ctrl Pts',(-51.6,7.45470675743869,34.5));
#10123=CARTESIAN_POINT('',(-50.,7.50000000000001,34.5));
#10124=CARTESIAN_POINT('Origin',(-50.,4.,34.5));
#10125=CARTESIAN_POINT('Origin',(-50.,7.50000000000001,32.5));
#10126=CARTESIAN_POINT('Origin',(-56.1,23.2522799503297,-14.3662882164243));
#10127=CARTESIAN_POINT('',(-52.6,23.2522799503297,-13.8662882164243));
#10128=CARTESIAN_POINT('',(-52.6,23.2522799503297,-5.81631278935874));
#10129=CARTESIAN_POINT('',(-52.6,23.2522799503297,-2.75348391710907));
#10130=CARTESIAN_POINT('',(-54.1,23.2522799503297,-5.81631278935874));
#10131=CARTESIAN_POINT('',(-54.1,23.2522799503297,-5.81631278935874));
#10132=CARTESIAN_POINT('',(-54.1,23.2522799503297,-13.8662882164243));
#10133=CARTESIAN_POINT('',(-54.1,23.2522799503297,-2.56909721940177));
#10134=CARTESIAN_POINT('',(-56.1,23.2522799503297,-13.8662882164243));
#10135=CARTESIAN_POINT('Origin',(-56.1,23.2522799503297,-5.81631278935874));
#10136=CARTESIAN_POINT('',(-52.6,16.4813229433582,-5.81631278935874));
#10137=CARTESIAN_POINT('',(-52.6,22.2335221973478,-5.81631278935874));
#10138=CARTESIAN_POINT('',(-54.1,16.4813229433582,-5.81631278935874));
#10139=CARTESIAN_POINT('',(-54.1,16.4813229433582,-5.81631278935874));
#10140=CARTESIAN_POINT('',(-54.1,19.8880434605391,-5.81631278935874));
#10141=CARTESIAN_POINT('Origin',(-56.1,23.7825196092245,-3.21649010633223));
#10142=CARTESIAN_POINT('',(-52.6,23.7825196092245,27.882954024608));
#10143=CARTESIAN_POINT('',(-52.6,23.7825196092245,2.82141513793694));
#10144=CARTESIAN_POINT('',(-54.1,23.7825196092245,27.882954024608));
#10145=CARTESIAN_POINT('',(-54.1,23.7825196092245,27.882954024608));
#10146=CARTESIAN_POINT('',(-54.1,23.7825196092245,3.00580183564424));
#10147=CARTESIAN_POINT('Origin',(-58.1,16.4368038210883,2.12452757572469));
#10148=CARTESIAN_POINT('',(-58.1,25.3736076421765,-16.9155922334667));
#10149=CARTESIAN_POINT('',(-58.1,7.67400629932036,-16.9155922334667));
#10150=CARTESIAN_POINT('',(-58.1,12.0554050602043,-16.9155922334667));
#10151=CARTESIAN_POINT('',(-58.1,25.3736076421765,17.7594827556631));
#10152=CARTESIAN_POINT('',(-58.1,7.67400629932036,-13.499098530767));
#10153=CARTESIAN_POINT('Origin',(-56.5,7.67400629932036,-29.1227246372587));
#10154=CARTESIAN_POINT('',(-54.1,7.67400629932036,28.3944379356015));
#10155=CARTESIAN_POINT('',(-54.1,7.67400629932036,-14.9155922334667));
#10156=CARTESIAN_POINT('',(-54.1,7.67400629932036,-9.94731542981899));
#10157=CARTESIAN_POINT('',(-56.1,7.67400629932036,-14.9155922334667));
#10158=CARTESIAN_POINT('',(-56.3,7.67400629932036,-14.9155922334667));
#10159=CARTESIAN_POINT('Origin',(-56.1,7.67400629932036,-16.9155922334667));
#10160=CARTESIAN_POINT('',(-56.5,7.67400629932036,28.3944379356015));
#10161=CARTESIAN_POINT('Origin',(-56.5,25.3736076421765,33.3944379356015));
#10162=CARTESIAN_POINT('',(-54.1,25.3736076421765,-14.9155922334667));
#10163=CARTESIAN_POINT('',(-54.1,25.3736076421765,28.3944379356015));
#10164=CARTESIAN_POINT('',(-54.1,25.3736076421765,21.3112658566111));
#10165=CARTESIAN_POINT('',(-56.1,25.3736076421765,28.3944379356015));
#10166=CARTESIAN_POINT('',(-56.1,25.3736076421765,-14.9155922334667));
#10167=CARTESIAN_POINT('Origin',(-56.1,25.3736076421765,-16.9155922334667));
#10168=CARTESIAN_POINT('',(-55.1,25.3736076421765,-14.9155922334667));
#10169=CARTESIAN_POINT('Origin',(-51.6,21.2147644443658,8.85932038220612));
#10170=CARTESIAN_POINT('',(-51.6,7.50000000000001,-34.5));
#10171=CARTESIAN_POINT('',(-51.6,7.50000000000001,-12.8203398088969));
#10172=CARTESIAN_POINT('',(-51.6,10.9838933882829,-34.5));
#10173=CARTESIAN_POINT('Origin',(-56.5,5.50000000000001,-34.5));
#10174=CARTESIAN_POINT('',(-55.6,35.,-34.5));
#10175=CARTESIAN_POINT('',(-55.6,7.50000000000001,-34.5));
#10176=CARTESIAN_POINT('',(-55.6,13.375,-34.5));
#10177=CARTESIAN_POINT('',(-54.05,7.50000000000001,-34.5));
#10178=CARTESIAN_POINT('',(-28.25,5.50000000000001,-34.5));
#10179=CARTESIAN_POINT('',(-55.1,35.,-34.5));
#10180=CARTESIAN_POINT('Origin',(-55.6,21.25,-25.4768393313405));
#10181=CARTESIAN_POINT('',(-55.6,35.,-16.453678662681));
#10182=CARTESIAN_POINT('',(-55.6,35.,-7.65685300020294));
#10183=CARTESIAN_POINT('',(-55.6,7.50000000000001,-16.453678662681));
#10184=CARTESIAN_POINT('',(-55.6,7.50000000000001,-16.453678662681));
#10185=CARTESIAN_POINT('',(-55.6,7.50000000000001,-34.5));
#10186=CARTESIAN_POINT('Origin',(60.,11.4200068297383,-21.7974326241729));
#10187=CARTESIAN_POINT('',(52.5,11.4200068297383,1.68267152625225));
#10188=CARTESIAN_POINT('',(52.5,11.4200068297383,-21.7974326241729));
#10189=CARTESIAN_POINT('',(52.5,11.4200068297383,-11.2106939988556));
#10190=CARTESIAN_POINT('',(50.5,11.4200068297383,-21.7974326241729));
#10191=CARTESIAN_POINT('',(60.,11.4200068297383,-21.7974326241729));
#10192=CARTESIAN_POINT('',(50.5,11.4200068297383,1.68267152625225));
#10193=CARTESIAN_POINT('',(50.5,11.4200068297383,-21.7974326241729));
#10194=CARTESIAN_POINT('',(60.,11.4200068297383,1.68267152625225));
#10195=CARTESIAN_POINT('Origin',(-56.1,7.67400629932036,-14.9155922334667));
#10196=CARTESIAN_POINT('',(-54.1,12.0989066350344,-14.9155922334667));
#10197=CARTESIAN_POINT('',(-56.1,12.0554050602043,-14.9155922334667));
#10198=CARTESIAN_POINT('Origin',(-56.1,12.0554050602043,-16.9155922334667));
#10199=CARTESIAN_POINT('Origin',(0.,5.50000000000001,0.));
#10200=CARTESIAN_POINT('',(55.1622776601684,5.50000000000001,-31.0238647683998));
#10201=CARTESIAN_POINT('',(30.,5.50000000000001,-31.0238647683998));
#10202=CARTESIAN_POINT('',(55.1622776601684,5.50000000000001,34.5));
#10203=CARTESIAN_POINT('Origin',(52.,4.,34.5));
#10204=CARTESIAN_POINT('',(52.,7.50000000000001,31.5526304792321));
#10205=CARTESIAN_POINT('Origin',(52.,4.,31.5526304792321));
#10206=CARTESIAN_POINT('',(52.,7.50000000000001,34.5));
#10207=CARTESIAN_POINT('Origin',(52.,4.,34.5));
#10208=CARTESIAN_POINT('',(52.,7.50000000000001,-31.0238647683998));
#10209=CARTESIAN_POINT('Origin',(52.,4.,-31.0238647683998));
#10210=CARTESIAN_POINT('',(52.,7.50000000000001,34.5));
#10211=CARTESIAN_POINT('Origin',(50.5,13.5039472434724,0.264382855416123));
#10212=CARTESIAN_POINT('',(50.5,7.50000000000001,31.5526304792321));
#10213=CARTESIAN_POINT('',(50.5,7.50000000000001,-31.0238647683998));
#10214=CARTESIAN_POINT('',(50.5,7.50000000000001,0.132191427708062));
#10215=CARTESIAN_POINT('',(50.5,21.9277317714827,31.5526304792321));
#10216=CARTESIAN_POINT('',(50.5,5.08016271546217,31.5526304792321));
#10217=CARTESIAN_POINT('',(50.5,21.9277317714827,-31.0238647683998));
#10218=CARTESIAN_POINT('',(50.5,21.9277317714827,31.5526304792321));
#10219=CARTESIAN_POINT('',(50.5,21.9277317714827,-31.0238647683998));
#10220=CARTESIAN_POINT('',(50.5,11.3547100224787,19.893014564667));
#10221=CARTESIAN_POINT('',(50.5,11.3547100224787,10.053093195084));
#10222=CARTESIAN_POINT('',(50.5,11.3547100224787,9.45309319508398));
#10223=CARTESIAN_POINT('',(50.5,15.7608589584103,10.053093195084));
#10224=CARTESIAN_POINT('',(50.5,15.7608589584103,10.053093195084));
#10225=CARTESIAN_POINT('',(50.5,15.7608589584103,19.893014564667));
#10226=CARTESIAN_POINT('',(50.5,15.7608589584103,20.393014564667));
#10227=CARTESIAN_POINT('',(50.5,11.3547100224787,19.893014564667));
#10228=CARTESIAN_POINT('',(50.5,16.6283622514454,-21.7974326241729));
#10229=CARTESIAN_POINT('',(50.5,16.6283622514454,-21.7974326241729));
#10230=CARTESIAN_POINT('',(50.5,16.6283622514454,1.68267152625225));
#10231=CARTESIAN_POINT('',(50.5,16.6283622514454,1.68267152625225));
#10232=CARTESIAN_POINT('',(50.5,11.4200068297383,1.68267152625225));
#10233=CARTESIAN_POINT('Origin',(60.,21.9277317714827,-31.0238647683998));
#10234=CARTESIAN_POINT('',(30.,7.50000000000001,-31.0238647683998));
#10235=CARTESIAN_POINT('',(60.,21.9277317714827,-31.0238647683998));
#10236=CARTESIAN_POINT('Origin',(60.,5.08016271546217,31.5526304792321));
#10237=CARTESIAN_POINT('',(30.,7.50000000000001,31.5526304792321));
#10238=CARTESIAN_POINT('',(60.,21.9277317714827,31.5526304792321));
#10239=CARTESIAN_POINT('Origin',(60.,11.4200068297383,1.68267152625225));
#10240=CARTESIAN_POINT('',(52.5,16.6283622514454,1.68267152625225));
#10241=CARTESIAN_POINT('',(52.5,11.9105251244094,1.68267152625225));
#10242=CARTESIAN_POINT('',(60.,16.6283622514454,1.68267152625225));
#10243=CARTESIAN_POINT('Origin',(60.,17.8350831849725,-28.6121018642008));
#10244=CARTESIAN_POINT('',(52.5,14.8350831849725,-28.6121018642008));
#10245=CARTESIAN_POINT('',(60.,14.8350831849725,-28.6121018642008));
#10246=CARTESIAN_POINT('',(52.5,9.96700365318861,-28.6121018642008));
#10247=CARTESIAN_POINT('',(52.5,17.8350831849725,-28.6121018642008));
#10248=CARTESIAN_POINT('',(60.,9.96700365318861,-28.6121018642008));
#10249=CARTESIAN_POINT('Origin',(60.,6.96700365318861,27.364191117124));
#10250=CARTESIAN_POINT('',(52.5,14.8350831849725,27.364191117124));
#10251=CARTESIAN_POINT('',(60.,14.8350831849725,27.364191117124));
#10252=CARTESIAN_POINT('',(52.5,9.96700365318861,27.364191117124));
#10253=CARTESIAN_POINT('',(60.,9.96700365318861,27.364191117124));
#10254=CARTESIAN_POINT('',(52.5,6.96700365318861,27.364191117124));
#10255=CARTESIAN_POINT('Origin',(60.,16.6283622514454,1.68267152625225));
#10256=CARTESIAN_POINT('',(52.5,16.6283622514454,-21.7974326241729));
#10257=CARTESIAN_POINT('',(52.5,16.6283622514454,0.529358076356943));
#10258=CARTESIAN_POINT('',(60.,16.6283622514454,-21.7974326241729));
#10259=CARTESIAN_POINT('Origin',(60.,16.6283622514454,-21.7974326241729));
#10260=CARTESIAN_POINT('',(52.5,14.514702835263,-21.7974326241729));
#10261=CARTESIAN_POINT('Origin',(60.,9.96700365318861,-25.6121018642008));
#10262=CARTESIAN_POINT('',(52.5,6.96700365318861,-25.6121018642008));
#10263=CARTESIAN_POINT('Origin',(52.5,9.96700365318861,-25.6121018642008));
#10264=CARTESIAN_POINT('',(60.,6.96700365318861,-25.6121018642008));
#10265=CARTESIAN_POINT('Origin',(60.,6.96700365318861,-28.6121018642008));
#10266=CARTESIAN_POINT('',(52.5,6.96700365318861,24.364191117124));
#10267=CARTESIAN_POINT('',(60.,6.96700365318861,24.364191117124));
#10268=CARTESIAN_POINT('',(52.5,6.96700365318861,-28.6121018642008));
#10269=CARTESIAN_POINT('Origin',(60.,9.96700365318861,24.364191117124));
#10270=CARTESIAN_POINT('Origin',(52.5,9.96700365318861,24.364191117124));
#10271=CARTESIAN_POINT('Origin',(60.,14.8350831849725,24.364191117124));
#10272=CARTESIAN_POINT('',(52.5,17.8350831849725,24.364191117124));
#10273=CARTESIAN_POINT('Origin',(52.5,14.8350831849725,24.364191117124));
#10274=CARTESIAN_POINT('',(60.,17.8350831849725,24.364191117124));
#10275=CARTESIAN_POINT('Origin',(60.,17.8350831849725,27.364191117124));
#10276=CARTESIAN_POINT('',(52.5,17.8350831849725,-25.6121018642008));
#10277=CARTESIAN_POINT('',(60.,17.8350831849725,-25.6121018642008));
#10278=CARTESIAN_POINT('',(52.5,17.8350831849725,27.364191117124));
#10279=CARTESIAN_POINT('Origin',(52.5,12.4010434190806,-0.623955373538365));
#10280=CARTESIAN_POINT('Origin',(52.5,14.8350831849725,-25.6121018642008));
#10281=CARTESIAN_POINT('',(52.5,11.3547100224787,19.893014564667));
#10282=CARTESIAN_POINT('',(52.5,11.3547100224787,10.053093195084));
#10283=CARTESIAN_POINT('',(52.5,11.3547100224787,4.41456891077281));
#10284=CARTESIAN_POINT('',(52.5,15.7608589584103,19.893014564667));
#10285=CARTESIAN_POINT('',(52.5,11.8778767207796,19.893014564667));
#10286=CARTESIAN_POINT('',(52.5,15.7608589584103,10.053093195084));
#10287=CARTESIAN_POINT('',(52.5,15.7608589584103,9.88452959556434));
#10288=CARTESIAN_POINT('',(52.5,14.0809511887454,10.053093195084));
#10289=CARTESIAN_POINT('Origin',(60.,14.8350831849725,-25.6121018642008));
#10290=CARTESIAN_POINT('Origin',(60.,11.3547100224787,9.45309319508398));
#10291=CARTESIAN_POINT('',(60.,11.3547100224787,10.053093195084));
#10292=CARTESIAN_POINT('',(60.,11.3547100224787,19.893014564667));
#10293=CARTESIAN_POINT('Origin',(60.,11.3547100224787,19.893014564667));
#10294=CARTESIAN_POINT('',(60.,15.7608589584103,19.893014564667));
#10295=CARTESIAN_POINT('Origin',(60.,15.7608589584103,20.393014564667));
#10296=CARTESIAN_POINT('',(60.,15.7608589584103,10.053093195084));
#10297=CARTESIAN_POINT('Origin',(60.,15.7608589584103,10.053093195084));
#10298=CARTESIAN_POINT('Origin',(-56.5,20.3736076421765,28.3944379356015));
#10299=CARTESIAN_POINT('',(-52.6,20.3736076421765,33.3944379356015));
#10300=CARTESIAN_POINT('Origin',(-52.6,20.3736076421765,28.3944379356015));
#10301=CARTESIAN_POINT('',(-56.5,20.3736076421765,33.3944379356015));
#10302=CARTESIAN_POINT('Origin',(-54.1,20.3736076421765,28.3944379356015));
#10303=CARTESIAN_POINT('Origin',(-54.1,16.5238069707484,9.22809377762071));
#10304=CARTESIAN_POINT('Origin',(-54.1,12.6740062993204,28.3944379356015));
#10305=CARTESIAN_POINT('',(-54.1,16.4813229433582,-13.8662882164243));
#10306=CARTESIAN_POINT('',(-54.1,16.4813229433582,1.70589049413099));
#10307=CARTESIAN_POINT('',(-54.1,16.5025649570533,-13.8662882164243));
#10308=CARTESIAN_POINT('',(-54.1,12.7113466876889,27.882954024608));
#10309=CARTESIAN_POINT('',(-54.1,20.1531632899864,27.882954024608));
#10310=CARTESIAN_POINT('',(-54.1,12.7113466876889,18.5555239011143));
#10311=CARTESIAN_POINT('Origin',(-51.6,7.50000000000001,-16.453678662681));
#10312=CARTESIAN_POINT('',(-52.6,35.,-16.453678662681));
#10313=CARTESIAN_POINT('',(-52.6,7.50000000000001,-16.453678662681));
#10314=CARTESIAN_POINT('',(-52.6,14.3573822221829,-16.453678662681));
#10315=CARTESIAN_POINT('',(-51.6,7.50000000000001,-16.453678662681));
#10316=CARTESIAN_POINT('',(-25.8,35.,-16.453678662681));
#10317=CARTESIAN_POINT('Origin',(-56.5,12.6740062993204,28.3944379356015));
#10318=CARTESIAN_POINT('',(-52.6,12.6740062993204,33.3944379356015));
#10319=CARTESIAN_POINT('Origin',(-52.6,12.6740062993204,28.3944379356015));
#10320=CARTESIAN_POINT('',(-56.5,12.6740062993204,33.3944379356015));
#10321=CARTESIAN_POINT('Origin',(-56.5,7.67400629932036,33.3944379356015));
#10322=CARTESIAN_POINT('',(-52.6,14.4443853718431,33.3944379356015));
#10323=CARTESIAN_POINT('Origin',(-56.1,12.7113466876889,27.882954024608));
#10324=CARTESIAN_POINT('',(-52.6,12.7113466876889,27.882954024608));
#10325=CARTESIAN_POINT('',(-52.6,12.7113466876889,18.3711372034071));
#10326=CARTESIAN_POINT('',(-54.1,12.7113466876889,27.882954024608));
#10327=CARTESIAN_POINT('Origin',(-56.1,23.7825196092245,27.882954024608));
#10328=CARTESIAN_POINT('',(-52.6,22.4986420267951,27.882954024608));
#10329=CARTESIAN_POINT('Origin',(-56.1,16.4813229433582,-13.8662882164243));
#10330=CARTESIAN_POINT('',(-52.6,16.4813229433582,-13.8662882164243));
#10331=CARTESIAN_POINT('',(-52.6,18.848043693862,-13.8662882164243));
#10332=CARTESIAN_POINT('',(-56.1,16.4813229433582,-13.8662882164243));
#10333=CARTESIAN_POINT('Origin',(-56.1,16.4813229433582,-5.81631278935874));
#10334=CARTESIAN_POINT('',(-52.6,16.4813229433582,1.52150379642369));
#10335=CARTESIAN_POINT('Origin',(-52.6,21.2147644443658,8.85932038220612));
#10336=CARTESIAN_POINT('',(-52.6,35.,9.51122685657037));
#10337=CARTESIAN_POINT('',(-52.6,7.50000000000001,33.7));
#10338=CARTESIAN_POINT('Ctrl Pts',(-52.6,7.5,33.7));
#10339=CARTESIAN_POINT('Ctrl Pts',(-52.6,7.5,33.9528166869693));
#10340=CARTESIAN_POINT('Ctrl Pts',(-52.6,7.48936079137554,34.2268313905706));
#10341=CARTESIAN_POINT('Ctrl Pts',(-52.6,7.45470675743869,34.5));
#10342=CARTESIAN_POINT('',(-52.6,7.50000000000001,4.42966019110306));
#10343=CARTESIAN_POINT('Ctrl Pts',(-51.6,7.5,33.7));
#10344=CARTESIAN_POINT('Ctrl Pts',(-52.6,7.5,33.7));
#10345=CARTESIAN_POINT('Ctrl Pts',(-51.6,7.5,33.9528166869693));
#10346=CARTESIAN_POINT('Ctrl Pts',(-52.6,7.5,33.9528166869693));
#10347=CARTESIAN_POINT('Ctrl Pts',(-51.6,7.48936079137554,34.2268313905706));
#10348=CARTESIAN_POINT('Ctrl Pts',(-52.6,7.48936079137554,34.2268313905706));
#10349=CARTESIAN_POINT('Ctrl Pts',(-51.6,7.45470675743869,34.5));
#10350=CARTESIAN_POINT('Ctrl Pts',(-52.6,7.45470675743869,34.5));
#10351=CARTESIAN_POINT('',(-51.6,7.50000000000001,33.7));
#10352=CARTESIAN_POINT('Origin',(-9.02360699594483E-32,35.,10.1631333309346));
#10353=CARTESIAN_POINT('Origin',(0.601477540413633,22.5,-32.8976427953885));
#10354=CARTESIAN_POINT('',(50.5,22.5,-33.6476427953885));
#10355=CARTESIAN_POINT('',(-49.2970449191727,22.5,-33.6476427953885));
#10356=CARTESIAN_POINT('',(-49.2970449191727,22.5,-33.6476427953885));
#10357=CARTESIAN_POINT('',(-49.2970449191727,22.5,-32.1476427953885));
#10358=CARTESIAN_POINT('',(-49.2970449191727,22.5,-32.1476427953885));
#10359=CARTESIAN_POINT('',(50.5,22.5,-32.1476427953885));
#10360=CARTESIAN_POINT('',(50.5,22.5,-32.1476427953885));
#10361=CARTESIAN_POINT('',(50.5,22.5,-33.6476427953885));
#10362=CARTESIAN_POINT('Origin',(50.5,7.50000000000001,-33.6476427953885));
#10363=CARTESIAN_POINT('',(-49.2970449191727,7.50000000000001,-33.6476427953885));
#10364=CARTESIAN_POINT('',(50.5,7.50000000000001,-33.6476427953885));
#10365=CARTESIAN_POINT('',(25.25,7.50000000000001,-33.6476427953885));
#10366=CARTESIAN_POINT('',(-49.2970449191727,7.50000000000001,-33.6476427953885));
#10367=CARTESIAN_POINT('',(50.5,7.50000000000001,-33.6476427953885));
#10368=CARTESIAN_POINT('Origin',(-49.2970449191727,7.50000000000001,-33.6476427953885));
#10369=CARTESIAN_POINT('',(-49.2970449191727,7.50000000000001,-32.1476427953885));
#10370=CARTESIAN_POINT('',(-49.2970449191725,7.50000000000001,-16.823821397694));
#10371=CARTESIAN_POINT('',(-49.2970449191727,7.50000000000001,-32.1476427953885));
#10372=CARTESIAN_POINT('Origin',(-49.2970449191727,7.50000000000001,-32.1476427953885));
#10373=CARTESIAN_POINT('',(50.5,7.50000000000001,-32.1476427953885));
#10374=CARTESIAN_POINT('',(-24.6485224595864,7.50000000000001,-32.1476427953885));
#10375=CARTESIAN_POINT('',(50.5,7.50000000000001,-32.1476427953885));
#10376=CARTESIAN_POINT('Origin',(50.5,7.50000000000001,-32.1476427953885));
#10377=CARTESIAN_POINT('',(50.5,7.50000000000001,-16.0738213976943));
#10378=CARTESIAN_POINT('Origin',(0.,7.50000000000001,0.));
#10379=CARTESIAN_POINT('',(-44.5334384394807,7.50000000000001,34.5));
#10380=CARTESIAN_POINT('',(-41.992553192493,7.50000000000001,34.1124386451048));
#10381=CARTESIAN_POINT('Origin',(-43.292553192493,7.50000000000001,34.1124386451048));
#10382=CARTESIAN_POINT('',(-42.0516679455053,7.50000000000001,34.5));
#10383=CARTESIAN_POINT('Origin',(-43.292553192493,7.50000000000001,34.1124386451048));
#10384=CARTESIAN_POINT('',(-52.,7.50000000000001,34.5));
#10385=CARTESIAN_POINT('',(41.5625615605193,7.50000000000001,34.5));
#10386=CARTESIAN_POINT('',(-52.,7.50000000000001,34.5));
#10387=CARTESIAN_POINT('',(44.103446807507,7.50000000000001,34.1124386451048));
#10388=CARTESIAN_POINT('Origin',(42.803446807507,7.50000000000001,34.1124386451048));
#10389=CARTESIAN_POINT('',(44.0443320544947,7.50000000000001,34.5));
#10390=CARTESIAN_POINT('Origin',(42.803446807507,7.50000000000001,34.1124386451048));
#10391=CARTESIAN_POINT('',(-52.,7.50000000000001,34.5));
#10392=CARTESIAN_POINT('',(-52.,7.50000000000001,34.5));
#10393=CARTESIAN_POINT('',(-41.992553192493,7.50000000000001,-28.4245613548952));
#10394=CARTESIAN_POINT('Origin',(-43.292553192493,7.50000000000001,-28.4245613548952));
#10395=CARTESIAN_POINT('',(44.103446807507,7.50000000000001,-28.4245613548952));
#10396=CARTESIAN_POINT('Origin',(42.803446807507,7.50000000000001,-28.4245613548952));
#10397=CARTESIAN_POINT('Origin',(0.,2.00000000000001,0.));
#10398=CARTESIAN_POINT('',(-41.992553192493,2.00000000000001,34.1124386451048));
#10399=CARTESIAN_POINT('Origin',(-43.292553192493,2.00000000000001,34.1124386451048));
#10400=CARTESIAN_POINT('',(44.103446807507,2.00000000000001,34.1124386451048));
#10401=CARTESIAN_POINT('Origin',(42.803446807507,2.00000000000001,34.1124386451048));
#10402=CARTESIAN_POINT('',(-50.,2.00000000000001,32.));
#10403=CARTESIAN_POINT('',(50.,2.00000000000001,32.));
#10404=CARTESIAN_POINT('',(-52.1027458010632,2.00000000000001,32.));
#10405=CARTESIAN_POINT('Origin',(50.,2.00000000000001,30.));
#10406=CARTESIAN_POINT('',(-52.,2.00000000000001,30.));
#10407=CARTESIAN_POINT('',(-52.,2.00000000000001,-17.25));
#10408=CARTESIAN_POINT('Origin',(-50.,2.00000000000001,30.));
#10409=CARTESIAN_POINT('Origin',(-52.,4.,34.5));
#10410=CARTESIAN_POINT('Ctrl Pts',(44.0443320544947,7.5,34.5));
#10411=CARTESIAN_POINT('Ctrl Pts',(44.032909532199,7.5,34.536572375499));
#10412=CARTESIAN_POINT('Ctrl Pts',(44.019836214173,7.49942441980268,34.57273374808));
#10413=CARTESIAN_POINT('Ctrl Pts',(43.9392646462098,7.4933822320891,34.7680287566319));
#10414=CARTESIAN_POINT('Ctrl Pts',(43.83977240849,7.47738796389559,34.9139248474545));
#10415=CARTESIAN_POINT('Ctrl Pts',(43.609956741868,7.44204461001424,35.1450622654302));
#10416=CARTESIAN_POINT('Ctrl Pts',(43.4638749573865,7.42035176317852,35.2455988750171));
#10417=CARTESIAN_POINT('Ctrl Pts',(43.1429518076795,7.38844279058814,35.379306268245));
#10418=CARTESIAN_POINT('Ctrl Pts',(42.9680207160396,7.37897258333348,35.4124386451048));
#10419=CARTESIAN_POINT('Ctrl Pts',(42.6388728989744,7.37897258333348,35.4124386451048));
#10420=CARTESIAN_POINT('Ctrl Pts',(42.4639418073345,7.38844279058814,35.379306268245));
#10421=CARTESIAN_POINT('Ctrl Pts',(42.1430186576274,7.42035176317853,35.245598875017));
#10422=CARTESIAN_POINT('Ctrl Pts',(41.996936873146,7.44204461001424,35.1450622654302));
#10423=CARTESIAN_POINT('Ctrl Pts',(41.767121206524,7.47738796389559,34.9139248474545));
#10424=CARTESIAN_POINT('Ctrl Pts',(41.6676289688042,7.4933822320891,34.7680287566319));
#10425=CARTESIAN_POINT('Ctrl Pts',(41.587057400841,7.49942441980268,34.57273374808));
#10426=CARTESIAN_POINT('Ctrl Pts',(41.573984082815,7.5,34.5365723754991));
#10427=CARTESIAN_POINT('Ctrl Pts',(41.5625615605193,7.5,34.5));
#10428=CARTESIAN_POINT('Origin',(-52.,4.,34.5));
#10429=CARTESIAN_POINT('Ctrl Pts',(-42.0516679455053,7.5,34.5));
#10430=CARTESIAN_POINT('Ctrl Pts',(-42.063090467801,7.5,34.536572375499));
#10431=CARTESIAN_POINT('Ctrl Pts',(-42.076163785827,7.49942441980268,34.57273374808));
#10432=CARTESIAN_POINT('Ctrl Pts',(-42.1567353537902,7.4933822320891,34.7680287566319));
#10433=CARTESIAN_POINT('Ctrl Pts',(-42.25622759151,7.47738796389559,34.9139248474545));
#10434=CARTESIAN_POINT('Ctrl Pts',(-42.486043258132,7.44204461001424,35.1450622654302));
#10435=CARTESIAN_POINT('Ctrl Pts',(-42.6321250426134,7.42035176317853,35.245598875017));
#10436=CARTESIAN_POINT('Ctrl Pts',(-42.9530481923205,7.38844279058814,35.379306268245));
#10437=CARTESIAN_POINT('Ctrl Pts',(-43.1279792839604,7.37897258333348,35.4124386451048));
#10438=CARTESIAN_POINT('Ctrl Pts',(-43.4571271010256,7.37897258333348,35.4124386451048));
#10439=CARTESIAN_POINT('Ctrl Pts',(-43.6320581926655,7.38844279058814,35.379306268245));
#10440=CARTESIAN_POINT('Ctrl Pts',(-43.9529813423726,7.42035176317852,35.2455988750171));
#10441=CARTESIAN_POINT('Ctrl Pts',(-44.099063126854,7.44204461001424,35.1450622654302));
#10442=CARTESIAN_POINT('Ctrl Pts',(-44.328878793476,7.47738796389559,34.9139248474545));
#10443=CARTESIAN_POINT('Ctrl Pts',(-44.4283710311958,7.4933822320891,34.7680287566319));
#10444=CARTESIAN_POINT('Ctrl Pts',(-44.508942599159,7.49942441980268,34.57273374808));
#10445=CARTESIAN_POINT('Ctrl Pts',(-44.522015917185,7.5,34.536572375499));
#10446=CARTESIAN_POINT('Ctrl Pts',(-44.5334384394807,7.5,34.5));
#10447=CARTESIAN_POINT('Origin',(-43.292553192493,11.8,-28.4245613548952));
#10448=CARTESIAN_POINT('',(-41.992553192493,4.,-28.4245613548952));
#10449=CARTESIAN_POINT('',(-41.992553192493,11.8,-28.4245613548952));
#10450=CARTESIAN_POINT('Origin',(-43.292553192493,4.,-28.4245613548952));
#10451=CARTESIAN_POINT('Origin',(42.803446807507,11.8,34.1124386451048));
#10452=CARTESIAN_POINT('',(44.103446807507,11.8,34.1124386451048));
#10453=CARTESIAN_POINT('Origin',(42.803446807507,11.8,-28.4245613548952));
#10454=CARTESIAN_POINT('',(44.103446807507,4.,-28.4245613548952));
#10455=CARTESIAN_POINT('',(44.103446807507,11.8,-28.4245613548952));
#10456=CARTESIAN_POINT('Origin',(42.803446807507,4.,-28.4245613548952));
#10457=CARTESIAN_POINT('Origin',(-43.292553192493,11.8,34.1124386451048));
#10458=CARTESIAN_POINT('',(-41.992553192493,11.8,34.1124386451048));
#10459=CARTESIAN_POINT('Origin',(-52.,2.00000000000001,-34.5));
#10460=CARTESIAN_POINT('',(-52.,4.,30.));
#10461=CARTESIAN_POINT('',(-52.,2.00000000000001,30.));
#10462=CARTESIAN_POINT('',(-52.,4.,-34.5));
#10463=CARTESIAN_POINT('Origin',(-50.,2.00000000000001,30.));
#10464=CARTESIAN_POINT('',(-50.,4.,32.));
#10465=CARTESIAN_POINT('Origin',(-50.,4.,30.));
#10466=CARTESIAN_POINT('',(-50.,2.00000000000001,32.));
#10467=CARTESIAN_POINT('Origin',(-52.,2.00000000000001,32.));
#10468=CARTESIAN_POINT('',(50.,4.,32.));
#10469=CARTESIAN_POINT('',(50.,2.00000000000001,32.));
#10470=CARTESIAN_POINT('',(-0.0139654606565953,4.,32.));
#10471=CARTESIAN_POINT('Origin',(0.,4.,0.));
#10472=CARTESIAN_POINT('Origin',(50.,4.,30.));
#10473=CARTESIAN_POINT('Origin',(50.,2.00000000000001,30.));
#10474=CARTESIAN_POINT('Origin',(60.,21.9277317714827,31.5526304792321));
#10475=CARTESIAN_POINT('',(55.,21.9277317714827,-0.231931402321707));
#10476=CARTESIAN_POINT('',(60.,21.9277317714827,-0.231931402321708));
#10477=CARTESIAN_POINT('',(55.,21.9277317714827,-12.5319314023217));
#10478=CARTESIAN_POINT('',(55.,21.9277317714827,12.5853495384552));
#10479=CARTESIAN_POINT('',(60.,21.9277317714827,-12.5319314023217));
#10480=CARTESIAN_POINT('Origin',(60.,27.9963736159955,-12.5319314023217));
#10481=CARTESIAN_POINT('',(55.,20.6963736159955,-12.5319314023217));
#10482=CARTESIAN_POINT('',(55.,27.9963736159955,-12.5319314023217));
#10483=CARTESIAN_POINT('',(60.,20.6963736159955,-12.5319314023217));
#10484=CARTESIAN_POINT('',(60.,27.9963736159955,-12.5319314023217));
#10485=CARTESIAN_POINT('Origin',(60.,20.6963736159955,-12.5319314023217));
#10486=CARTESIAN_POINT('',(55.,20.6963736159955,-0.231931402321708));
#10487=CARTESIAN_POINT('',(55.,20.6963736159955,-12.5319314023217));
#10488=CARTESIAN_POINT('',(60.,20.6963736159955,-0.231931402321708));
#10489=CARTESIAN_POINT('Origin',(60.,27.9963736159955,-0.231931402321707));
#10490=CARTESIAN_POINT('',(60.,27.9963736159955,-0.231931402321707));
#10491=CARTESIAN_POINT('Origin',(55.,24.3463736159955,-6.38193140232171));
#10492=CARTESIAN_POINT('',(55.,20.6963736159955,-0.231931402321707));
#10493=CARTESIAN_POINT('Origin',(60.,20.6963736159955,-0.231931402321707));
#10494=CARTESIAN_POINT('Origin',(-37.9304651801746,39.5,-33.5254832457384));
#10495=CARTESIAN_POINT('',(-37.9304651801746,41.5,-17.6956157993857));
#10496=CARTESIAN_POINT('',(-37.9304651801746,41.5,-33.5254832457384));
#10497=CARTESIAN_POINT('',(-37.9304651801746,41.5,-19.4882501220724));
#10498=CARTESIAN_POINT('',(-37.9304651801746,39.5,-17.6956157993857));
#10499=CARTESIAN_POINT('',(-37.9304651801746,39.5,-17.6956157993857));
#10500=CARTESIAN_POINT('',(-37.9304651801746,39.5,-33.5254832457384));
#10501=CARTESIAN_POINT('',(-37.9304651801746,39.5,-19.4882501220724));
#10502=CARTESIAN_POINT('',(-37.9304651801746,39.5,-33.5254832457384));
#10503=CARTESIAN_POINT('Origin',(-26.9610271589939,39.5,-33.5254832457384));
#10504=CARTESIAN_POINT('',(-26.9610271589939,41.5,-33.5254832457384));
#10505=CARTESIAN_POINT('',(-13.7840730739196,41.5,-33.5254832457384));
#10506=CARTESIAN_POINT('',(-26.9610271589939,39.5,-33.5254832457384));
#10507=CARTESIAN_POINT('',(-13.7840730739196,39.5,-33.5254832457384));
#10508=CARTESIAN_POINT('',(-26.9610271589939,39.5,-33.5254832457384));
#10509=CARTESIAN_POINT('Origin',(-26.9610271589939,39.5,-17.6956157993857));
#10510=CARTESIAN_POINT('',(-26.9610271589939,41.5,-17.6956157993857));
#10511=CARTESIAN_POINT('',(-26.9610271589939,41.5,-11.5733163988961));
#10512=CARTESIAN_POINT('',(-26.9610271589939,39.5,-17.6956157993857));
#10513=CARTESIAN_POINT('',(-26.9610271589939,39.5,-11.5733163988961));
#10514=CARTESIAN_POINT('',(-26.9610271589939,39.5,-17.6956157993857));
#10515=CARTESIAN_POINT('Origin',(-37.9304651801746,39.5,-17.6956157993857));
#10516=CARTESIAN_POINT('',(-19.26879208451,41.5,-17.6956157993857));
#10517=CARTESIAN_POINT('',(-19.26879208451,39.5,-17.6956157993857));
#10518=CARTESIAN_POINT('Origin',(42.9678810111546,39.5,-39.0260169984065));
#10519=CARTESIAN_POINT('',(-44.1821189888454,43.5,-39.0260169984065));
#10520=CARTESIAN_POINT('',(42.9678810111546,43.5,-39.0260169984065));
#10521=CARTESIAN_POINT('',(1.12702311308983,43.5,-39.0260169984065));
#10522=CARTESIAN_POINT('',(42.9678810111546,39.5,-39.0260169984065));
#10523=CARTESIAN_POINT('',(42.9678810111546,39.5,-39.0260169984065));
#10524=CARTESIAN_POINT('',(-44.1821189888454,39.5,-39.0260169984065));
#10525=CARTESIAN_POINT('',(-44.1821189888454,39.5,-39.0260169984065));
#10526=CARTESIAN_POINT('',(-44.1821189888454,39.5,-39.0260169984065));
#10527=CARTESIAN_POINT('Origin',(42.9678810111546,39.5,28.1239830015935));
#10528=CARTESIAN_POINT('',(42.9678810111546,43.5,28.1239830015935));
#10529=CARTESIAN_POINT('',(42.9678810111546,43.5,-5.43800849920324));
#10530=CARTESIAN_POINT('',(42.9678810111546,39.5,28.1239830015935));
#10531=CARTESIAN_POINT('',(42.9678810111546,39.5,28.1239830015935));
#10532=CARTESIAN_POINT('',(42.9678810111546,39.5,-39.0260169984065));
#10533=CARTESIAN_POINT('Origin',(-44.1821189888454,39.5,-39.0260169984065));
#10534=CARTESIAN_POINT('',(-44.1821189888454,43.5,28.1239830015935));
#10535=CARTESIAN_POINT('',(-44.1821189888454,43.5,-22.2255084992032));
#10536=CARTESIAN_POINT('',(-44.1821189888454,39.5,28.1239830015935));
#10537=CARTESIAN_POINT('',(-44.1821189888454,39.5,28.1239830015935));
#10538=CARTESIAN_POINT('',(-44.1821189888454,39.5,28.1239830015935));
#10539=CARTESIAN_POINT('Origin',(39.4678810111546,39.5,24.6239830015935));
#10540=CARTESIAN_POINT('',(-40.6821189888454,43.5,24.6239830015935));
#10541=CARTESIAN_POINT('',(39.4678810111546,43.5,24.6239830015935));
#10542=CARTESIAN_POINT('',(19.4145231130898,43.5,24.6239830015935));
#10543=CARTESIAN_POINT('',(39.4678810111546,41.5,24.6239830015935));
#10544=CARTESIAN_POINT('',(39.4678810111546,39.5,24.6239830015935));
#10545=CARTESIAN_POINT('',(-40.6821189888454,41.5,24.6239830015935));
#10546=CARTESIAN_POINT('',(39.4678810111546,41.5,24.6239830015935));
#10547=CARTESIAN_POINT('',(-40.6821189888454,39.5,24.6239830015935));
#10548=CARTESIAN_POINT('Origin',(-0.638834784974982,43.5,-5.425));
#10549=CARTESIAN_POINT('',(-22.4104768869102,43.5,28.1239830015935));
#10550=CARTESIAN_POINT('',(41.936165215025,43.5,-38.));
#10551=CARTESIAN_POINT('',(-43.213834784975,43.5,-38.));
#10552=CARTESIAN_POINT('',(19.398665215025,43.5,-38.));
#10553=CARTESIAN_POINT('',(41.936165215025,43.5,27.15));
#10554=CARTESIAN_POINT('',(41.936165215025,43.5,9.61250000000001));
#10555=CARTESIAN_POINT('',(-43.213834784975,43.5,27.15));
#10556=CARTESIAN_POINT('',(-20.676334784975,43.5,27.15));
#10557=CARTESIAN_POINT('',(-43.213834784975,43.5,-20.4625));
#10558=CARTESIAN_POINT('Origin',(-43.213834784975,43.5,-35.5));
#10559=CARTESIAN_POINT('',(-43.213834784975,41.5,27.15));
#10560=CARTESIAN_POINT('',(-43.213834784975,41.5,-38.));
#10561=CARTESIAN_POINT('',(-43.213834784975,41.5,-35.5));
#10562=CARTESIAN_POINT('',(-43.213834784975,42.5,-38.));
#10563=CARTESIAN_POINT('',(-43.213834784975,42.5,27.15));
#10564=CARTESIAN_POINT('Origin',(-41.713834784975,41.5,-35.5));
#10565=CARTESIAN_POINT('',(-41.713834784975,43.5,25.65));
#10566=CARTESIAN_POINT('',(-41.713834784975,43.5,-36.5));
#10567=CARTESIAN_POINT('',(-41.713834784975,43.5,-20.4625));
#10568=CARTESIAN_POINT('',(-41.713834784975,41.5,-36.5));
#10569=CARTESIAN_POINT('',(-41.713834784975,43.5,-36.5));
#10570=CARTESIAN_POINT('',(-41.713834784975,41.5,25.65));
#10571=CARTESIAN_POINT('',(-41.713834784975,41.5,-35.5));
#10572=CARTESIAN_POINT('',(-41.713834784975,43.5,25.65));
#10573=CARTESIAN_POINT('Origin',(39.436165215025,43.5,-38.));
#10574=CARTESIAN_POINT('',(41.936165215025,41.5,-38.));
#10575=CARTESIAN_POINT('',(39.436165215025,41.5,-38.));
#10576=CARTESIAN_POINT('',(41.936165215025,42.5,-38.));
#10577=CARTESIAN_POINT('Origin',(39.436165215025,41.5,-36.5));
#10578=CARTESIAN_POINT('',(40.436165215025,43.5,-36.5));
#10579=CARTESIAN_POINT('',(19.398665215025,43.5,-36.5));
#10580=CARTESIAN_POINT('',(40.436165215025,41.5,-36.5));
#10581=CARTESIAN_POINT('',(40.436165215025,43.5,-36.5));
#10582=CARTESIAN_POINT('',(39.436165215025,41.5,-36.5));
#10583=CARTESIAN_POINT('Origin',(41.936165215025,43.5,24.65));
#10584=CARTESIAN_POINT('',(41.936165215025,41.5,27.15));
#10585=CARTESIAN_POINT('',(41.936165215025,41.5,24.65));
#10586=CARTESIAN_POINT('',(41.936165215025,42.5,27.15));
#10587=CARTESIAN_POINT('Origin',(40.436165215025,41.5,24.65));
#10588=CARTESIAN_POINT('',(40.436165215025,43.5,25.65));
#10589=CARTESIAN_POINT('',(40.436165215025,43.5,9.61250000000001));
#10590=CARTESIAN_POINT('',(40.436165215025,41.5,25.65));
#10591=CARTESIAN_POINT('',(40.436165215025,43.5,25.65));
#10592=CARTESIAN_POINT('',(40.436165215025,41.5,24.65));
#10593=CARTESIAN_POINT('Origin',(-0.638834784974982,43.5,-5.425));
#10594=CARTESIAN_POINT('',(0.762145504665148,43.5,25.65));
#10595=CARTESIAN_POINT('',(39.4678810111546,43.5,-35.5260169984065));
#10596=CARTESIAN_POINT('',(-40.6821189888454,43.5,-35.5260169984065));
#10597=CARTESIAN_POINT('',(-20.6604768869102,43.5,-35.5260169984065));
#10598=CARTESIAN_POINT('',(39.4678810111546,43.5,-20.4755084992032));
#10599=CARTESIAN_POINT('',(-40.6821189888454,43.5,9.59949150079676));
#10600=CARTESIAN_POINT('Origin',(4.15985729674092,43.5,27.15));
#10601=CARTESIAN_POINT('',(-40.713834784975,41.5,27.15));
#10602=CARTESIAN_POINT('Origin',(2.16312579430528,43.5,25.65));
#10603=CARTESIAN_POINT('',(-40.713834784975,41.5,25.65));
#10604=CARTESIAN_POINT('Origin',(3.1614915455231,41.5,26.4));
#10605=CARTESIAN_POINT('Origin',(-44.1821189888454,39.5,28.1239830015935));
#10606=CARTESIAN_POINT('',(42.9678810111546,39.5,28.1239830015935));
#10607=CARTESIAN_POINT('Origin',(-40.6821189888454,39.5,24.6239830015935));
#10608=CARTESIAN_POINT('',(-40.6821189888454,41.5,-35.5260169984065));
#10609=CARTESIAN_POINT('',(-40.6821189888454,41.5,24.6239830015935));
#10610=CARTESIAN_POINT('',(-40.6821189888454,39.5,-35.5260169984065));
#10611=CARTESIAN_POINT('Origin',(-40.6821189888454,39.5,-35.5260169984065));
#10612=CARTESIAN_POINT('',(39.4678810111546,41.5,-35.5260169984065));
#10613=CARTESIAN_POINT('',(-40.6821189888454,41.5,-35.5260169984065));
#10614=CARTESIAN_POINT('',(39.4678810111546,39.5,-35.5260169984065));
#10615=CARTESIAN_POINT('Origin',(39.4678810111546,39.5,-35.5260169984065));
#10616=CARTESIAN_POINT('',(39.4678810111546,41.5,-35.5260169984065));
#10617=CARTESIAN_POINT('Origin',(-0.60711898884536,41.5,-5.45101699840649));
#10618=CARTESIAN_POINT('Origin',(-0.60711898884536,39.5,-5.45101699840649));
#10619=UNCERTAINTY_MEASURE_WITH_UNIT(LENGTH_MEASURE(0.01),#10623,
'DISTANCE_ACCURACY_VALUE',
'Maximum model space distance between geometric entities at asserted c
onnectivities');
#10620=UNCERTAINTY_MEASURE_WITH_UNIT(LENGTH_MEASURE(0.01),#10623,
'DISTANCE_ACCURACY_VALUE',
'Maximum model space distance between geometric entities at asserted c
onnectivities');
#10621=(
GEOMETRIC_REPRESENTATION_CONTEXT(3)
GLOBAL_UNCERTAINTY_ASSIGNED_CONTEXT((#10619))
GLOBAL_UNIT_ASSIGNED_CONTEXT((#10623,#10625,#10626))
REPRESENTATION_CONTEXT('','3D')
);
#10622=(
GEOMETRIC_REPRESENTATION_CONTEXT(3)
GLOBAL_UNCERTAINTY_ASSIGNED_CONTEXT((#10620))
GLOBAL_UNIT_ASSIGNED_CONTEXT((#10623,#10625,#10626))
REPRESENTATION_CONTEXT('','3D')
);
#10623=(
LENGTH_UNIT()
NAMED_UNIT(*)
SI_UNIT(.MILLI.,.METRE.)
);
#10624=(
LENGTH_UNIT()
NAMED_UNIT(*)
SI_UNIT($,.METRE.)
);
#10625=(
NAMED_UNIT(*)
PLANE_ANGLE_UNIT()
SI_UNIT($,.RADIAN.)
);
#10626=(
NAMED_UNIT(*)
SI_UNIT($,.STERADIAN.)
SOLID_ANGLE_UNIT()
);
#10627=SHAPE_DEFINITION_REPRESENTATION(#10628,#10629);
#10628=PRODUCT_DEFINITION_SHAPE('',$,#10631);
#10629=SHAPE_REPRESENTATION('',(#6454),#10621);
#10630=PRODUCT_DEFINITION_CONTEXT('part definition',#10635,'design');
#10631=PRODUCT_DEFINITION('2026-06-26-10-12-48-777','TAPA',#10632,#10630);
#10632=PRODUCT_DEFINITION_FORMATION('',$,#10637);
#10633=PRODUCT_RELATED_PRODUCT_CATEGORY('TAPA','TAPA',(#10637));
#10634=APPLICATION_PROTOCOL_DEFINITION('international standard',
'automotive_design',2009,#10635);
#10635=APPLICATION_CONTEXT(
'Core Data for Automotive Mechanical Design Process');
#10636=PRODUCT_CONTEXT('part definition',#10635,'mechanical');
#10637=PRODUCT('2026-06-26-10-12-48-777','TAPA',$,(#10636));
#10638=PRESENTATION_STYLE_ASSIGNMENT((#10641));
#10639=PRESENTATION_STYLE_ASSIGNMENT((#10642));
#10640=PRESENTATION_STYLE_ASSIGNMENT((#10643));
#10641=SURFACE_STYLE_USAGE(.BOTH.,#10644);
#10642=SURFACE_STYLE_USAGE(.BOTH.,#10645);
#10643=SURFACE_STYLE_USAGE(.BOTH.,#10646);
#10644=SURFACE_SIDE_STYLE('',(#10647));
#10645=SURFACE_SIDE_STYLE('',(#10648));
#10646=SURFACE_SIDE_STYLE('',(#10649));
#10647=SURFACE_STYLE_FILL_AREA(#10650);
#10648=SURFACE_STYLE_FILL_AREA(#10651);
#10649=SURFACE_STYLE_FILL_AREA(#10652);
#10650=FILL_AREA_STYLE('Acero - Satinado',(#10653));
#10651=FILL_AREA_STYLE('Nitruro de aluminio (AlN)',(#10654));
#10652=FILL_AREA_STYLE('Pintura - Esmaltado brillante (amarillo)',(#10655));
#10653=FILL_AREA_STYLE_COLOUR('Acero - Satinado',#10656);
#10654=FILL_AREA_STYLE_COLOUR('Nitruro de aluminio (AlN)',#10657);
#10655=FILL_AREA_STYLE_COLOUR(
'Pintura - Esmaltado brillante (amarillo)',#10658);
#10656=COLOUR_RGB('Acero - Satinado',0.627450980392157,0.627450980392157,
0.627450980392157);
#10657=COLOUR_RGB('Nitruro de aluminio (AlN)',0.850980392156863,0.827450980392157,
0.788235294117647);
#10658=COLOUR_RGB('Pintura - Esmaltado brillante (amarillo)',0.909803921568627,
0.67843137254902,0.137254901960784);
ENDSEC;
END-ISO-10303-21;
