ISO-10303-21;
HEADER;
/* Generated by software containing ST-Developer
 * from STEP Tools, Inc. (www.steptools.com) 
 */

FILE_DESCRIPTION(
/* description */ (''),
/* implementation_level */ '2;1');

FILE_NAME(
/* name */ 'Enclosure_parte1.step',
/* time_stamp */ '2026-07-17T19:25:03-05:00',
/* author */ (''),
/* organization */ (''),
/* preprocessor_version */ 'ST-DEVELOPER v20.1',
/* originating_system */ 'Autodesk Translation Framework v15.8.0.0',
/* authorisation */ '');

FILE_SCHEMA (('AUTOMOTIVE_DESIGN { 1 0 10303 214 3 1 1 }'));
ENDSEC;

DATA;
#10=MECHANICAL_DESIGN_GEOMETRIC_PRESENTATION_REPRESENTATION('',(#253,#254,
#255),#6761);
#11=SHAPE_REPRESENTATION_RELATIONSHIP('SRR','None',#6768,#12);
#12=ADVANCED_BREP_SHAPE_REPRESENTATION('',(#256,#257,#258),#6760);
#13=B_SPLINE_SURFACE_WITH_KNOTS('',3,1,((#6607,#6608),(#6609,#6610),(#6611,
#6612),(#6613,#6614)),.UNSPECIFIED.,.F.,.F.,.F.,(4,4),(2,2),(0.112530972285572,
0.188375978376376),(0.,0.0999999999999996),.UNSPECIFIED.);
#14=B_SPLINE_CURVE_WITH_KNOTS('',3,(#5690,#5691,#5692,#5693),
 .UNSPECIFIED.,.F.,.F.,(4,4),(2.52837065127766,2.60421565736846),
 .UNSPECIFIED.);
#15=B_SPLINE_CURVE_WITH_KNOTS('',3,(#5701,#5702,#5703,#5704,#5705,#5706,
#5707,#5708),.UNSPECIFIED.,.F.,.F.,(4,2,2,4),(2.14250155059775,2.23307121607083,
2.36544887932087,2.49050287057624),.UNSPECIFIED.);
#16=B_SPLINE_CURVE_WITH_KNOTS('',3,(#5709,#5710,#5711,#5712),
 .UNSPECIFIED.,.F.,.F.,(4,4),(2.49050287057624,2.50913484370241),
 .UNSPECIFIED.);
#17=B_SPLINE_CURVE_WITH_KNOTS('',3,(#6087,#6088,#6089,#6090,#6091,#6092,
#6093,#6094),.UNSPECIFIED.,.F.,.F.,(4,2,2,4),(0.169465972989017,0.294519964244384,
0.426897627494428,0.517467292967506),.UNSPECIFIED.);
#18=B_SPLINE_CURVE_WITH_KNOTS('',3,(#6096,#6097,#6098,#6099),
 .UNSPECIFIED.,.F.,.F.,(4,4),(0.150833999862851,0.169465972989018),
 .UNSPECIFIED.);
#19=B_SPLINE_CURVE_WITH_KNOTS('',3,(#6262,#6263,#6264,#6265,#6266,#6267),
 .UNSPECIFIED.,.F.,.F.,(4,2,4),(0.438267253492923,0.478016892023704,0.598425446407665),
 .UNSPECIFIED.);
#20=B_SPLINE_CURVE_WITH_KNOTS('',3,(#6291,#6292,#6293,#6294,#6295,#6296),
 .UNSPECIFIED.,.F.,.F.,(4,2,4),(2.45912227607614,2.57940541281579,2.61911433285229),
 .UNSPECIFIED.);
#21=B_SPLINE_CURVE_WITH_KNOTS('',3,(#6383,#6384,#6385,#6386),
 .UNSPECIFIED.,.F.,.F.,(4,4),(0.112530972285572,0.188375978376376),
 .UNSPECIFIED.);
#22=B_SPLINE_CURVE_WITH_KNOTS('',3,(#6602,#6603,#6604,#6605),
 .UNSPECIFIED.,.F.,.F.,(4,4),(0.112530972285572,0.188375978376376),
 .UNSPECIFIED.);
#23=B_SPLINE_CURVE_WITH_KNOTS('',3,(#6674,#6675,#6676,#6677,#6678,#6679,
#6680,#6681,#6682,#6683,#6684,#6685,#6686,#6687,#6688,#6689,#6690,#6691),
 .UNSPECIFIED.,.F.,.F.,(4,2,2,2,2,2,2,2,4),(0.238795138974933,0.249677541296517,
0.298661867936981,0.348034040496749,0.397406213056517,0.446778385616284,
0.496150558176052,0.545134884816516,0.5560172871381),.UNSPECIFIED.);
#24=B_SPLINE_CURVE_WITH_KNOTS('',3,(#6693,#6694,#6695,#6696,#6697,#6698,
#6699,#6700,#6701,#6702,#6703,#6704,#6705,#6706,#6707,#6708,#6709,#6710),
 .UNSPECIFIED.,.F.,.F.,(4,2,2,2,2,2,2,2,4),(0.238795138974932,0.249677541296517,
0.298661867936981,0.348034040496749,0.397406213056517,0.446778385616284,
0.496150558176052,0.545134884816516,0.5560172871381),.UNSPECIFIED.);
#25=(
BOUNDED_SURFACE()
B_SPLINE_SURFACE(2,2,((#5679,#5680,#5681),(#5682,#5683,#5684),(#5685,#5686,
#5687)),.UNSPECIFIED.,.F.,.F.,.F.)
B_SPLINE_SURFACE_WITH_KNOTS((3,3),(3,3),(-1.5707963267949,-0.442911044073639),
(-0.387560394604896,0.785398163397451),.UNSPECIFIED.)
GEOMETRIC_REPRESENTATION_ITEM()
RATIONAL_B_SPLINE_SURFACE(((1.,0.832894317042321,1.),(0.845154254728513,
0.703924175787517,0.845154254728513),(1.,0.832894317042321,1.)))
REPRESENTATION_ITEM('')
SURFACE()
);
#26=(
BOUNDED_SURFACE()
B_SPLINE_SURFACE(2,2,((#5713,#5714,#5715),(#5716,#5717,#5718),(#5719,#5720,
#5721)),.UNSPECIFIED.,.F.,.F.,.F.)
B_SPLINE_SURFACE_WITH_KNOTS((3,3),(3,3),(-1.5707963267949,-0.442911044073639),
(-0.785398163397446,0.785398163397451),.UNSPECIFIED.)
GEOMETRIC_REPRESENTATION_ITEM()
RATIONAL_B_SPLINE_SURFACE(((1.,0.707106781186548,1.),(0.845154254728518,
0.597614304667198,0.845154254728518),(1.,0.707106781186548,1.)))
REPRESENTATION_ITEM('')
SURFACE()
);
#27=(
BOUNDED_SURFACE()
B_SPLINE_SURFACE(2,2,((#5733,#5734,#5735),(#5736,#5737,#5738),(#5739,#5740,
#5741)),.UNSPECIFIED.,.F.,.F.,.F.)
B_SPLINE_SURFACE_WITH_KNOTS((3,3),(3,3),(-1.5707963267949,-0.442911044073639),
(-0.785398163397451,0.785398163397451),.UNSPECIFIED.)
GEOMETRIC_REPRESENTATION_ITEM()
RATIONAL_B_SPLINE_SURFACE(((1.,0.707106781186546,1.),(0.845154254728513,
0.597614304667193,0.845154254728513),(1.,0.707106781186546,1.)))
REPRESENTATION_ITEM('')
SURFACE()
);
#28=(
BOUNDED_SURFACE()
B_SPLINE_SURFACE(2,2,((#6373,#6374,#6375),(#6376,#6377,#6378),(#6379,#6380,
#6381)),.UNSPECIFIED.,.F.,.F.,.F.)
B_SPLINE_SURFACE_WITH_KNOTS((3,3),(3,3),(-1.5707963267949,-0.442911044073639),
(-0.785398163397446,0.387560394604896),.UNSPECIFIED.)
GEOMETRIC_REPRESENTATION_ITEM()
RATIONAL_B_SPLINE_SURFACE(((1.,0.832894317042323,1.),(0.845154254728513,
0.703924175787518,0.845154254728513),(1.,0.832894317042323,1.)))
REPRESENTATION_ITEM('')
SURFACE()
);
#29=ELLIPSE('',#4133,4.94974746830584,3.5);
#30=ELLIPSE('',#4135,4.94974746830583,3.5);
#31=ELLIPSE('',#4136,4.2727110606651,3.5);
#32=ELLIPSE('',#4138,4.2727110606651,3.5);
#33=ELLIPSE('',#4139,4.94974746830584,3.5);
#34=ELLIPSE('',#4140,4.94974746830583,3.5);
#35=ELLIPSE('',#4277,4.2727110606651,3.5);
#36=ELLIPSE('',#4284,4.2727110606651,3.5);
#37=FACE_BOUND('',#468,.T.);
#38=FACE_BOUND('',#470,.T.);
#39=FACE_BOUND('',#471,.T.);
#40=FACE_BOUND('',#472,.T.);
#41=FACE_BOUND('',#473,.T.);
#42=FACE_BOUND('',#474,.T.);
#43=FACE_BOUND('',#475,.T.);
#44=FACE_BOUND('',#476,.T.);
#45=FACE_BOUND('',#484,.T.);
#46=FACE_BOUND('',#504,.T.);
#47=FACE_BOUND('',#505,.T.);
#48=FACE_BOUND('',#508,.T.);
#49=FACE_BOUND('',#509,.T.);
#50=FACE_BOUND('',#510,.T.);
#51=FACE_BOUND('',#511,.T.);
#52=FACE_BOUND('',#512,.T.);
#53=FACE_BOUND('',#513,.T.);
#54=FACE_BOUND('',#514,.T.);
#55=FACE_BOUND('',#516,.T.);
#56=FACE_BOUND('',#565,.T.);
#57=FACE_BOUND('',#600,.T.);
#58=FACE_BOUND('',#618,.T.);
#59=FACE_BOUND('',#619,.T.);
#60=FACE_BOUND('',#633,.T.);
#61=FACE_BOUND('',#634,.T.);
#62=FACE_BOUND('',#642,.T.);
#63=FACE_BOUND('',#643,.T.);
#64=FACE_BOUND('',#652,.T.);
#65=FACE_BOUND('',#653,.T.);
#66=FACE_BOUND('',#654,.T.);
#67=FACE_BOUND('',#657,.T.);
#68=FACE_BOUND('',#658,.T.);
#69=FACE_BOUND('',#659,.T.);
#70=FACE_BOUND('',#660,.T.);
#71=FACE_BOUND('',#667,.T.);
#72=FACE_BOUND('',#668,.T.);
#73=FACE_BOUND('',#669,.T.);
#74=FACE_BOUND('',#670,.T.);
#75=FACE_BOUND('',#671,.T.);
#76=FACE_BOUND('',#672,.T.);
#77=FACE_BOUND('',#674,.T.);
#78=FACE_BOUND('',#675,.T.);
#79=FACE_BOUND('',#676,.T.);
#80=FACE_BOUND('',#677,.T.);
#81=FACE_BOUND('',#678,.T.);
#82=FACE_BOUND('',#689,.T.);
#83=FACE_BOUND('',#690,.T.);
#84=FACE_BOUND('',#691,.T.);
#85=CIRCLE('',#4099,8.);
#86=CIRCLE('',#4100,8.);
#87=CIRCLE('',#4101,8.);
#88=CIRCLE('',#4102,8.);
#89=CIRCLE('',#4104,0.575000000000001);
#90=CIRCLE('',#4105,0.575000000000001);
#91=CIRCLE('',#4106,0.575000000000001);
#92=CIRCLE('',#4107,0.575000000000001);
#93=CIRCLE('',#4108,1.8);
#94=CIRCLE('',#4109,1.8);
#95=CIRCLE('',#4110,1.8);
#96=CIRCLE('',#4112,8.);
#97=CIRCLE('',#4113,8.);
#98=CIRCLE('',#4117,2.);
#99=CIRCLE('',#4118,2.);
#100=CIRCLE('',#4120,2.);
#101=CIRCLE('',#4121,2.);
#102=CIRCLE('',#4124,5.);
#103=CIRCLE('',#4125,5.);
#104=CIRCLE('',#4126,5.);
#105=CIRCLE('',#4129,4.5);
#106=CIRCLE('',#4130,4.5);
#107=CIRCLE('',#4132,3.5);
#108=CIRCLE('',#4141,2.);
#109=CIRCLE('',#4142,3.5);
#110=CIRCLE('',#4143,5.16227766016838);
#111=CIRCLE('',#4144,5.16227766016838);
#112=CIRCLE('',#4145,3.5);
#113=CIRCLE('',#4146,2.);
#114=CIRCLE('',#4147,3.5);
#115=CIRCLE('',#4149,3.5);
#116=CIRCLE('',#4150,2.);
#117=CIRCLE('',#4151,3.5);
#118=CIRCLE('',#4152,5.16227766016838);
#119=CIRCLE('',#4154,5.16227766016838);
#120=CIRCLE('',#4156,0.575000000000001);
#121=CIRCLE('',#4158,0.575000000000001);
#122=CIRCLE('',#4160,0.575000000000001);
#123=CIRCLE('',#4162,0.575000000000001);
#124=CIRCLE('',#4164,1.8);
#125=CIRCLE('',#4166,1.8);
#126=CIRCLE('',#4168,1.8);
#127=CIRCLE('',#4170,8.);
#128=CIRCLE('',#4171,8.);
#129=CIRCLE('',#4173,3.);
#130=CIRCLE('',#4174,3.);
#131=CIRCLE('',#4175,3.);
#132=CIRCLE('',#4176,3.);
#133=CIRCLE('',#4178,4.5);
#134=CIRCLE('',#4179,4.5);
#135=CIRCLE('',#4182,4.5);
#136=CIRCLE('',#4183,4.5);
#137=CIRCLE('',#4184,4.5);
#138=CIRCLE('',#4185,4.5);
#139=CIRCLE('',#4187,4.5);
#140=CIRCLE('',#4188,4.5);
#141=CIRCLE('',#4191,3.5);
#142=CIRCLE('',#4195,8.);
#143=CIRCLE('',#4196,8.);
#144=CIRCLE('',#4200,6.30000000000001);
#145=CIRCLE('',#4201,6.30000000000001);
#146=CIRCLE('',#4202,6.30000000000001);
#147=CIRCLE('',#4203,6.30000000000001);
#148=CIRCLE('',#4208,6.3);
#149=CIRCLE('',#4211,6.3);
#150=CIRCLE('',#4214,6.3);
#151=CIRCLE('',#4217,6.3);
#152=CIRCLE('',#4220,6.);
#153=CIRCLE('',#4221,6.);
#154=CIRCLE('',#4224,3.5);
#155=CIRCLE('',#4227,6.);
#156=CIRCLE('',#4228,6.);
#157=CIRCLE('',#4232,3.5);
#158=CIRCLE('',#4236,6.);
#159=CIRCLE('',#4237,6.);
#160=CIRCLE('',#4240,6.);
#161=CIRCLE('',#4241,6.);
#162=CIRCLE('',#4257,1.625);
#163=CIRCLE('',#4260,1.625);
#164=CIRCLE('',#4261,1.625);
#165=CIRCLE('',#4263,1.625);
#166=CIRCLE('',#4270,3.5);
#167=CIRCLE('',#4279,3.5);
#168=CIRCLE('',#4281,3.5);
#169=CIRCLE('',#4286,3.5);
#170=CIRCLE('',#4294,5.);
#171=CIRCLE('',#4302,3.5);
#172=CIRCLE('',#4303,2.);
#173=CIRCLE('',#4309,2.);
#174=CIRCLE('',#4311,2.);
#175=CIRCLE('',#4320,3.5);
#176=CIRCLE('',#4322,3.5);
#177=CIRCLE('',#4332,3.);
#178=CIRCLE('',#4335,3.);
#179=CIRCLE('',#4337,3.);
#180=CIRCLE('',#4340,3.);
#181=CIRCLE('',#4347,5.);
#182=CIRCLE('',#4348,5.);
#183=CIRCLE('',#4350,5.);
#184=CIRCLE('',#4353,5.);
#185=CIRCLE('',#4367,1.29999999999999);
#186=CIRCLE('',#4368,1.29999999999999);
#187=CIRCLE('',#4369,1.29999999999999);
#188=CIRCLE('',#4370,1.29999999999999);
#189=CIRCLE('',#4371,1.30000000000001);
#190=CIRCLE('',#4372,1.29999999999999);
#191=CIRCLE('',#4374,1.29999999999999);
#192=CIRCLE('',#4375,1.29999999999999);
#193=CIRCLE('',#4376,2.);
#194=CIRCLE('',#4377,2.);
#195=CIRCLE('',#4381,1.30000000000001);
#196=CIRCLE('',#4384,1.29999999999999);
#197=CIRCLE('',#4388,2.);
#198=CIRCLE('',#4391,2.);
#199=CYLINDRICAL_SURFACE('',#4098,8.);
#200=CYLINDRICAL_SURFACE('',#4111,8.);
#201=CYLINDRICAL_SURFACE('',#4116,2.);
#202=CYLINDRICAL_SURFACE('',#4119,2.);
#203=CYLINDRICAL_SURFACE('',#4128,4.5);
#204=CYLINDRICAL_SURFACE('',#4131,3.5);
#205=CYLINDRICAL_SURFACE('',#4134,3.5);
#206=CYLINDRICAL_SURFACE('',#4137,3.5);
#207=CYLINDRICAL_SURFACE('',#4148,3.5);
#208=CYLINDRICAL_SURFACE('',#4155,0.575000000000001);
#209=CYLINDRICAL_SURFACE('',#4157,0.575000000000001);
#210=CYLINDRICAL_SURFACE('',#4159,0.575000000000001);
#211=CYLINDRICAL_SURFACE('',#4161,0.575000000000001);
#212=CYLINDRICAL_SURFACE('',#4163,1.8);
#213=CYLINDRICAL_SURFACE('',#4165,1.8);
#214=CYLINDRICAL_SURFACE('',#4167,1.8);
#215=CYLINDRICAL_SURFACE('',#4169,8.);
#216=CYLINDRICAL_SURFACE('',#4177,4.5);
#217=CYLINDRICAL_SURFACE('',#4181,4.5);
#218=CYLINDRICAL_SURFACE('',#4186,4.5);
#219=CYLINDRICAL_SURFACE('',#4190,3.5);
#220=CYLINDRICAL_SURFACE('',#4194,8.);
#221=CYLINDRICAL_SURFACE('',#4207,6.3);
#222=CYLINDRICAL_SURFACE('',#4210,6.3);
#223=CYLINDRICAL_SURFACE('',#4213,6.3);
#224=CYLINDRICAL_SURFACE('',#4216,6.3);
#225=CYLINDRICAL_SURFACE('',#4219,6.);
#226=CYLINDRICAL_SURFACE('',#4223,3.5);
#227=CYLINDRICAL_SURFACE('',#4226,6.);
#228=CYLINDRICAL_SURFACE('',#4231,3.5);
#229=CYLINDRICAL_SURFACE('',#4235,6.);
#230=CYLINDRICAL_SURFACE('',#4239,6.);
#231=CYLINDRICAL_SURFACE('',#4259,1.625);
#232=CYLINDRICAL_SURFACE('',#4262,1.625);
#233=CYLINDRICAL_SURFACE('',#4278,3.5);
#234=CYLINDRICAL_SURFACE('',#4285,3.5);
#235=CYLINDRICAL_SURFACE('',#4293,5.);
#236=CYLINDRICAL_SURFACE('',#4317,2.);
#237=CYLINDRICAL_SURFACE('',#4319,3.5);
#238=CYLINDRICAL_SURFACE('',#4321,3.5);
#239=CYLINDRICAL_SURFACE('',#4331,3.);
#240=CYLINDRICAL_SURFACE('',#4334,3.);
#241=CYLINDRICAL_SURFACE('',#4336,3.);
#242=CYLINDRICAL_SURFACE('',#4341,3.);
#243=CYLINDRICAL_SURFACE('',#4346,5.);
#244=CYLINDRICAL_SURFACE('',#4352,5.);
#245=CYLINDRICAL_SURFACE('',#4378,3.5);
#246=CYLINDRICAL_SURFACE('',#4379,3.5);
#247=CYLINDRICAL_SURFACE('',#4380,1.30000000000001);
#248=CYLINDRICAL_SURFACE('',#4382,1.29999999999999);
#249=CYLINDRICAL_SURFACE('',#4383,1.29999999999999);
#250=CYLINDRICAL_SURFACE('',#4385,1.29999999999999);
#251=CYLINDRICAL_SURFACE('',#4387,2.);
#252=CYLINDRICAL_SURFACE('',#4392,2.);
#253=STYLED_ITEM('',(#6778),#256);
#254=STYLED_ITEM('',(#6778),#257);
#255=STYLED_ITEM('',(#6778),#258);
#256=MANIFOLD_SOLID_BREP('Cuerpo3',#4070);
#257=MANIFOLD_SOLID_BREP('Cuerpo3',#4071);
#258=MANIFOLD_SOLID_BREP('Cuerpo3',#4072);
#259=FACE_OUTER_BOUND('',#455,.T.);
#260=FACE_OUTER_BOUND('',#456,.T.);
#261=FACE_OUTER_BOUND('',#457,.T.);
#262=FACE_OUTER_BOUND('',#458,.T.);
#263=FACE_OUTER_BOUND('',#459,.T.);
#264=FACE_OUTER_BOUND('',#460,.T.);
#265=FACE_OUTER_BOUND('',#461,.T.);
#266=FACE_OUTER_BOUND('',#462,.T.);
#267=FACE_OUTER_BOUND('',#463,.T.);
#268=FACE_OUTER_BOUND('',#464,.T.);
#269=FACE_OUTER_BOUND('',#465,.T.);
#270=FACE_OUTER_BOUND('',#466,.T.);
#271=FACE_OUTER_BOUND('',#467,.T.);
#272=FACE_OUTER_BOUND('',#469,.T.);
#273=FACE_OUTER_BOUND('',#477,.T.);
#274=FACE_OUTER_BOUND('',#478,.T.);
#275=FACE_OUTER_BOUND('',#479,.T.);
#276=FACE_OUTER_BOUND('',#480,.T.);
#277=FACE_OUTER_BOUND('',#481,.T.);
#278=FACE_OUTER_BOUND('',#482,.T.);
#279=FACE_OUTER_BOUND('',#483,.T.);
#280=FACE_OUTER_BOUND('',#485,.T.);
#281=FACE_OUTER_BOUND('',#486,.T.);
#282=FACE_OUTER_BOUND('',#487,.T.);
#283=FACE_OUTER_BOUND('',#488,.T.);
#284=FACE_OUTER_BOUND('',#489,.T.);
#285=FACE_OUTER_BOUND('',#490,.T.);
#286=FACE_OUTER_BOUND('',#491,.T.);
#287=FACE_OUTER_BOUND('',#492,.T.);
#288=FACE_OUTER_BOUND('',#493,.T.);
#289=FACE_OUTER_BOUND('',#494,.T.);
#290=FACE_OUTER_BOUND('',#495,.T.);
#291=FACE_OUTER_BOUND('',#496,.T.);
#292=FACE_OUTER_BOUND('',#497,.T.);
#293=FACE_OUTER_BOUND('',#498,.T.);
#294=FACE_OUTER_BOUND('',#499,.T.);
#295=FACE_OUTER_BOUND('',#500,.T.);
#296=FACE_OUTER_BOUND('',#501,.T.);
#297=FACE_OUTER_BOUND('',#502,.T.);
#298=FACE_OUTER_BOUND('',#503,.T.);
#299=FACE_OUTER_BOUND('',#506,.T.);
#300=FACE_OUTER_BOUND('',#507,.T.);
#301=FACE_OUTER_BOUND('',#515,.T.);
#302=FACE_OUTER_BOUND('',#517,.T.);
#303=FACE_OUTER_BOUND('',#518,.T.);
#304=FACE_OUTER_BOUND('',#519,.T.);
#305=FACE_OUTER_BOUND('',#520,.T.);
#306=FACE_OUTER_BOUND('',#521,.T.);
#307=FACE_OUTER_BOUND('',#522,.T.);
#308=FACE_OUTER_BOUND('',#523,.T.);
#309=FACE_OUTER_BOUND('',#524,.T.);
#310=FACE_OUTER_BOUND('',#525,.T.);
#311=FACE_OUTER_BOUND('',#526,.T.);
#312=FACE_OUTER_BOUND('',#527,.T.);
#313=FACE_OUTER_BOUND('',#528,.T.);
#314=FACE_OUTER_BOUND('',#529,.T.);
#315=FACE_OUTER_BOUND('',#530,.T.);
#316=FACE_OUTER_BOUND('',#531,.T.);
#317=FACE_OUTER_BOUND('',#532,.T.);
#318=FACE_OUTER_BOUND('',#533,.T.);
#319=FACE_OUTER_BOUND('',#534,.T.);
#320=FACE_OUTER_BOUND('',#535,.T.);
#321=FACE_OUTER_BOUND('',#536,.T.);
#322=FACE_OUTER_BOUND('',#537,.T.);
#323=FACE_OUTER_BOUND('',#538,.T.);
#324=FACE_OUTER_BOUND('',#539,.T.);
#325=FACE_OUTER_BOUND('',#540,.T.);
#326=FACE_OUTER_BOUND('',#541,.T.);
#327=FACE_OUTER_BOUND('',#542,.T.);
#328=FACE_OUTER_BOUND('',#543,.T.);
#329=FACE_OUTER_BOUND('',#544,.T.);
#330=FACE_OUTER_BOUND('',#545,.T.);
#331=FACE_OUTER_BOUND('',#546,.T.);
#332=FACE_OUTER_BOUND('',#547,.T.);
#333=FACE_OUTER_BOUND('',#548,.T.);
#334=FACE_OUTER_BOUND('',#549,.T.);
#335=FACE_OUTER_BOUND('',#550,.T.);
#336=FACE_OUTER_BOUND('',#551,.T.);
#337=FACE_OUTER_BOUND('',#552,.T.);
#338=FACE_OUTER_BOUND('',#553,.T.);
#339=FACE_OUTER_BOUND('',#554,.T.);
#340=FACE_OUTER_BOUND('',#555,.T.);
#341=FACE_OUTER_BOUND('',#556,.T.);
#342=FACE_OUTER_BOUND('',#557,.T.);
#343=FACE_OUTER_BOUND('',#558,.T.);
#344=FACE_OUTER_BOUND('',#559,.T.);
#345=FACE_OUTER_BOUND('',#560,.T.);
#346=FACE_OUTER_BOUND('',#561,.T.);
#347=FACE_OUTER_BOUND('',#562,.T.);
#348=FACE_OUTER_BOUND('',#563,.T.);
#349=FACE_OUTER_BOUND('',#564,.T.);
#350=FACE_OUTER_BOUND('',#566,.T.);
#351=FACE_OUTER_BOUND('',#567,.T.);
#352=FACE_OUTER_BOUND('',#568,.T.);
#353=FACE_OUTER_BOUND('',#569,.T.);
#354=FACE_OUTER_BOUND('',#570,.T.);
#355=FACE_OUTER_BOUND('',#571,.T.);
#356=FACE_OUTER_BOUND('',#572,.T.);
#357=FACE_OUTER_BOUND('',#573,.T.);
#358=FACE_OUTER_BOUND('',#574,.T.);
#359=FACE_OUTER_BOUND('',#575,.T.);
#360=FACE_OUTER_BOUND('',#576,.T.);
#361=FACE_OUTER_BOUND('',#577,.T.);
#362=FACE_OUTER_BOUND('',#578,.T.);
#363=FACE_OUTER_BOUND('',#579,.T.);
#364=FACE_OUTER_BOUND('',#580,.T.);
#365=FACE_OUTER_BOUND('',#581,.T.);
#366=FACE_OUTER_BOUND('',#582,.T.);
#367=FACE_OUTER_BOUND('',#583,.T.);
#368=FACE_OUTER_BOUND('',#584,.T.);
#369=FACE_OUTER_BOUND('',#585,.T.);
#370=FACE_OUTER_BOUND('',#586,.T.);
#371=FACE_OUTER_BOUND('',#587,.T.);
#372=FACE_OUTER_BOUND('',#588,.T.);
#373=FACE_OUTER_BOUND('',#589,.T.);
#374=FACE_OUTER_BOUND('',#590,.T.);
#375=FACE_OUTER_BOUND('',#591,.T.);
#376=FACE_OUTER_BOUND('',#592,.T.);
#377=FACE_OUTER_BOUND('',#593,.T.);
#378=FACE_OUTER_BOUND('',#594,.T.);
#379=FACE_OUTER_BOUND('',#595,.T.);
#380=FACE_OUTER_BOUND('',#596,.T.);
#381=FACE_OUTER_BOUND('',#597,.T.);
#382=FACE_OUTER_BOUND('',#598,.T.);
#383=FACE_OUTER_BOUND('',#599,.T.);
#384=FACE_OUTER_BOUND('',#601,.T.);
#385=FACE_OUTER_BOUND('',#602,.T.);
#386=FACE_OUTER_BOUND('',#603,.T.);
#387=FACE_OUTER_BOUND('',#604,.T.);
#388=FACE_OUTER_BOUND('',#605,.T.);
#389=FACE_OUTER_BOUND('',#606,.T.);
#390=FACE_OUTER_BOUND('',#607,.T.);
#391=FACE_OUTER_BOUND('',#608,.T.);
#392=FACE_OUTER_BOUND('',#609,.T.);
#393=FACE_OUTER_BOUND('',#610,.T.);
#394=FACE_OUTER_BOUND('',#611,.T.);
#395=FACE_OUTER_BOUND('',#612,.T.);
#396=FACE_OUTER_BOUND('',#613,.T.);
#397=FACE_OUTER_BOUND('',#614,.T.);
#398=FACE_OUTER_BOUND('',#615,.T.);
#399=FACE_OUTER_BOUND('',#616,.T.);
#400=FACE_OUTER_BOUND('',#617,.T.);
#401=FACE_OUTER_BOUND('',#620,.T.);
#402=FACE_OUTER_BOUND('',#621,.T.);
#403=FACE_OUTER_BOUND('',#622,.T.);
#404=FACE_OUTER_BOUND('',#623,.T.);
#405=FACE_OUTER_BOUND('',#624,.T.);
#406=FACE_OUTER_BOUND('',#625,.T.);
#407=FACE_OUTER_BOUND('',#626,.T.);
#408=FACE_OUTER_BOUND('',#627,.T.);
#409=FACE_OUTER_BOUND('',#628,.T.);
#410=FACE_OUTER_BOUND('',#629,.T.);
#411=FACE_OUTER_BOUND('',#630,.T.);
#412=FACE_OUTER_BOUND('',#631,.T.);
#413=FACE_OUTER_BOUND('',#632,.T.);
#414=FACE_OUTER_BOUND('',#635,.T.);
#415=FACE_OUTER_BOUND('',#636,.T.);
#416=FACE_OUTER_BOUND('',#637,.T.);
#417=FACE_OUTER_BOUND('',#638,.T.);
#418=FACE_OUTER_BOUND('',#639,.T.);
#419=FACE_OUTER_BOUND('',#640,.T.);
#420=FACE_OUTER_BOUND('',#641,.T.);
#421=FACE_OUTER_BOUND('',#644,.T.);
#422=FACE_OUTER_BOUND('',#645,.T.);
#423=FACE_OUTER_BOUND('',#646,.T.);
#424=FACE_OUTER_BOUND('',#647,.T.);
#425=FACE_OUTER_BOUND('',#648,.T.);
#426=FACE_OUTER_BOUND('',#649,.T.);
#427=FACE_OUTER_BOUND('',#650,.T.);
#428=FACE_OUTER_BOUND('',#651,.T.);
#429=FACE_OUTER_BOUND('',#655,.T.);
#430=FACE_OUTER_BOUND('',#656,.T.);
#431=FACE_OUTER_BOUND('',#661,.T.);
#432=FACE_OUTER_BOUND('',#662,.T.);
#433=FACE_OUTER_BOUND('',#663,.T.);
#434=FACE_OUTER_BOUND('',#664,.T.);
#435=FACE_OUTER_BOUND('',#665,.T.);
#436=FACE_OUTER_BOUND('',#666,.T.);
#437=FACE_OUTER_BOUND('',#673,.T.);
#438=FACE_OUTER_BOUND('',#679,.T.);
#439=FACE_OUTER_BOUND('',#680,.T.);
#440=FACE_OUTER_BOUND('',#681,.T.);
#441=FACE_OUTER_BOUND('',#682,.T.);
#442=FACE_OUTER_BOUND('',#683,.T.);
#443=FACE_OUTER_BOUND('',#684,.T.);
#444=FACE_OUTER_BOUND('',#685,.T.);
#445=FACE_OUTER_BOUND('',#686,.T.);
#446=FACE_OUTER_BOUND('',#687,.T.);
#447=FACE_OUTER_BOUND('',#688,.T.);
#448=FACE_OUTER_BOUND('',#692,.T.);
#449=FACE_OUTER_BOUND('',#693,.T.);
#450=FACE_OUTER_BOUND('',#694,.T.);
#451=FACE_OUTER_BOUND('',#695,.T.);
#452=FACE_OUTER_BOUND('',#696,.T.);
#453=FACE_OUTER_BOUND('',#697,.T.);
#454=FACE_OUTER_BOUND('',#698,.T.);
#455=EDGE_LOOP('',(#2571,#2572,#2573,#2574));
#456=EDGE_LOOP('',(#2575,#2576,#2577,#2578));
#457=EDGE_LOOP('',(#2579,#2580,#2581,#2582));
#458=EDGE_LOOP('',(#2583,#2584,#2585,#2586));
#459=EDGE_LOOP('',(#2587,#2588,#2589,#2590));
#460=EDGE_LOOP('',(#2591,#2592,#2593,#2594));
#461=EDGE_LOOP('',(#2595,#2596,#2597,#2598));
#462=EDGE_LOOP('',(#2599,#2600,#2601,#2602));
#463=EDGE_LOOP('',(#2603,#2604,#2605,#2606));
#464=EDGE_LOOP('',(#2607,#2608,#2609,#2610));
#465=EDGE_LOOP('',(#2611,#2612,#2613,#2614));
#466=EDGE_LOOP('',(#2615,#2616,#2617,#2618));
#467=EDGE_LOOP('',(#2619,#2620,#2621,#2622));
#468=EDGE_LOOP('',(#2623,#2624,#2625,#2626));
#469=EDGE_LOOP('',(#2627,#2628,#2629,#2630));
#470=EDGE_LOOP('',(#2631));
#471=EDGE_LOOP('',(#2632));
#472=EDGE_LOOP('',(#2633));
#473=EDGE_LOOP('',(#2634));
#474=EDGE_LOOP('',(#2635));
#475=EDGE_LOOP('',(#2636));
#476=EDGE_LOOP('',(#2637));
#477=EDGE_LOOP('',(#2638,#2639,#2640,#2641));
#478=EDGE_LOOP('',(#2642,#2643,#2644,#2645));
#479=EDGE_LOOP('',(#2646,#2647,#2648,#2649));
#480=EDGE_LOOP('',(#2650,#2651,#2652,#2653));
#481=EDGE_LOOP('',(#2654,#2655,#2656,#2657));
#482=EDGE_LOOP('',(#2658,#2659,#2660,#2661));
#483=EDGE_LOOP('',(#2662,#2663,#2664,#2665));
#484=EDGE_LOOP('',(#2666,#2667,#2668,#2669,#2670,#2671,#2672));
#485=EDGE_LOOP('',(#2673,#2674,#2675,#2676,#2677,#2678,#2679,#2680));
#486=EDGE_LOOP('',(#2681,#2682,#2683,#2684));
#487=EDGE_LOOP('',(#2685,#2686,#2687,#2688));
#488=EDGE_LOOP('',(#2689,#2690,#2691,#2692,#2693,#2694,#2695));
#489=EDGE_LOOP('',(#2696,#2697,#2698,#2699,#2700));
#490=EDGE_LOOP('',(#2701,#2702,#2703,#2704,#2705,#2706));
#491=EDGE_LOOP('',(#2707,#2708,#2709,#2710));
#492=EDGE_LOOP('',(#2711,#2712,#2713,#2714));
#493=EDGE_LOOP('',(#2715,#2716,#2717,#2718));
#494=EDGE_LOOP('',(#2719,#2720,#2721,#2722,#2723,#2724,#2725));
#495=EDGE_LOOP('',(#2726,#2727,#2728,#2729));
#496=EDGE_LOOP('',(#2730,#2731,#2732,#2733));
#497=EDGE_LOOP('',(#2734,#2735,#2736,#2737));
#498=EDGE_LOOP('',(#2738,#2739,#2740,#2741));
#499=EDGE_LOOP('',(#2742,#2743,#2744,#2745));
#500=EDGE_LOOP('',(#2746,#2747,#2748,#2749));
#501=EDGE_LOOP('',(#2750,#2751,#2752,#2753));
#502=EDGE_LOOP('',(#2754,#2755,#2756,#2757));
#503=EDGE_LOOP('',(#2758,#2759,#2760,#2761));
#504=EDGE_LOOP('',(#2762,#2763,#2764,#2765));
#505=EDGE_LOOP('',(#2766,#2767,#2768,#2769,#2770,#2771,#2772,#2773));
#506=EDGE_LOOP('',(#2774,#2775,#2776,#2777));
#507=EDGE_LOOP('',(#2778,#2779,#2780,#2781));
#508=EDGE_LOOP('',(#2782));
#509=EDGE_LOOP('',(#2783));
#510=EDGE_LOOP('',(#2784));
#511=EDGE_LOOP('',(#2785));
#512=EDGE_LOOP('',(#2786));
#513=EDGE_LOOP('',(#2787));
#514=EDGE_LOOP('',(#2788));
#515=EDGE_LOOP('',(#2789,#2790,#2791,#2792));
#516=EDGE_LOOP('',(#2793,#2794,#2795,#2796));
#517=EDGE_LOOP('',(#2797,#2798,#2799,#2800,#2801));
#518=EDGE_LOOP('',(#2802,#2803,#2804,#2805,#2806,#2807,#2808,#2809));
#519=EDGE_LOOP('',(#2810,#2811,#2812,#2813));
#520=EDGE_LOOP('',(#2814,#2815,#2816,#2817,#2818));
#521=EDGE_LOOP('',(#2819,#2820,#2821,#2822));
#522=EDGE_LOOP('',(#2823,#2824,#2825,#2826));
#523=EDGE_LOOP('',(#2827,#2828,#2829,#2830,#2831,#2832,#2833,#2834,#2835,
#2836,#2837,#2838,#2839,#2840,#2841,#2842));
#524=EDGE_LOOP('',(#2843,#2844,#2845,#2846,#2847,#2848,#2849,#2850,#2851,
#2852,#2853,#2854,#2855,#2856));
#525=EDGE_LOOP('',(#2857,#2858,#2859,#2860,#2861,#2862,#2863,#2864,#2865,
#2866,#2867,#2868,#2869,#2870,#2871,#2872,#2873,#2874,#2875,#2876));
#526=EDGE_LOOP('',(#2877,#2878,#2879,#2880));
#527=EDGE_LOOP('',(#2881,#2882,#2883,#2884));
#528=EDGE_LOOP('',(#2885,#2886,#2887,#2888));
#529=EDGE_LOOP('',(#2889,#2890,#2891,#2892));
#530=EDGE_LOOP('',(#2893,#2894,#2895,#2896));
#531=EDGE_LOOP('',(#2897,#2898,#2899,#2900));
#532=EDGE_LOOP('',(#2901,#2902,#2903,#2904));
#533=EDGE_LOOP('',(#2905,#2906,#2907,#2908));
#534=EDGE_LOOP('',(#2909,#2910,#2911,#2912));
#535=EDGE_LOOP('',(#2913,#2914,#2915,#2916));
#536=EDGE_LOOP('',(#2917,#2918,#2919,#2920));
#537=EDGE_LOOP('',(#2921,#2922,#2923,#2924));
#538=EDGE_LOOP('',(#2925,#2926,#2927,#2928));
#539=EDGE_LOOP('',(#2929,#2930,#2931,#2932,#2933));
#540=EDGE_LOOP('',(#2934,#2935,#2936,#2937));
#541=EDGE_LOOP('',(#2938,#2939,#2940,#2941));
#542=EDGE_LOOP('',(#2942,#2943,#2944,#2945));
#543=EDGE_LOOP('',(#2946,#2947,#2948,#2949,#2950,#2951));
#544=EDGE_LOOP('',(#2952,#2953,#2954,#2955,#2956));
#545=EDGE_LOOP('',(#2957,#2958,#2959,#2960,#2961));
#546=EDGE_LOOP('',(#2962,#2963,#2964,#2965));
#547=EDGE_LOOP('',(#2966,#2967,#2968,#2969));
#548=EDGE_LOOP('',(#2970,#2971,#2972,#2973));
#549=EDGE_LOOP('',(#2974,#2975,#2976,#2977));
#550=EDGE_LOOP('',(#2978,#2979,#2980,#2981));
#551=EDGE_LOOP('',(#2982,#2983,#2984,#2985));
#552=EDGE_LOOP('',(#2986,#2987,#2988,#2989,#2990,#2991,#2992,#2993,#2994,
#2995,#2996,#2997,#2998,#2999,#3000,#3001,#3002,#3003));
#553=EDGE_LOOP('',(#3004,#3005,#3006,#3007,#3008,#3009,#3010,#3011,#3012));
#554=EDGE_LOOP('',(#3013,#3014,#3015,#3016));
#555=EDGE_LOOP('',(#3017,#3018,#3019,#3020,#3021));
#556=EDGE_LOOP('',(#3022,#3023,#3024,#3025));
#557=EDGE_LOOP('',(#3026,#3027,#3028,#3029));
#558=EDGE_LOOP('',(#3030,#3031,#3032,#3033,#3034));
#559=EDGE_LOOP('',(#3035,#3036,#3037,#3038));
#560=EDGE_LOOP('',(#3039,#3040,#3041,#3042));
#561=EDGE_LOOP('',(#3043,#3044,#3045,#3046,#3047,#3048,#3049,#3050,#3051,
#3052,#3053,#3054,#3055,#3056));
#562=EDGE_LOOP('',(#3057,#3058,#3059,#3060));
#563=EDGE_LOOP('',(#3061,#3062,#3063,#3064));
#564=EDGE_LOOP('',(#3065,#3066,#3067,#3068));
#565=EDGE_LOOP('',(#3069));
#566=EDGE_LOOP('',(#3070,#3071,#3072,#3073));
#567=EDGE_LOOP('',(#3074,#3075,#3076,#3077));
#568=EDGE_LOOP('',(#3078,#3079,#3080,#3081));
#569=EDGE_LOOP('',(#3082,#3083,#3084,#3085));
#570=EDGE_LOOP('',(#3086,#3087,#3088,#3089));
#571=EDGE_LOOP('',(#3090,#3091,#3092,#3093));
#572=EDGE_LOOP('',(#3094,#3095,#3096,#3097));
#573=EDGE_LOOP('',(#3098,#3099,#3100,#3101,#3102,#3103,#3104,#3105,#3106));
#574=EDGE_LOOP('',(#3107,#3108,#3109,#3110,#3111,#3112,#3113,#3114,#3115));
#575=EDGE_LOOP('',(#3116,#3117,#3118,#3119));
#576=EDGE_LOOP('',(#3120,#3121,#3122,#3123));
#577=EDGE_LOOP('',(#3124,#3125,#3126,#3127));
#578=EDGE_LOOP('',(#3128,#3129,#3130,#3131));
#579=EDGE_LOOP('',(#3132,#3133,#3134,#3135));
#580=EDGE_LOOP('',(#3136,#3137,#3138,#3139));
#581=EDGE_LOOP('',(#3140,#3141,#3142));
#582=EDGE_LOOP('',(#3143,#3144,#3145,#3146,#3147,#3148,#3149,#3150,#3151));
#583=EDGE_LOOP('',(#3152,#3153,#3154,#3155));
#584=EDGE_LOOP('',(#3156,#3157,#3158,#3159));
#585=EDGE_LOOP('',(#3160,#3161,#3162));
#586=EDGE_LOOP('',(#3163,#3164,#3165,#3166));
#587=EDGE_LOOP('',(#3167,#3168,#3169,#3170));
#588=EDGE_LOOP('',(#3171,#3172,#3173,#3174));
#589=EDGE_LOOP('',(#3175,#3176,#3177,#3178));
#590=EDGE_LOOP('',(#3179,#3180,#3181,#3182));
#591=EDGE_LOOP('',(#3183,#3184,#3185,#3186));
#592=EDGE_LOOP('',(#3187,#3188,#3189,#3190));
#593=EDGE_LOOP('',(#3191,#3192,#3193,#3194));
#594=EDGE_LOOP('',(#3195,#3196,#3197,#3198));
#595=EDGE_LOOP('',(#3199,#3200,#3201,#3202));
#596=EDGE_LOOP('',(#3203,#3204,#3205,#3206));
#597=EDGE_LOOP('',(#3207,#3208,#3209,#3210));
#598=EDGE_LOOP('',(#3211,#3212,#3213,#3214));
#599=EDGE_LOOP('',(#3215,#3216,#3217,#3218));
#600=EDGE_LOOP('',(#3219));
#601=EDGE_LOOP('',(#3220,#3221,#3222,#3223,#3224,#3225));
#602=EDGE_LOOP('',(#3226,#3227,#3228,#3229));
#603=EDGE_LOOP('',(#3230,#3231,#3232,#3233));
#604=EDGE_LOOP('',(#3234,#3235,#3236,#3237));
#605=EDGE_LOOP('',(#3238,#3239,#3240,#3241,#3242));
#606=EDGE_LOOP('',(#3243,#3244,#3245,#3246,#3247,#3248,#3249));
#607=EDGE_LOOP('',(#3250,#3251,#3252,#3253,#3254,#3255,#3256));
#608=EDGE_LOOP('',(#3257,#3258,#3259));
#609=EDGE_LOOP('',(#3260,#3261,#3262,#3263,#3264,#3265,#3266,#3267));
#610=EDGE_LOOP('',(#3268,#3269,#3270,#3271));
#611=EDGE_LOOP('',(#3272,#3273,#3274,#3275));
#612=EDGE_LOOP('',(#3276,#3277,#3278,#3279));
#613=EDGE_LOOP('',(#3280,#3281,#3282,#3283));
#614=EDGE_LOOP('',(#3284,#3285,#3286,#3287,#3288,#3289,#3290,#3291,#3292,
#3293));
#615=EDGE_LOOP('',(#3294,#3295,#3296,#3297));
#616=EDGE_LOOP('',(#3298,#3299,#3300,#3301));
#617=EDGE_LOOP('',(#3302,#3303,#3304,#3305));
#618=EDGE_LOOP('',(#3306,#3307,#3308,#3309));
#619=EDGE_LOOP('',(#3310,#3311,#3312,#3313));
#620=EDGE_LOOP('',(#3314,#3315,#3316,#3317,#3318,#3319));
#621=EDGE_LOOP('',(#3320,#3321,#3322,#3323,#3324,#3325));
#622=EDGE_LOOP('',(#3326,#3327,#3328,#3329));
#623=EDGE_LOOP('',(#3330,#3331,#3332,#3333));
#624=EDGE_LOOP('',(#3334,#3335,#3336,#3337));
#625=EDGE_LOOP('',(#3338,#3339,#3340,#3341));
#626=EDGE_LOOP('',(#3342,#3343,#3344,#3345));
#627=EDGE_LOOP('',(#3346,#3347,#3348,#3349));
#628=EDGE_LOOP('',(#3350,#3351,#3352,#3353));
#629=EDGE_LOOP('',(#3354,#3355,#3356,#3357));
#630=EDGE_LOOP('',(#3358,#3359,#3360,#3361));
#631=EDGE_LOOP('',(#3362,#3363,#3364,#3365));
#632=EDGE_LOOP('',(#3366,#3367,#3368,#3369,#3370,#3371,#3372,#3373));
#633=EDGE_LOOP('',(#3374,#3375,#3376,#3377));
#634=EDGE_LOOP('',(#3378,#3379,#3380,#3381));
#635=EDGE_LOOP('',(#3382,#3383,#3384,#3385));
#636=EDGE_LOOP('',(#3386,#3387,#3388,#3389));
#637=EDGE_LOOP('',(#3390,#3391,#3392,#3393));
#638=EDGE_LOOP('',(#3394,#3395,#3396,#3397));
#639=EDGE_LOOP('',(#3398,#3399,#3400,#3401));
#640=EDGE_LOOP('',(#3402,#3403,#3404,#3405,#3406,#3407));
#641=EDGE_LOOP('',(#3408,#3409,#3410,#3411,#3412,#3413));
#642=EDGE_LOOP('',(#3414,#3415,#3416,#3417));
#643=EDGE_LOOP('',(#3418,#3419,#3420,#3421));
#644=EDGE_LOOP('',(#3422,#3423,#3424,#3425));
#645=EDGE_LOOP('',(#3426,#3427,#3428,#3429,#3430,#3431));
#646=EDGE_LOOP('',(#3432,#3433,#3434,#3435));
#647=EDGE_LOOP('',(#3436,#3437,#3438,#3439));
#648=EDGE_LOOP('',(#3440,#3441,#3442,#3443));
#649=EDGE_LOOP('',(#3444,#3445,#3446,#3447));
#650=EDGE_LOOP('',(#3448,#3449,#3450,#3451));
#651=EDGE_LOOP('',(#3452,#3453,#3454,#3455,#3456,#3457,#3458));
#652=EDGE_LOOP('',(#3459,#3460,#3461,#3462));
#653=EDGE_LOOP('',(#3463,#3464,#3465,#3466));
#654=EDGE_LOOP('',(#3467,#3468,#3469,#3470));
#655=EDGE_LOOP('',(#3471,#3472,#3473,#3474));
#656=EDGE_LOOP('',(#3475,#3476,#3477,#3478,#3479,#3480,#3481,#3482,#3483,
#3484,#3485,#3486,#3487,#3488,#3489,#3490,#3491,#3492));
#657=EDGE_LOOP('',(#3493,#3494,#3495,#3496,#3497,#3498,#3499,#3500,#3501,
#3502,#3503,#3504,#3505,#3506,#3507,#3508,#3509,#3510,#3511,#3512,#3513,
#3514,#3515,#3516,#3517,#3518,#3519,#3520,#3521,#3522,#3523,#3524,#3525));
#658=EDGE_LOOP('',(#3526,#3527,#3528,#3529,#3530,#3531,#3532,#3533,#3534,
#3535,#3536));
#659=EDGE_LOOP('',(#3537));
#660=EDGE_LOOP('',(#3538));
#661=EDGE_LOOP('',(#3539,#3540,#3541,#3542));
#662=EDGE_LOOP('',(#3543,#3544,#3545,#3546));
#663=EDGE_LOOP('',(#3547,#3548,#3549,#3550));
#664=EDGE_LOOP('',(#3551,#3552,#3553,#3554));
#665=EDGE_LOOP('',(#3555,#3556,#3557,#3558));
#666=EDGE_LOOP('',(#3559,#3560,#3561,#3562,#3563,#3564,#3565,#3566,#3567,
#3568,#3569,#3570,#3571,#3572,#3573,#3574,#3575,#3576,#3577,#3578,#3579,
#3580,#3581,#3582,#3583,#3584,#3585,#3586,#3587,#3588,#3589,#3590,#3591));
#667=EDGE_LOOP('',(#3592,#3593,#3594));
#668=EDGE_LOOP('',(#3595,#3596,#3597));
#669=EDGE_LOOP('',(#3598,#3599,#3600,#3601));
#670=EDGE_LOOP('',(#3602,#3603,#3604,#3605));
#671=EDGE_LOOP('',(#3606));
#672=EDGE_LOOP('',(#3607));
#673=EDGE_LOOP('',(#3608,#3609,#3610,#3611,#3612,#3613,#3614,#3615,#3616,
#3617,#3618,#3619,#3620));
#674=EDGE_LOOP('',(#3621));
#675=EDGE_LOOP('',(#3622));
#676=EDGE_LOOP('',(#3623,#3624,#3625,#3626,#3627,#3628,#3629,#3630));
#677=EDGE_LOOP('',(#3631,#3632,#3633));
#678=EDGE_LOOP('',(#3634,#3635,#3636));
#679=EDGE_LOOP('',(#3637,#3638,#3639,#3640,#3641,#3642,#3643,#3644,#3645));
#680=EDGE_LOOP('',(#3646,#3647,#3648,#3649,#3650,#3651,#3652,#3653,#3654));
#681=EDGE_LOOP('',(#3655,#3656,#3657,#3658));
#682=EDGE_LOOP('',(#3659,#3660,#3661,#3662,#3663,#3664));
#683=EDGE_LOOP('',(#3665,#3666,#3667,#3668));
#684=EDGE_LOOP('',(#3669,#3670,#3671,#3672,#3673,#3674));
#685=EDGE_LOOP('',(#3675,#3676,#3677,#3678));
#686=EDGE_LOOP('',(#3679,#3680,#3681,#3682));
#687=EDGE_LOOP('',(#3683,#3684,#3685,#3686));
#688=EDGE_LOOP('',(#3687,#3688,#3689,#3690,#3691,#3692,#3693,#3694));
#689=EDGE_LOOP('',(#3695));
#690=EDGE_LOOP('',(#3696));
#691=EDGE_LOOP('',(#3697,#3698,#3699,#3700));
#692=EDGE_LOOP('',(#3701,#3702,#3703,#3704));
#693=EDGE_LOOP('',(#3705,#3706,#3707,#3708,#3709,#3710,#3711,#3712));
#694=EDGE_LOOP('',(#3713,#3714,#3715,#3716,#3717,#3718));
#695=EDGE_LOOP('',(#3719,#3720,#3721,#3722));
#696=EDGE_LOOP('',(#3723,#3724,#3725,#3726));
#697=EDGE_LOOP('',(#3727,#3728,#3729,#3730));
#698=EDGE_LOOP('',(#3731,#3732,#3733,#3734,#3735,#3736));
#699=LINE('',#5481,#1149);
#700=LINE('',#5483,#1150);
#701=LINE('',#5485,#1151);
#702=LINE('',#5486,#1152);
#703=LINE('',#5490,#1153);
#704=LINE('',#5491,#1154);
#705=LINE('',#5492,#1155);
#706=LINE('',#5495,#1156);
#707=LINE('',#5496,#1157);
#708=LINE('',#5499,#1158);
#709=LINE('',#5500,#1159);
#710=LINE('',#5502,#1160);
#711=LINE('',#5507,#1161);
#712=LINE('',#5509,#1162);
#713=LINE('',#5511,#1163);
#714=LINE('',#5512,#1164);
#715=LINE('',#5516,#1165);
#716=LINE('',#5517,#1166);
#717=LINE('',#5518,#1167);
#718=LINE('',#5521,#1168);
#719=LINE('',#5522,#1169);
#720=LINE('',#5525,#1170);
#721=LINE('',#5526,#1171);
#722=LINE('',#5528,#1172);
#723=LINE('',#5535,#1173);
#724=LINE('',#5538,#1174);
#725=LINE('',#5543,#1175);
#726=LINE('',#5546,#1176);
#727=LINE('',#5549,#1177);
#728=LINE('',#5551,#1178);
#729=LINE('',#5552,#1179);
#730=LINE('',#5572,#1180);
#731=LINE('',#5576,#1181);
#732=LINE('',#5578,#1182);
#733=LINE('',#5580,#1183);
#734=LINE('',#5581,#1184);
#735=LINE('',#5585,#1185);
#736=LINE('',#5587,#1186);
#737=LINE('',#5589,#1187);
#738=LINE('',#5590,#1188);
#739=LINE('',#5598,#1189);
#740=LINE('',#5603,#1190);
#741=LINE('',#5605,#1191);
#742=LINE('',#5607,#1192);
#743=LINE('',#5608,#1193);
#744=LINE('',#5611,#1194);
#745=LINE('',#5613,#1195);
#746=LINE('',#5614,#1196);
#747=LINE('',#5617,#1197);
#748=LINE('',#5619,#1198);
#749=LINE('',#5623,#1199);
#750=LINE('',#5627,#1200);
#751=LINE('',#5632,#1201);
#752=LINE('',#5634,#1202);
#753=LINE('',#5636,#1203);
#754=LINE('',#5638,#1204);
#755=LINE('',#5640,#1205);
#756=LINE('',#5642,#1206);
#757=LINE('',#5644,#1207);
#758=LINE('',#5645,#1208);
#759=LINE('',#5651,#1209);
#760=LINE('',#5656,#1210);
#761=LINE('',#5661,#1211);
#762=LINE('',#5666,#1212);
#763=LINE('',#5667,#1213);
#764=LINE('',#5675,#1214);
#765=LINE('',#5678,#1215);
#766=LINE('',#5731,#1216);
#767=LINE('',#5732,#1217);
#768=LINE('',#5753,#1218);
#769=LINE('',#5755,#1219);
#770=LINE('',#5758,#1220);
#771=LINE('',#5759,#1221);
#772=LINE('',#5763,#1222);
#773=LINE('',#5767,#1223);
#774=LINE('',#5771,#1224);
#775=LINE('',#5775,#1225);
#776=LINE('',#5779,#1226);
#777=LINE('',#5783,#1227);
#778=LINE('',#5787,#1228);
#779=LINE('',#5793,#1229);
#780=LINE('',#5796,#1230);
#781=LINE('',#5798,#1231);
#782=LINE('',#5799,#1232);
#783=LINE('',#5802,#1233);
#784=LINE('',#5804,#1234);
#785=LINE('',#5806,#1235);
#786=LINE('',#5807,#1236);
#787=LINE('',#5810,#1237);
#788=LINE('',#5814,#1238);
#789=LINE('',#5818,#1239);
#790=LINE('',#5822,#1240);
#791=LINE('',#5829,#1241);
#792=LINE('',#5832,#1242);
#793=LINE('',#5835,#1243);
#794=LINE('',#5837,#1244);
#795=LINE('',#5838,#1245);
#796=LINE('',#5844,#1246);
#797=LINE('',#5849,#1247);
#798=LINE('',#5852,#1248);
#799=LINE('',#5858,#1249);
#800=LINE('',#5860,#1250);
#801=LINE('',#5863,#1251);
#802=LINE('',#5867,#1252);
#803=LINE('',#5868,#1253);
#804=LINE('',#5870,#1254);
#805=LINE('',#5871,#1255);
#806=LINE('',#5873,#1256);
#807=LINE('',#5874,#1257);
#808=LINE('',#5878,#1258);
#809=LINE('',#5881,#1259);
#810=LINE('',#5883,#1260);
#811=LINE('',#5884,#1261);
#812=LINE('',#5888,#1262);
#813=LINE('',#5889,#1263);
#814=LINE('',#5890,#1264);
#815=LINE('',#5896,#1265);
#816=LINE('',#5900,#1266);
#817=LINE('',#5901,#1267);
#818=LINE('',#5903,#1268);
#819=LINE('',#5905,#1269);
#820=LINE('',#5907,#1270);
#821=LINE('',#5909,#1271);
#822=LINE('',#5911,#1272);
#823=LINE('',#5912,#1273);
#824=LINE('',#5914,#1274);
#825=LINE('',#5916,#1275);
#826=LINE('',#5918,#1276);
#827=LINE('',#5919,#1277);
#828=LINE('',#5922,#1278);
#829=LINE('',#5924,#1279);
#830=LINE('',#5926,#1280);
#831=LINE('',#5928,#1281);
#832=LINE('',#5929,#1282);
#833=LINE('',#5931,#1283);
#834=LINE('',#5933,#1284);
#835=LINE('',#5935,#1285);
#836=LINE('',#5936,#1286);
#837=LINE('',#5937,#1287);
#838=LINE('',#5941,#1288);
#839=LINE('',#5945,#1289);
#840=LINE('',#5949,#1290);
#841=LINE('',#5953,#1291);
#842=LINE('',#5957,#1292);
#843=LINE('',#5958,#1293);
#844=LINE('',#5959,#1294);
#845=LINE('',#5963,#1295);
#846=LINE('',#5964,#1296);
#847=LINE('',#5965,#1297);
#848=LINE('',#5967,#1298);
#849=LINE('',#5970,#1299);
#850=LINE('',#5971,#1300);
#851=LINE('',#5975,#1301);
#852=LINE('',#5978,#1302);
#853=LINE('',#5979,#1303);
#854=LINE('',#5983,#1304);
#855=LINE('',#5986,#1305);
#856=LINE('',#5987,#1306);
#857=LINE('',#5991,#1307);
#858=LINE('',#5994,#1308);
#859=LINE('',#5995,#1309);
#860=LINE('',#5999,#1310);
#861=LINE('',#6001,#1311);
#862=LINE('',#6007,#1312);
#863=LINE('',#6010,#1313);
#864=LINE('',#6012,#1314);
#865=LINE('',#6013,#1315);
#866=LINE('',#6016,#1316);
#867=LINE('',#6020,#1317);
#868=LINE('',#6022,#1318);
#869=LINE('',#6023,#1319);
#870=LINE('',#6029,#1320);
#871=LINE('',#6031,#1321);
#872=LINE('',#6032,#1322);
#873=LINE('',#6035,#1323);
#874=LINE('',#6037,#1324);
#875=LINE('',#6038,#1325);
#876=LINE('',#6040,#1326);
#877=LINE('',#6042,#1327);
#878=LINE('',#6043,#1328);
#879=LINE('',#6047,#1329);
#880=LINE('',#6050,#1330);
#881=LINE('',#6052,#1331);
#882=LINE('',#6053,#1332);
#883=LINE('',#6059,#1333);
#884=LINE('',#6062,#1334);
#885=LINE('',#6064,#1335);
#886=LINE('',#6065,#1336);
#887=LINE('',#6071,#1337);
#888=LINE('',#6073,#1338);
#889=LINE('',#6074,#1339);
#890=LINE('',#6076,#1340);
#891=LINE('',#6077,#1341);
#892=LINE('',#6082,#1342);
#893=LINE('',#6084,#1343);
#894=LINE('',#6085,#1344);
#895=LINE('',#6101,#1345);
#896=LINE('',#6102,#1346);
#897=LINE('',#6105,#1347);
#898=LINE('',#6107,#1348);
#899=LINE('',#6108,#1349);
#900=LINE('',#6110,#1350);
#901=LINE('',#6111,#1351);
#902=LINE('',#6113,#1352);
#903=LINE('',#6115,#1353);
#904=LINE('',#6120,#1354);
#905=LINE('',#6121,#1355);
#906=LINE('',#6122,#1356);
#907=LINE('',#6125,#1357);
#908=LINE('',#6127,#1358);
#909=LINE('',#6128,#1359);
#910=LINE('',#6132,#1360);
#911=LINE('',#6134,#1361);
#912=LINE('',#6136,#1362);
#913=LINE('',#6137,#1363);
#914=LINE('',#6139,#1364);
#915=LINE('',#6141,#1365);
#916=LINE('',#6142,#1366);
#917=LINE('',#6144,#1367);
#918=LINE('',#6146,#1368);
#919=LINE('',#6148,#1369);
#920=LINE('',#6150,#1370);
#921=LINE('',#6151,#1371);
#922=LINE('',#6155,#1372);
#923=LINE('',#6157,#1373);
#924=LINE('',#6159,#1374);
#925=LINE('',#6160,#1375);
#926=LINE('',#6162,#1376);
#927=LINE('',#6163,#1377);
#928=LINE('',#6165,#1378);
#929=LINE('',#6169,#1379);
#930=LINE('',#6174,#1380);
#931=LINE('',#6179,#1381);
#932=LINE('',#6182,#1382);
#933=LINE('',#6184,#1383);
#934=LINE('',#6185,#1384);
#935=LINE('',#6188,#1385);
#936=LINE('',#6189,#1386);
#937=LINE('',#6191,#1387);
#938=LINE('',#6192,#1388);
#939=LINE('',#6196,#1389);
#940=LINE('',#6197,#1390);
#941=LINE('',#6198,#1391);
#942=LINE('',#6201,#1392);
#943=LINE('',#6202,#1393);
#944=LINE('',#6204,#1394);
#945=LINE('',#6205,#1395);
#946=LINE('',#6209,#1396);
#947=LINE('',#6211,#1397);
#948=LINE('',#6212,#1398);
#949=LINE('',#6216,#1399);
#950=LINE('',#6218,#1400);
#951=LINE('',#6219,#1401);
#952=LINE('',#6222,#1402);
#953=LINE('',#6224,#1403);
#954=LINE('',#6225,#1404);
#955=LINE('',#6229,#1405);
#956=LINE('',#6231,#1406);
#957=LINE('',#6233,#1407);
#958=LINE('',#6234,#1408);
#959=LINE('',#6237,#1409);
#960=LINE('',#6239,#1410);
#961=LINE('',#6240,#1411);
#962=LINE('',#6242,#1412);
#963=LINE('',#6243,#1413);
#964=LINE('',#6247,#1414);
#965=LINE('',#6249,#1415);
#966=LINE('',#6251,#1416);
#967=LINE('',#6252,#1417);
#968=LINE('',#6255,#1418);
#969=LINE('',#6257,#1419);
#970=LINE('',#6270,#1420);
#971=LINE('',#6272,#1421);
#972=LINE('',#6273,#1422);
#973=LINE('',#6275,#1423);
#974=LINE('',#6278,#1424);
#975=LINE('',#6280,#1425);
#976=LINE('',#6281,#1426);
#977=LINE('',#6284,#1427);
#978=LINE('',#6287,#1428);
#979=LINE('',#6300,#1429);
#980=LINE('',#6302,#1430);
#981=LINE('',#6304,#1431);
#982=LINE('',#6305,#1432);
#983=LINE('',#6308,#1433);
#984=LINE('',#6310,#1434);
#985=LINE('',#6311,#1435);
#986=LINE('',#6313,#1436);
#987=LINE('',#6314,#1437);
#988=LINE('',#6316,#1438);
#989=LINE('',#6317,#1439);
#990=LINE('',#6322,#1440);
#991=LINE('',#6323,#1441);
#992=LINE('',#6324,#1442);
#993=LINE('',#6328,#1443);
#994=LINE('',#6332,#1444);
#995=LINE('',#6334,#1445);
#996=LINE('',#6336,#1446);
#997=LINE('',#6337,#1447);
#998=LINE('',#6340,#1448);
#999=LINE('',#6342,#1449);
#1000=LINE('',#6343,#1450);
#1001=LINE('',#6346,#1451);
#1002=LINE('',#6348,#1452);
#1003=LINE('',#6349,#1453);
#1004=LINE('',#6351,#1454);
#1005=LINE('',#6352,#1455);
#1006=LINE('',#6356,#1456);
#1007=LINE('',#6358,#1457);
#1008=LINE('',#6360,#1458);
#1009=LINE('',#6361,#1459);
#1010=LINE('',#6365,#1460);
#1011=LINE('',#6367,#1461);
#1012=LINE('',#6369,#1462);
#1013=LINE('',#6370,#1463);
#1014=LINE('',#6372,#1464);
#1015=LINE('',#6393,#1465);
#1016=LINE('',#6395,#1466);
#1017=LINE('',#6397,#1467);
#1018=LINE('',#6398,#1468);
#1019=LINE('',#6401,#1469);
#1020=LINE('',#6403,#1470);
#1021=LINE('',#6404,#1471);
#1022=LINE('',#6407,#1472);
#1023=LINE('',#6409,#1473);
#1024=LINE('',#6410,#1474);
#1025=LINE('',#6414,#1475);
#1026=LINE('',#6415,#1476);
#1027=LINE('',#6416,#1477);
#1028=LINE('',#6420,#1478);
#1029=LINE('',#6422,#1479);
#1030=LINE('',#6424,#1480);
#1031=LINE('',#6428,#1481);
#1032=LINE('',#6429,#1482);
#1033=LINE('',#6432,#1483);
#1034=LINE('',#6435,#1484);
#1035=LINE('',#6436,#1485);
#1036=LINE('',#6440,#1486);
#1037=LINE('',#6441,#1487);
#1038=LINE('',#6442,#1488);
#1039=LINE('',#6443,#1489);
#1040=LINE('',#6446,#1490);
#1041=LINE('',#6448,#1491);
#1042=LINE('',#6449,#1492);
#1043=LINE('',#6453,#1493);
#1044=LINE('',#6455,#1494);
#1045=LINE('',#6457,#1495);
#1046=LINE('',#6458,#1496);
#1047=LINE('',#6460,#1497);
#1048=LINE('',#6461,#1498);
#1049=LINE('',#6465,#1499);
#1050=LINE('',#6466,#1500);
#1051=LINE('',#6470,#1501);
#1052=LINE('',#6474,#1502);
#1053=LINE('',#6478,#1503);
#1054=LINE('',#6480,#1504);
#1055=LINE('',#6482,#1505);
#1056=LINE('',#6483,#1506);
#1057=LINE('',#6486,#1507);
#1058=LINE('',#6488,#1508);
#1059=LINE('',#6490,#1509);
#1060=LINE('',#6491,#1510);
#1061=LINE('',#6493,#1511);
#1062=LINE('',#6495,#1512);
#1063=LINE('',#6496,#1513);
#1064=LINE('',#6498,#1514);
#1065=LINE('',#6499,#1515);
#1066=LINE('',#6501,#1516);
#1067=LINE('',#6502,#1517);
#1068=LINE('',#6505,#1518);
#1069=LINE('',#6506,#1519);
#1070=LINE('',#6509,#1520);
#1071=LINE('',#6511,#1521);
#1072=LINE('',#6512,#1522);
#1073=LINE('',#6515,#1523);
#1074=LINE('',#6517,#1524);
#1075=LINE('',#6518,#1525);
#1076=LINE('',#6521,#1526);
#1077=LINE('',#6522,#1527);
#1078=LINE('',#6524,#1528);
#1079=LINE('',#6528,#1529);
#1080=LINE('',#6531,#1530);
#1081=LINE('',#6532,#1531);
#1082=LINE('',#6538,#1532);
#1083=LINE('',#6541,#1533);
#1084=LINE('',#6542,#1534);
#1085=LINE('',#6547,#1535);
#1086=LINE('',#6549,#1536);
#1087=LINE('',#6551,#1537);
#1088=LINE('',#6552,#1538);
#1089=LINE('',#6555,#1539);
#1090=LINE('',#6556,#1540);
#1091=LINE('',#6558,#1541);
#1092=LINE('',#6560,#1542);
#1093=LINE('',#6565,#1543);
#1094=LINE('',#6570,#1544);
#1095=LINE('',#6571,#1545);
#1096=LINE('',#6573,#1546);
#1097=LINE('',#6574,#1547);
#1098=LINE('',#6578,#1548);
#1099=LINE('',#6579,#1549);
#1100=LINE('',#6580,#1550);
#1101=LINE('',#6584,#1551);
#1102=LINE('',#6586,#1552);
#1103=LINE('',#6589,#1553);
#1104=LINE('',#6590,#1554);
#1105=LINE('',#6592,#1555);
#1106=LINE('',#6595,#1556);
#1107=LINE('',#6596,#1557);
#1108=LINE('',#6598,#1558);
#1109=LINE('',#6600,#1559);
#1110=LINE('',#6606,#1560);
#1111=LINE('',#6615,#1561);
#1112=LINE('',#6620,#1562);
#1113=LINE('',#6622,#1563);
#1114=LINE('',#6624,#1564);
#1115=LINE('',#6625,#1565);
#1116=LINE('',#6629,#1566);
#1117=LINE('',#6630,#1567);
#1118=LINE('',#6631,#1568);
#1119=LINE('',#6634,#1569);
#1120=LINE('',#6635,#1570);
#1121=LINE('',#6638,#1571);
#1122=LINE('',#6639,#1572);
#1123=LINE('',#6641,#1573);
#1124=LINE('',#6648,#1574);
#1125=LINE('',#6650,#1575);
#1126=LINE('',#6655,#1576);
#1127=LINE('',#6656,#1577);
#1128=LINE('',#6668,#1578);
#1129=LINE('',#6671,#1579);
#1130=LINE('',#6713,#1580);
#1131=LINE('',#6716,#1581);
#1132=LINE('',#6719,#1582);
#1133=LINE('',#6722,#1583);
#1134=LINE('',#6725,#1584);
#1135=LINE('',#6726,#1585);
#1136=LINE('',#6730,#1586);
#1137=LINE('',#6733,#1587);
#1138=LINE('',#6734,#1588);
#1139=LINE('',#6740,#1589);
#1140=LINE('',#6742,#1590);
#1141=LINE('',#6743,#1591);
#1142=LINE('',#6746,#1592);
#1143=LINE('',#6747,#1593);
#1144=LINE('',#6748,#1594);
#1145=LINE('',#6751,#1595);
#1146=LINE('',#6752,#1596);
#1147=LINE('',#6754,#1597);
#1148=LINE('',#6756,#1598);
#1149=VECTOR('',#4403,10.);
#1150=VECTOR('',#4404,10.);
#1151=VECTOR('',#4405,10.);
#1152=VECTOR('',#4406,10.);
#1153=VECTOR('',#4409,10.);
#1154=VECTOR('',#4410,10.);
#1155=VECTOR('',#4411,10.);
#1156=VECTOR('',#4414,10.);
#1157=VECTOR('',#4415,10.);
#1158=VECTOR('',#4418,10.);
#1159=VECTOR('',#4419,10.);
#1160=VECTOR('',#4422,10.);
#1161=VECTOR('',#4427,10.);
#1162=VECTOR('',#4428,10.);
#1163=VECTOR('',#4429,10.);
#1164=VECTOR('',#4430,10.);
#1165=VECTOR('',#4433,10.);
#1166=VECTOR('',#4434,10.);
#1167=VECTOR('',#4435,10.);
#1168=VECTOR('',#4438,10.);
#1169=VECTOR('',#4439,10.);
#1170=VECTOR('',#4442,10.);
#1171=VECTOR('',#4443,10.);
#1172=VECTOR('',#4446,10.);
#1173=VECTOR('',#4453,10.);
#1174=VECTOR('',#4456,10.);
#1175=VECTOR('',#4459,10.);
#1176=VECTOR('',#4462,10.);
#1177=VECTOR('',#4465,10.);
#1178=VECTOR('',#4466,10.);
#1179=VECTOR('',#4467,10.);
#1180=VECTOR('',#4488,10.);
#1181=VECTOR('',#4491,10.);
#1182=VECTOR('',#4492,10.);
#1183=VECTOR('',#4493,10.);
#1184=VECTOR('',#4494,10.);
#1185=VECTOR('',#4497,10.);
#1186=VECTOR('',#4498,10.);
#1187=VECTOR('',#4499,10.);
#1188=VECTOR('',#4500,10.);
#1189=VECTOR('',#4511,10.);
#1190=VECTOR('',#4516,10.);
#1191=VECTOR('',#4517,10.);
#1192=VECTOR('',#4518,10.);
#1193=VECTOR('',#4519,10.);
#1194=VECTOR('',#4522,10.);
#1195=VECTOR('',#4523,10.);
#1196=VECTOR('',#4524,10.);
#1197=VECTOR('',#4525,10.);
#1198=VECTOR('',#4526,10.);
#1199=VECTOR('',#4529,10.);
#1200=VECTOR('',#4532,10.);
#1201=VECTOR('',#4537,10.);
#1202=VECTOR('',#4538,10.);
#1203=VECTOR('',#4539,10.);
#1204=VECTOR('',#4540,10.);
#1205=VECTOR('',#4541,10.);
#1206=VECTOR('',#4542,10.);
#1207=VECTOR('',#4543,10.);
#1208=VECTOR('',#4544,10.);
#1209=VECTOR('',#4551,10.);
#1210=VECTOR('',#4556,10.);
#1211=VECTOR('',#4561,10.);
#1212=VECTOR('',#4566,10.);
#1213=VECTOR('',#4567,10.);
#1214=VECTOR('',#4574,10.);
#1215=VECTOR('',#4577,10.);
#1216=VECTOR('',#4594,10.);
#1217=VECTOR('',#4595,10.);
#1218=VECTOR('',#4606,10.);
#1219=VECTOR('',#4607,10.);
#1220=VECTOR('',#4610,10.);
#1221=VECTOR('',#4611,10.);
#1222=VECTOR('',#4616,0.575000000000001);
#1223=VECTOR('',#4621,0.575000000000001);
#1224=VECTOR('',#4626,0.575000000000001);
#1225=VECTOR('',#4631,0.575000000000001);
#1226=VECTOR('',#4636,1.8);
#1227=VECTOR('',#4641,1.8);
#1228=VECTOR('',#4646,1.8);
#1229=VECTOR('',#4651,10.);
#1230=VECTOR('',#4654,10.);
#1231=VECTOR('',#4657,10.);
#1232=VECTOR('',#4658,10.);
#1233=VECTOR('',#4659,10.);
#1234=VECTOR('',#4660,10.);
#1235=VECTOR('',#4661,10.);
#1236=VECTOR('',#4662,10.);
#1237=VECTOR('',#4663,10.);
#1238=VECTOR('',#4666,10.);
#1239=VECTOR('',#4669,10.);
#1240=VECTOR('',#4672,10.);
#1241=VECTOR('',#4679,10.);
#1242=VECTOR('',#4682,10.);
#1243=VECTOR('',#4685,10.);
#1244=VECTOR('',#4686,10.);
#1245=VECTOR('',#4687,10.);
#1246=VECTOR('',#4694,10.);
#1247=VECTOR('',#4697,10.);
#1248=VECTOR('',#4700,10.);
#1249=VECTOR('',#4705,10.);
#1250=VECTOR('',#4706,10.);
#1251=VECTOR('',#4709,10.);
#1252=VECTOR('',#4712,10.);
#1253=VECTOR('',#4713,10.);
#1254=VECTOR('',#4714,10.);
#1255=VECTOR('',#4715,10.);
#1256=VECTOR('',#4716,10.);
#1257=VECTOR('',#4717,10.);
#1258=VECTOR('',#4722,10.);
#1259=VECTOR('',#4725,10.);
#1260=VECTOR('',#4726,10.);
#1261=VECTOR('',#4727,10.);
#1262=VECTOR('',#4730,10.);
#1263=VECTOR('',#4731,10.);
#1264=VECTOR('',#4732,10.);
#1265=VECTOR('',#4739,10.);
#1266=VECTOR('',#4742,10.);
#1267=VECTOR('',#4743,10.);
#1268=VECTOR('',#4744,10.);
#1269=VECTOR('',#4745,10.);
#1270=VECTOR('',#4746,10.);
#1271=VECTOR('',#4747,10.);
#1272=VECTOR('',#4748,10.);
#1273=VECTOR('',#4749,10.);
#1274=VECTOR('',#4750,10.);
#1275=VECTOR('',#4751,10.);
#1276=VECTOR('',#4752,10.);
#1277=VECTOR('',#4753,10.);
#1278=VECTOR('',#4756,10.);
#1279=VECTOR('',#4757,10.);
#1280=VECTOR('',#4758,10.);
#1281=VECTOR('',#4759,10.);
#1282=VECTOR('',#4760,10.);
#1283=VECTOR('',#4761,10.);
#1284=VECTOR('',#4762,10.);
#1285=VECTOR('',#4763,10.);
#1286=VECTOR('',#4764,10.);
#1287=VECTOR('',#4765,10.);
#1288=VECTOR('',#4768,10.);
#1289=VECTOR('',#4771,10.);
#1290=VECTOR('',#4774,10.);
#1291=VECTOR('',#4777,10.);
#1292=VECTOR('',#4780,10.);
#1293=VECTOR('',#4781,10.);
#1294=VECTOR('',#4782,10.);
#1295=VECTOR('',#4785,10.);
#1296=VECTOR('',#4786,10.);
#1297=VECTOR('',#4787,10.);
#1298=VECTOR('',#4790,10.);
#1299=VECTOR('',#4793,10.);
#1300=VECTOR('',#4794,10.);
#1301=VECTOR('',#4799,10.);
#1302=VECTOR('',#4802,10.);
#1303=VECTOR('',#4803,10.);
#1304=VECTOR('',#4808,10.);
#1305=VECTOR('',#4811,10.);
#1306=VECTOR('',#4812,10.);
#1307=VECTOR('',#4817,10.);
#1308=VECTOR('',#4820,10.);
#1309=VECTOR('',#4821,10.);
#1310=VECTOR('',#4826,10.);
#1311=VECTOR('',#4829,10.);
#1312=VECTOR('',#4834,10.);
#1313=VECTOR('',#4837,10.);
#1314=VECTOR('',#4840,10.);
#1315=VECTOR('',#4841,10.);
#1316=VECTOR('',#4844,10.);
#1317=VECTOR('',#4849,10.);
#1318=VECTOR('',#4850,10.);
#1319=VECTOR('',#4851,10.);
#1320=VECTOR('',#4858,10.);
#1321=VECTOR('',#4861,10.);
#1322=VECTOR('',#4862,10.);
#1323=VECTOR('',#4865,10.);
#1324=VECTOR('',#4866,10.);
#1325=VECTOR('',#4867,10.);
#1326=VECTOR('',#4868,10.);
#1327=VECTOR('',#4869,10.);
#1328=VECTOR('',#4870,10.);
#1329=VECTOR('',#4877,10.);
#1330=VECTOR('',#4880,10.);
#1331=VECTOR('',#4881,10.);
#1332=VECTOR('',#4882,10.);
#1333=VECTOR('',#4889,10.);
#1334=VECTOR('',#4892,10.);
#1335=VECTOR('',#4893,10.);
#1336=VECTOR('',#4894,10.);
#1337=VECTOR('',#4901,10.);
#1338=VECTOR('',#4904,10.);
#1339=VECTOR('',#4905,10.);
#1340=VECTOR('',#4908,10.);
#1341=VECTOR('',#4909,10.);
#1342=VECTOR('',#4914,10.);
#1343=VECTOR('',#4915,10.);
#1344=VECTOR('',#4916,10.);
#1345=VECTOR('',#4917,10.);
#1346=VECTOR('',#4918,10.);
#1347=VECTOR('',#4921,10.);
#1348=VECTOR('',#4922,10.);
#1349=VECTOR('',#4923,10.);
#1350=VECTOR('',#4926,10.);
#1351=VECTOR('',#4927,10.);
#1352=VECTOR('',#4930,10.);
#1353=VECTOR('',#4933,10.);
#1354=VECTOR('',#4938,10.);
#1355=VECTOR('',#4939,10.);
#1356=VECTOR('',#4940,10.);
#1357=VECTOR('',#4943,10.);
#1358=VECTOR('',#4944,10.);
#1359=VECTOR('',#4945,10.);
#1360=VECTOR('',#4948,10.);
#1361=VECTOR('',#4949,10.);
#1362=VECTOR('',#4950,10.);
#1363=VECTOR('',#4951,10.);
#1364=VECTOR('',#4952,10.);
#1365=VECTOR('',#4953,10.);
#1366=VECTOR('',#4954,10.);
#1367=VECTOR('',#4955,10.);
#1368=VECTOR('',#4956,10.);
#1369=VECTOR('',#4957,10.);
#1370=VECTOR('',#4958,10.);
#1371=VECTOR('',#4959,10.);
#1372=VECTOR('',#4962,10.);
#1373=VECTOR('',#4963,10.);
#1374=VECTOR('',#4964,10.);
#1375=VECTOR('',#4965,10.);
#1376=VECTOR('',#4968,10.);
#1377=VECTOR('',#4969,10.);
#1378=VECTOR('',#4972,10.);
#1379=VECTOR('',#4977,10.);
#1380=VECTOR('',#4982,1.625);
#1381=VECTOR('',#4989,1.625);
#1382=VECTOR('',#4992,10.);
#1383=VECTOR('',#4993,10.);
#1384=VECTOR('',#4994,10.);
#1385=VECTOR('',#4997,10.);
#1386=VECTOR('',#4998,10.);
#1387=VECTOR('',#5001,10.);
#1388=VECTOR('',#5002,10.);
#1389=VECTOR('',#5005,10.);
#1390=VECTOR('',#5006,10.);
#1391=VECTOR('',#5007,10.);
#1392=VECTOR('',#5010,10.);
#1393=VECTOR('',#5011,10.);
#1394=VECTOR('',#5012,10.);
#1395=VECTOR('',#5013,10.);
#1396=VECTOR('',#5016,10.);
#1397=VECTOR('',#5017,10.);
#1398=VECTOR('',#5018,10.);
#1399=VECTOR('',#5021,10.);
#1400=VECTOR('',#5022,10.);
#1401=VECTOR('',#5023,10.);
#1402=VECTOR('',#5026,10.);
#1403=VECTOR('',#5027,10.);
#1404=VECTOR('',#5028,10.);
#1405=VECTOR('',#5031,10.);
#1406=VECTOR('',#5032,10.);
#1407=VECTOR('',#5033,10.);
#1408=VECTOR('',#5034,10.);
#1409=VECTOR('',#5037,10.);
#1410=VECTOR('',#5038,10.);
#1411=VECTOR('',#5039,10.);
#1412=VECTOR('',#5042,10.);
#1413=VECTOR('',#5043,10.);
#1414=VECTOR('',#5046,10.);
#1415=VECTOR('',#5047,10.);
#1416=VECTOR('',#5048,10.);
#1417=VECTOR('',#5049,10.);
#1418=VECTOR('',#5052,10.);
#1419=VECTOR('',#5053,10.);
#1420=VECTOR('',#5062,10.);
#1421=VECTOR('',#5063,10.);
#1422=VECTOR('',#5064,10.);
#1423=VECTOR('',#5067,10.);
#1424=VECTOR('',#5070,10.);
#1425=VECTOR('',#5071,10.);
#1426=VECTOR('',#5072,10.);
#1427=VECTOR('',#5075,10.);
#1428=VECTOR('',#5078,10.);
#1429=VECTOR('',#5085,10.);
#1430=VECTOR('',#5086,10.);
#1431=VECTOR('',#5087,10.);
#1432=VECTOR('',#5088,10.);
#1433=VECTOR('',#5091,10.);
#1434=VECTOR('',#5092,10.);
#1435=VECTOR('',#5093,10.);
#1436=VECTOR('',#5096,10.);
#1437=VECTOR('',#5097,10.);
#1438=VECTOR('',#5100,10.);
#1439=VECTOR('',#5101,10.);
#1440=VECTOR('',#5106,10.);
#1441=VECTOR('',#5107,10.);
#1442=VECTOR('',#5108,10.);
#1443=VECTOR('',#5113,10.);
#1444=VECTOR('',#5116,10.);
#1445=VECTOR('',#5117,10.);
#1446=VECTOR('',#5118,10.);
#1447=VECTOR('',#5119,10.);
#1448=VECTOR('',#5122,10.);
#1449=VECTOR('',#5123,10.);
#1450=VECTOR('',#5124,10.);
#1451=VECTOR('',#5127,10.);
#1452=VECTOR('',#5128,10.);
#1453=VECTOR('',#5129,10.);
#1454=VECTOR('',#5132,10.);
#1455=VECTOR('',#5133,10.);
#1456=VECTOR('',#5136,10.);
#1457=VECTOR('',#5137,10.);
#1458=VECTOR('',#5138,10.);
#1459=VECTOR('',#5139,10.);
#1460=VECTOR('',#5142,10.);
#1461=VECTOR('',#5143,10.);
#1462=VECTOR('',#5144,10.);
#1463=VECTOR('',#5145,10.);
#1464=VECTOR('',#5148,10.);
#1465=VECTOR('',#5155,10.);
#1466=VECTOR('',#5156,10.);
#1467=VECTOR('',#5157,10.);
#1468=VECTOR('',#5158,10.);
#1469=VECTOR('',#5161,10.);
#1470=VECTOR('',#5162,10.);
#1471=VECTOR('',#5163,10.);
#1472=VECTOR('',#5166,10.);
#1473=VECTOR('',#5167,10.);
#1474=VECTOR('',#5168,10.);
#1475=VECTOR('',#5171,10.);
#1476=VECTOR('',#5172,10.);
#1477=VECTOR('',#5173,10.);
#1478=VECTOR('',#5176,10.);
#1479=VECTOR('',#5177,10.);
#1480=VECTOR('',#5180,10.);
#1481=VECTOR('',#5183,10.);
#1482=VECTOR('',#5184,10.);
#1483=VECTOR('',#5187,10.);
#1484=VECTOR('',#5190,10.);
#1485=VECTOR('',#5191,10.);
#1486=VECTOR('',#5194,10.);
#1487=VECTOR('',#5195,10.);
#1488=VECTOR('',#5196,10.);
#1489=VECTOR('',#5197,10.);
#1490=VECTOR('',#5200,10.);
#1491=VECTOR('',#5201,10.);
#1492=VECTOR('',#5202,10.);
#1493=VECTOR('',#5205,10.);
#1494=VECTOR('',#5206,10.);
#1495=VECTOR('',#5207,10.);
#1496=VECTOR('',#5208,10.);
#1497=VECTOR('',#5211,10.);
#1498=VECTOR('',#5212,10.);
#1499=VECTOR('',#5217,10.);
#1500=VECTOR('',#5218,10.);
#1501=VECTOR('',#5223,10.);
#1502=VECTOR('',#5228,10.);
#1503=VECTOR('',#5231,10.);
#1504=VECTOR('',#5232,10.);
#1505=VECTOR('',#5233,10.);
#1506=VECTOR('',#5234,10.);
#1507=VECTOR('',#5235,10.);
#1508=VECTOR('',#5236,10.);
#1509=VECTOR('',#5237,10.);
#1510=VECTOR('',#5238,10.);
#1511=VECTOR('',#5239,10.);
#1512=VECTOR('',#5240,10.);
#1513=VECTOR('',#5241,10.);
#1514=VECTOR('',#5244,10.);
#1515=VECTOR('',#5245,10.);
#1516=VECTOR('',#5248,10.);
#1517=VECTOR('',#5249,10.);
#1518=VECTOR('',#5252,10.);
#1519=VECTOR('',#5253,10.);
#1520=VECTOR('',#5256,10.);
#1521=VECTOR('',#5257,10.);
#1522=VECTOR('',#5258,10.);
#1523=VECTOR('',#5261,10.);
#1524=VECTOR('',#5262,10.);
#1525=VECTOR('',#5263,10.);
#1526=VECTOR('',#5266,10.);
#1527=VECTOR('',#5267,10.);
#1528=VECTOR('',#5270,10.);
#1529=VECTOR('',#5275,10.);
#1530=VECTOR('',#5278,10.);
#1531=VECTOR('',#5279,10.);
#1532=VECTOR('',#5288,10.);
#1533=VECTOR('',#5291,10.);
#1534=VECTOR('',#5292,10.);
#1535=VECTOR('',#5297,10.);
#1536=VECTOR('',#5298,10.);
#1537=VECTOR('',#5299,10.);
#1538=VECTOR('',#5300,10.);
#1539=VECTOR('',#5305,10.);
#1540=VECTOR('',#5306,10.);
#1541=VECTOR('',#5309,10.);
#1542=VECTOR('',#5312,10.);
#1543=VECTOR('',#5319,10.);
#1544=VECTOR('',#5326,10.);
#1545=VECTOR('',#5327,10.);
#1546=VECTOR('',#5328,10.);
#1547=VECTOR('',#5329,10.);
#1548=VECTOR('',#5332,10.);
#1549=VECTOR('',#5333,10.);
#1550=VECTOR('',#5334,10.);
#1551=VECTOR('',#5339,10.);
#1552=VECTOR('',#5342,10.);
#1553=VECTOR('',#5345,10.);
#1554=VECTOR('',#5346,10.);
#1555=VECTOR('',#5349,10.);
#1556=VECTOR('',#5352,10.);
#1557=VECTOR('',#5353,10.);
#1558=VECTOR('',#5356,10.);
#1559=VECTOR('',#5359,10.);
#1560=VECTOR('',#5360,10.);
#1561=VECTOR('',#5361,10.);
#1562=VECTOR('',#5366,10.);
#1563=VECTOR('',#5367,10.);
#1564=VECTOR('',#5368,10.);
#1565=VECTOR('',#5369,10.);
#1566=VECTOR('',#5372,10.);
#1567=VECTOR('',#5373,10.);
#1568=VECTOR('',#5374,10.);
#1569=VECTOR('',#5377,10.);
#1570=VECTOR('',#5378,10.);
#1571=VECTOR('',#5381,10.);
#1572=VECTOR('',#5382,10.);
#1573=VECTOR('',#5385,10.);
#1574=VECTOR('',#5392,10.);
#1575=VECTOR('',#5393,10.);
#1576=VECTOR('',#5398,10.);
#1577=VECTOR('',#5399,10.);
#1578=VECTOR('',#5410,10.);
#1579=VECTOR('',#5413,10.);
#1580=VECTOR('',#5422,1.30000000000001);
#1581=VECTOR('',#5427,1.29999999999999);
#1582=VECTOR('',#5430,1.29999999999999);
#1583=VECTOR('',#5435,1.29999999999999);
#1584=VECTOR('',#5438,10.);
#1585=VECTOR('',#5439,10.);
#1586=VECTOR('',#5444,10.);
#1587=VECTOR('',#5447,10.);
#1588=VECTOR('',#5448,10.);
#1589=VECTOR('',#5457,10.);
#1590=VECTOR('',#5458,10.);
#1591=VECTOR('',#5459,10.);
#1592=VECTOR('',#5462,10.);
#1593=VECTOR('',#5463,10.);
#1594=VECTOR('',#5464,10.);
#1595=VECTOR('',#5467,10.);
#1596=VECTOR('',#5468,10.);
#1597=VECTOR('',#5471,10.);
#1598=VECTOR('',#5474,10.);
#1599=VERTEX_POINT('',#5479);
#1600=VERTEX_POINT('',#5480);
#1601=VERTEX_POINT('',#5482);
#1602=VERTEX_POINT('',#5484);
#1603=VERTEX_POINT('',#5488);
#1604=VERTEX_POINT('',#5489);
#1605=VERTEX_POINT('',#5494);
#1606=VERTEX_POINT('',#5498);
#1607=VERTEX_POINT('',#5505);
#1608=VERTEX_POINT('',#5506);
#1609=VERTEX_POINT('',#5508);
#1610=VERTEX_POINT('',#5510);
#1611=VERTEX_POINT('',#5514);
#1612=VERTEX_POINT('',#5515);
#1613=VERTEX_POINT('',#5520);
#1614=VERTEX_POINT('',#5524);
#1615=VERTEX_POINT('',#5531);
#1616=VERTEX_POINT('',#5532);
#1617=VERTEX_POINT('',#5534);
#1618=VERTEX_POINT('',#5536);
#1619=VERTEX_POINT('',#5539);
#1620=VERTEX_POINT('',#5540);
#1621=VERTEX_POINT('',#5542);
#1622=VERTEX_POINT('',#5544);
#1623=VERTEX_POINT('',#5548);
#1624=VERTEX_POINT('',#5550);
#1625=VERTEX_POINT('',#5553);
#1626=VERTEX_POINT('',#5555);
#1627=VERTEX_POINT('',#5557);
#1628=VERTEX_POINT('',#5559);
#1629=VERTEX_POINT('',#5561);
#1630=VERTEX_POINT('',#5563);
#1631=VERTEX_POINT('',#5565);
#1632=VERTEX_POINT('',#5568);
#1633=VERTEX_POINT('',#5570);
#1634=VERTEX_POINT('',#5574);
#1635=VERTEX_POINT('',#5575);
#1636=VERTEX_POINT('',#5577);
#1637=VERTEX_POINT('',#5579);
#1638=VERTEX_POINT('',#5583);
#1639=VERTEX_POINT('',#5584);
#1640=VERTEX_POINT('',#5586);
#1641=VERTEX_POINT('',#5588);
#1642=VERTEX_POINT('',#5595);
#1643=VERTEX_POINT('',#5597);
#1644=VERTEX_POINT('',#5601);
#1645=VERTEX_POINT('',#5602);
#1646=VERTEX_POINT('',#5604);
#1647=VERTEX_POINT('',#5606);
#1648=VERTEX_POINT('',#5610);
#1649=VERTEX_POINT('',#5612);
#1650=VERTEX_POINT('',#5615);
#1651=VERTEX_POINT('',#5616);
#1652=VERTEX_POINT('',#5618);
#1653=VERTEX_POINT('',#5620);
#1654=VERTEX_POINT('',#5622);
#1655=VERTEX_POINT('',#5624);
#1656=VERTEX_POINT('',#5626);
#1657=VERTEX_POINT('',#5630);
#1658=VERTEX_POINT('',#5631);
#1659=VERTEX_POINT('',#5633);
#1660=VERTEX_POINT('',#5635);
#1661=VERTEX_POINT('',#5637);
#1662=VERTEX_POINT('',#5639);
#1663=VERTEX_POINT('',#5641);
#1664=VERTEX_POINT('',#5643);
#1665=VERTEX_POINT('',#5647);
#1666=VERTEX_POINT('',#5649);
#1667=VERTEX_POINT('',#5653);
#1668=VERTEX_POINT('',#5655);
#1669=VERTEX_POINT('',#5659);
#1670=VERTEX_POINT('',#5660);
#1671=VERTEX_POINT('',#5663);
#1672=VERTEX_POINT('',#5665);
#1673=VERTEX_POINT('',#5669);
#1674=VERTEX_POINT('',#5670);
#1675=VERTEX_POINT('',#5672);
#1676=VERTEX_POINT('',#5674);
#1677=VERTEX_POINT('',#5676);
#1678=VERTEX_POINT('',#5688);
#1679=VERTEX_POINT('',#5689);
#1680=VERTEX_POINT('',#5694);
#1681=VERTEX_POINT('',#5696);
#1682=VERTEX_POINT('',#5698);
#1683=VERTEX_POINT('',#5700);
#1684=VERTEX_POINT('',#5722);
#1685=VERTEX_POINT('',#5723);
#1686=VERTEX_POINT('',#5725);
#1687=VERTEX_POINT('',#5727);
#1688=VERTEX_POINT('',#5742);
#1689=VERTEX_POINT('',#5743);
#1690=VERTEX_POINT('',#5745);
#1691=VERTEX_POINT('',#5747);
#1692=VERTEX_POINT('',#5751);
#1693=VERTEX_POINT('',#5752);
#1694=VERTEX_POINT('',#5754);
#1695=VERTEX_POINT('',#5756);
#1696=VERTEX_POINT('',#5761);
#1697=VERTEX_POINT('',#5765);
#1698=VERTEX_POINT('',#5769);
#1699=VERTEX_POINT('',#5773);
#1700=VERTEX_POINT('',#5777);
#1701=VERTEX_POINT('',#5781);
#1702=VERTEX_POINT('',#5785);
#1703=VERTEX_POINT('',#5789);
#1704=VERTEX_POINT('',#5790);
#1705=VERTEX_POINT('',#5792);
#1706=VERTEX_POINT('',#5794);
#1707=VERTEX_POINT('',#5800);
#1708=VERTEX_POINT('',#5801);
#1709=VERTEX_POINT('',#5803);
#1710=VERTEX_POINT('',#5805);
#1711=VERTEX_POINT('',#5808);
#1712=VERTEX_POINT('',#5809);
#1713=VERTEX_POINT('',#5811);
#1714=VERTEX_POINT('',#5813);
#1715=VERTEX_POINT('',#5815);
#1716=VERTEX_POINT('',#5817);
#1717=VERTEX_POINT('',#5819);
#1718=VERTEX_POINT('',#5821);
#1719=VERTEX_POINT('',#5825);
#1720=VERTEX_POINT('',#5826);
#1721=VERTEX_POINT('',#5828);
#1722=VERTEX_POINT('',#5830);
#1723=VERTEX_POINT('',#5834);
#1724=VERTEX_POINT('',#5836);
#1725=VERTEX_POINT('',#5840);
#1726=VERTEX_POINT('',#5842);
#1727=VERTEX_POINT('',#5845);
#1728=VERTEX_POINT('',#5846);
#1729=VERTEX_POINT('',#5848);
#1730=VERTEX_POINT('',#5850);
#1731=VERTEX_POINT('',#5854);
#1732=VERTEX_POINT('',#5855);
#1733=VERTEX_POINT('',#5857);
#1734=VERTEX_POINT('',#5859);
#1735=VERTEX_POINT('',#5861);
#1736=VERTEX_POINT('',#5865);
#1737=VERTEX_POINT('',#5866);
#1738=VERTEX_POINT('',#5869);
#1739=VERTEX_POINT('',#5872);
#1740=VERTEX_POINT('',#5876);
#1741=VERTEX_POINT('',#5880);
#1742=VERTEX_POINT('',#5882);
#1743=VERTEX_POINT('',#5886);
#1744=VERTEX_POINT('',#5887);
#1745=VERTEX_POINT('',#5892);
#1746=VERTEX_POINT('',#5894);
#1747=VERTEX_POINT('',#5898);
#1748=VERTEX_POINT('',#5899);
#1749=VERTEX_POINT('',#5902);
#1750=VERTEX_POINT('',#5904);
#1751=VERTEX_POINT('',#5906);
#1752=VERTEX_POINT('',#5908);
#1753=VERTEX_POINT('',#5910);
#1754=VERTEX_POINT('',#5913);
#1755=VERTEX_POINT('',#5915);
#1756=VERTEX_POINT('',#5917);
#1757=VERTEX_POINT('',#5921);
#1758=VERTEX_POINT('',#5923);
#1759=VERTEX_POINT('',#5925);
#1760=VERTEX_POINT('',#5927);
#1761=VERTEX_POINT('',#5930);
#1762=VERTEX_POINT('',#5932);
#1763=VERTEX_POINT('',#5934);
#1764=VERTEX_POINT('',#5939);
#1765=VERTEX_POINT('',#5940);
#1766=VERTEX_POINT('',#5942);
#1767=VERTEX_POINT('',#5944);
#1768=VERTEX_POINT('',#5946);
#1769=VERTEX_POINT('',#5948);
#1770=VERTEX_POINT('',#5950);
#1771=VERTEX_POINT('',#5952);
#1772=VERTEX_POINT('',#5954);
#1773=VERTEX_POINT('',#5956);
#1774=VERTEX_POINT('',#5961);
#1775=VERTEX_POINT('',#5962);
#1776=VERTEX_POINT('',#5969);
#1777=VERTEX_POINT('',#5973);
#1778=VERTEX_POINT('',#5977);
#1779=VERTEX_POINT('',#5981);
#1780=VERTEX_POINT('',#5985);
#1781=VERTEX_POINT('',#5989);
#1782=VERTEX_POINT('',#5993);
#1783=VERTEX_POINT('',#5997);
#1784=VERTEX_POINT('',#6003);
#1785=VERTEX_POINT('',#6004);
#1786=VERTEX_POINT('',#6006);
#1787=VERTEX_POINT('',#6008);
#1788=VERTEX_POINT('',#6015);
#1789=VERTEX_POINT('',#6019);
#1790=VERTEX_POINT('',#6021);
#1791=VERTEX_POINT('',#6025);
#1792=VERTEX_POINT('',#6027);
#1793=VERTEX_POINT('',#6034);
#1794=VERTEX_POINT('',#6036);
#1795=VERTEX_POINT('',#6039);
#1796=VERTEX_POINT('',#6041);
#1797=VERTEX_POINT('',#6049);
#1798=VERTEX_POINT('',#6051);
#1799=VERTEX_POINT('',#6055);
#1800=VERTEX_POINT('',#6057);
#1801=VERTEX_POINT('',#6061);
#1802=VERTEX_POINT('',#6063);
#1803=VERTEX_POINT('',#6067);
#1804=VERTEX_POINT('',#6069);
#1805=VERTEX_POINT('',#6080);
#1806=VERTEX_POINT('',#6081);
#1807=VERTEX_POINT('',#6083);
#1808=VERTEX_POINT('',#6086);
#1809=VERTEX_POINT('',#6095);
#1810=VERTEX_POINT('',#6100);
#1811=VERTEX_POINT('',#6104);
#1812=VERTEX_POINT('',#6106);
#1813=VERTEX_POINT('',#6118);
#1814=VERTEX_POINT('',#6119);
#1815=VERTEX_POINT('',#6124);
#1816=VERTEX_POINT('',#6126);
#1817=VERTEX_POINT('',#6130);
#1818=VERTEX_POINT('',#6131);
#1819=VERTEX_POINT('',#6133);
#1820=VERTEX_POINT('',#6135);
#1821=VERTEX_POINT('',#6138);
#1822=VERTEX_POINT('',#6140);
#1823=VERTEX_POINT('',#6143);
#1824=VERTEX_POINT('',#6145);
#1825=VERTEX_POINT('',#6147);
#1826=VERTEX_POINT('',#6149);
#1827=VERTEX_POINT('',#6153);
#1828=VERTEX_POINT('',#6154);
#1829=VERTEX_POINT('',#6156);
#1830=VERTEX_POINT('',#6158);
#1831=VERTEX_POINT('',#6166);
#1832=VERTEX_POINT('',#6171);
#1833=VERTEX_POINT('',#6173);
#1834=VERTEX_POINT('',#6177);
#1835=VERTEX_POINT('',#6181);
#1836=VERTEX_POINT('',#6183);
#1837=VERTEX_POINT('',#6187);
#1838=VERTEX_POINT('',#6194);
#1839=VERTEX_POINT('',#6195);
#1840=VERTEX_POINT('',#6200);
#1841=VERTEX_POINT('',#6203);
#1842=VERTEX_POINT('',#6207);
#1843=VERTEX_POINT('',#6208);
#1844=VERTEX_POINT('',#6210);
#1845=VERTEX_POINT('',#6213);
#1846=VERTEX_POINT('',#6215);
#1847=VERTEX_POINT('',#6217);
#1848=VERTEX_POINT('',#6221);
#1849=VERTEX_POINT('',#6223);
#1850=VERTEX_POINT('',#6227);
#1851=VERTEX_POINT('',#6228);
#1852=VERTEX_POINT('',#6230);
#1853=VERTEX_POINT('',#6232);
#1854=VERTEX_POINT('',#6236);
#1855=VERTEX_POINT('',#6238);
#1856=VERTEX_POINT('',#6245);
#1857=VERTEX_POINT('',#6246);
#1858=VERTEX_POINT('',#6248);
#1859=VERTEX_POINT('',#6250);
#1860=VERTEX_POINT('',#6254);
#1861=VERTEX_POINT('',#6256);
#1862=VERTEX_POINT('',#6260);
#1863=VERTEX_POINT('',#6269);
#1864=VERTEX_POINT('',#6271);
#1865=VERTEX_POINT('',#6277);
#1866=VERTEX_POINT('',#6279);
#1867=VERTEX_POINT('',#6283);
#1868=VERTEX_POINT('',#6285);
#1869=VERTEX_POINT('',#6289);
#1870=VERTEX_POINT('',#6298);
#1871=VERTEX_POINT('',#6299);
#1872=VERTEX_POINT('',#6301);
#1873=VERTEX_POINT('',#6303);
#1874=VERTEX_POINT('',#6307);
#1875=VERTEX_POINT('',#6309);
#1876=VERTEX_POINT('',#6320);
#1877=VERTEX_POINT('',#6321);
#1878=VERTEX_POINT('',#6326);
#1879=VERTEX_POINT('',#6330);
#1880=VERTEX_POINT('',#6331);
#1881=VERTEX_POINT('',#6333);
#1882=VERTEX_POINT('',#6335);
#1883=VERTEX_POINT('',#6339);
#1884=VERTEX_POINT('',#6341);
#1885=VERTEX_POINT('',#6345);
#1886=VERTEX_POINT('',#6347);
#1887=VERTEX_POINT('',#6354);
#1888=VERTEX_POINT('',#6355);
#1889=VERTEX_POINT('',#6357);
#1890=VERTEX_POINT('',#6359);
#1891=VERTEX_POINT('',#6363);
#1892=VERTEX_POINT('',#6364);
#1893=VERTEX_POINT('',#6366);
#1894=VERTEX_POINT('',#6368);
#1895=VERTEX_POINT('',#6382);
#1896=VERTEX_POINT('',#6387);
#1897=VERTEX_POINT('',#6391);
#1898=VERTEX_POINT('',#6392);
#1899=VERTEX_POINT('',#6394);
#1900=VERTEX_POINT('',#6396);
#1901=VERTEX_POINT('',#6400);
#1902=VERTEX_POINT('',#6402);
#1903=VERTEX_POINT('',#6406);
#1904=VERTEX_POINT('',#6408);
#1905=VERTEX_POINT('',#6412);
#1906=VERTEX_POINT('',#6413);
#1907=VERTEX_POINT('',#6418);
#1908=VERTEX_POINT('',#6419);
#1909=VERTEX_POINT('',#6421);
#1910=VERTEX_POINT('',#6426);
#1911=VERTEX_POINT('',#6427);
#1912=VERTEX_POINT('',#6430);
#1913=VERTEX_POINT('',#6434);
#1914=VERTEX_POINT('',#6438);
#1915=VERTEX_POINT('',#6439);
#1916=VERTEX_POINT('',#6445);
#1917=VERTEX_POINT('',#6447);
#1918=VERTEX_POINT('',#6451);
#1919=VERTEX_POINT('',#6452);
#1920=VERTEX_POINT('',#6454);
#1921=VERTEX_POINT('',#6456);
#1922=VERTEX_POINT('',#6464);
#1923=VERTEX_POINT('',#6468);
#1924=VERTEX_POINT('',#6472);
#1925=VERTEX_POINT('',#6476);
#1926=VERTEX_POINT('',#6477);
#1927=VERTEX_POINT('',#6479);
#1928=VERTEX_POINT('',#6481);
#1929=VERTEX_POINT('',#6484);
#1930=VERTEX_POINT('',#6485);
#1931=VERTEX_POINT('',#6487);
#1932=VERTEX_POINT('',#6489);
#1933=VERTEX_POINT('',#6492);
#1934=VERTEX_POINT('',#6494);
#1935=VERTEX_POINT('',#6504);
#1936=VERTEX_POINT('',#6508);
#1937=VERTEX_POINT('',#6510);
#1938=VERTEX_POINT('',#6514);
#1939=VERTEX_POINT('',#6516);
#1940=VERTEX_POINT('',#6520);
#1941=VERTEX_POINT('',#6526);
#1942=VERTEX_POINT('',#6530);
#1943=VERTEX_POINT('',#6536);
#1944=VERTEX_POINT('',#6540);
#1945=VERTEX_POINT('',#6545);
#1946=VERTEX_POINT('',#6546);
#1947=VERTEX_POINT('',#6548);
#1948=VERTEX_POINT('',#6550);
#1949=VERTEX_POINT('',#6563);
#1950=VERTEX_POINT('',#6569);
#1951=VERTEX_POINT('',#6572);
#1952=VERTEX_POINT('',#6576);
#1953=VERTEX_POINT('',#6577);
#1954=VERTEX_POINT('',#6582);
#1955=VERTEX_POINT('',#6588);
#1956=VERTEX_POINT('',#6594);
#1957=VERTEX_POINT('',#6601);
#1958=VERTEX_POINT('',#6618);
#1959=VERTEX_POINT('',#6619);
#1960=VERTEX_POINT('',#6621);
#1961=VERTEX_POINT('',#6623);
#1962=VERTEX_POINT('',#6627);
#1963=VERTEX_POINT('',#6628);
#1964=VERTEX_POINT('',#6633);
#1965=VERTEX_POINT('',#6637);
#1966=VERTEX_POINT('',#6643);
#1967=VERTEX_POINT('',#6644);
#1968=VERTEX_POINT('',#6646);
#1969=VERTEX_POINT('',#6649);
#1970=VERTEX_POINT('',#6651);
#1971=VERTEX_POINT('',#6653);
#1972=VERTEX_POINT('',#6657);
#1973=VERTEX_POINT('',#6659);
#1974=VERTEX_POINT('',#6662);
#1975=VERTEX_POINT('',#6664);
#1976=VERTEX_POINT('',#6666);
#1977=VERTEX_POINT('',#6667);
#1978=VERTEX_POINT('',#6670);
#1979=VERTEX_POINT('',#6712);
#1980=VERTEX_POINT('',#6718);
#1981=VERTEX_POINT('',#6724);
#1982=VERTEX_POINT('',#6728);
#1983=VERTEX_POINT('',#6732);
#1984=VERTEX_POINT('',#6739);
#1985=VERTEX_POINT('',#6741);
#1986=VERTEX_POINT('',#6745);
#1987=VERTEX_POINT('',#6750);
#1988=EDGE_CURVE('',#1599,#1600,#699,.T.);
#1989=EDGE_CURVE('',#1600,#1601,#700,.T.);
#1990=EDGE_CURVE('',#1601,#1602,#701,.T.);
#1991=EDGE_CURVE('',#1602,#1599,#702,.T.);
#1992=EDGE_CURVE('',#1603,#1604,#703,.T.);
#1993=EDGE_CURVE('',#1603,#1599,#704,.T.);
#1994=EDGE_CURVE('',#1604,#1602,#705,.T.);
#1995=EDGE_CURVE('',#1604,#1605,#706,.T.);
#1996=EDGE_CURVE('',#1605,#1601,#707,.T.);
#1997=EDGE_CURVE('',#1605,#1606,#708,.T.);
#1998=EDGE_CURVE('',#1606,#1600,#709,.T.);
#1999=EDGE_CURVE('',#1603,#1606,#710,.T.);
#2000=EDGE_CURVE('',#1607,#1608,#711,.T.);
#2001=EDGE_CURVE('',#1608,#1609,#712,.T.);
#2002=EDGE_CURVE('',#1609,#1610,#713,.T.);
#2003=EDGE_CURVE('',#1610,#1607,#714,.T.);
#2004=EDGE_CURVE('',#1611,#1612,#715,.T.);
#2005=EDGE_CURVE('',#1612,#1607,#716,.T.);
#2006=EDGE_CURVE('',#1611,#1610,#717,.T.);
#2007=EDGE_CURVE('',#1611,#1613,#718,.T.);
#2008=EDGE_CURVE('',#1613,#1609,#719,.T.);
#2009=EDGE_CURVE('',#1614,#1613,#720,.T.);
#2010=EDGE_CURVE('',#1614,#1608,#721,.T.);
#2011=EDGE_CURVE('',#1612,#1614,#722,.T.);
#2012=EDGE_CURVE('',#1615,#1616,#85,.T.);
#2013=EDGE_CURVE('',#1616,#1617,#723,.T.);
#2014=EDGE_CURVE('',#1617,#1618,#86,.T.);
#2015=EDGE_CURVE('',#1618,#1615,#724,.T.);
#2016=EDGE_CURVE('',#1619,#1620,#87,.T.);
#2017=EDGE_CURVE('',#1620,#1621,#725,.T.);
#2018=EDGE_CURVE('',#1621,#1622,#88,.T.);
#2019=EDGE_CURVE('',#1622,#1619,#726,.T.);
#2020=EDGE_CURVE('',#1623,#1615,#727,.T.);
#2021=EDGE_CURVE('',#1624,#1618,#728,.T.);
#2022=EDGE_CURVE('',#1623,#1624,#729,.T.);
#2023=EDGE_CURVE('',#1625,#1625,#89,.T.);
#2024=EDGE_CURVE('',#1626,#1626,#90,.T.);
#2025=EDGE_CURVE('',#1627,#1627,#91,.T.);
#2026=EDGE_CURVE('',#1628,#1628,#92,.T.);
#2027=EDGE_CURVE('',#1629,#1629,#93,.T.);
#2028=EDGE_CURVE('',#1630,#1630,#94,.T.);
#2029=EDGE_CURVE('',#1631,#1631,#95,.T.);
#2030=EDGE_CURVE('',#1632,#1623,#96,.T.);
#2031=EDGE_CURVE('',#1624,#1633,#97,.T.);
#2032=EDGE_CURVE('',#1633,#1632,#730,.T.);
#2033=EDGE_CURVE('',#1634,#1635,#731,.T.);
#2034=EDGE_CURVE('',#1636,#1634,#732,.T.);
#2035=EDGE_CURVE('',#1637,#1636,#733,.T.);
#2036=EDGE_CURVE('',#1637,#1635,#734,.T.);
#2037=EDGE_CURVE('',#1638,#1639,#735,.T.);
#2038=EDGE_CURVE('',#1638,#1640,#736,.T.);
#2039=EDGE_CURVE('',#1641,#1640,#737,.T.);
#2040=EDGE_CURVE('',#1639,#1641,#738,.T.);
#2041=EDGE_CURVE('',#1637,#1640,#98,.T.);
#2042=EDGE_CURVE('',#1636,#1641,#99,.T.);
#2043=EDGE_CURVE('',#1642,#1635,#100,.T.);
#2044=EDGE_CURVE('',#1642,#1643,#739,.T.);
#2045=EDGE_CURVE('',#1643,#1634,#101,.T.);
#2046=EDGE_CURVE('',#1644,#1645,#740,.T.);
#2047=EDGE_CURVE('',#1646,#1645,#741,.T.);
#2048=EDGE_CURVE('',#1647,#1646,#742,.T.);
#2049=EDGE_CURVE('',#1647,#1644,#743,.T.);
#2050=EDGE_CURVE('',#1648,#1632,#744,.T.);
#2051=EDGE_CURVE('',#1649,#1633,#745,.T.);
#2052=EDGE_CURVE('',#1648,#1649,#746,.T.);
#2053=EDGE_CURVE('',#1650,#1651,#747,.T.);
#2054=EDGE_CURVE('',#1651,#1652,#748,.T.);
#2055=EDGE_CURVE('',#1653,#1652,#102,.T.);
#2056=EDGE_CURVE('',#1653,#1654,#749,.T.);
#2057=EDGE_CURVE('',#1655,#1654,#103,.T.);
#2058=EDGE_CURVE('',#1655,#1656,#750,.T.);
#2059=EDGE_CURVE('',#1650,#1656,#104,.T.);
#2060=EDGE_CURVE('',#1657,#1658,#751,.T.);
#2061=EDGE_CURVE('',#1659,#1658,#752,.T.);
#2062=EDGE_CURVE('',#1660,#1659,#753,.T.);
#2063=EDGE_CURVE('',#1660,#1661,#754,.T.);
#2064=EDGE_CURVE('',#1661,#1662,#755,.T.);
#2065=EDGE_CURVE('',#1663,#1662,#756,.T.);
#2066=EDGE_CURVE('',#1664,#1663,#757,.T.);
#2067=EDGE_CURVE('',#1657,#1664,#758,.T.);
#2068=EDGE_CURVE('',#1665,#1661,#105,.T.);
#2069=EDGE_CURVE('',#1666,#1660,#106,.T.);
#2070=EDGE_CURVE('',#1666,#1665,#759,.T.);
#2071=EDGE_CURVE('',#1662,#1667,#107,.T.);
#2072=EDGE_CURVE('',#1668,#1667,#760,.T.);
#2073=EDGE_CURVE('',#1663,#1668,#29,.T.);
#2074=EDGE_CURVE('',#1669,#1670,#761,.T.);
#2075=EDGE_CURVE('',#1669,#1664,#30,.T.);
#2076=EDGE_CURVE('',#1671,#1668,#31,.T.);
#2077=EDGE_CURVE('',#1672,#1671,#762,.T.);
#2078=EDGE_CURVE('',#1670,#1672,#763,.T.);
#2079=EDGE_CURVE('',#1673,#1674,#32,.T.);
#2080=EDGE_CURVE('',#1673,#1675,#33,.T.);
#2081=EDGE_CURVE('',#1675,#1676,#764,.T.);
#2082=EDGE_CURVE('',#1677,#1676,#34,.T.);
#2083=EDGE_CURVE('',#1674,#1677,#765,.T.);
#2084=EDGE_CURVE('',#1678,#1679,#14,.T.);
#2085=EDGE_CURVE('',#1679,#1680,#108,.T.);
#2086=EDGE_CURVE('',#1680,#1681,#109,.T.);
#2087=EDGE_CURVE('',#1682,#1681,#110,.T.);
#2088=EDGE_CURVE('',#1682,#1683,#15,.T.);
#2089=EDGE_CURVE('',#1683,#1678,#16,.T.);
#2090=EDGE_CURVE('',#1684,#1685,#111,.T.);
#2091=EDGE_CURVE('',#1684,#1686,#112,.T.);
#2092=EDGE_CURVE('',#1686,#1687,#113,.T.);
#2093=EDGE_CURVE('',#1687,#1685,#114,.T.);
#2094=EDGE_CURVE('',#1681,#1684,#766,.T.);
#2095=EDGE_CURVE('',#1686,#1680,#767,.T.);
#2096=EDGE_CURVE('',#1688,#1689,#115,.T.);
#2097=EDGE_CURVE('',#1688,#1690,#116,.T.);
#2098=EDGE_CURVE('',#1690,#1691,#117,.T.);
#2099=EDGE_CURVE('',#1689,#1691,#118,.T.);
#2100=EDGE_CURVE('',#1692,#1693,#768,.T.);
#2101=EDGE_CURVE('',#1693,#1694,#769,.T.);
#2102=EDGE_CURVE('',#1694,#1695,#119,.T.);
#2103=EDGE_CURVE('',#1695,#1666,#770,.T.);
#2104=EDGE_CURVE('',#1659,#1692,#771,.T.);
#2105=EDGE_CURVE('',#1696,#1696,#120,.T.);
#2106=EDGE_CURVE('',#1696,#1625,#772,.T.);
#2107=EDGE_CURVE('',#1697,#1697,#121,.T.);
#2108=EDGE_CURVE('',#1697,#1626,#773,.T.);
#2109=EDGE_CURVE('',#1698,#1698,#122,.T.);
#2110=EDGE_CURVE('',#1698,#1627,#774,.T.);
#2111=EDGE_CURVE('',#1699,#1699,#123,.T.);
#2112=EDGE_CURVE('',#1699,#1628,#775,.T.);
#2113=EDGE_CURVE('',#1700,#1700,#124,.T.);
#2114=EDGE_CURVE('',#1700,#1629,#776,.T.);
#2115=EDGE_CURVE('',#1701,#1701,#125,.T.);
#2116=EDGE_CURVE('',#1701,#1630,#777,.T.);
#2117=EDGE_CURVE('',#1702,#1702,#126,.T.);
#2118=EDGE_CURVE('',#1702,#1631,#778,.T.);
#2119=EDGE_CURVE('',#1703,#1704,#127,.T.);
#2120=EDGE_CURVE('',#1705,#1704,#779,.T.);
#2121=EDGE_CURVE('',#1705,#1706,#128,.T.);
#2122=EDGE_CURVE('',#1706,#1703,#780,.T.);
#2123=EDGE_CURVE('',#1616,#1703,#781,.T.);
#2124=EDGE_CURVE('',#1617,#1706,#782,.T.);
#2125=EDGE_CURVE('',#1707,#1708,#783,.T.);
#2126=EDGE_CURVE('',#1708,#1709,#784,.T.);
#2127=EDGE_CURVE('',#1709,#1710,#785,.T.);
#2128=EDGE_CURVE('',#1710,#1707,#786,.T.);
#2129=EDGE_CURVE('',#1711,#1712,#787,.T.);
#2130=EDGE_CURVE('',#1713,#1712,#129,.T.);
#2131=EDGE_CURVE('',#1713,#1714,#788,.T.);
#2132=EDGE_CURVE('',#1715,#1714,#130,.T.);
#2133=EDGE_CURVE('',#1715,#1716,#789,.T.);
#2134=EDGE_CURVE('',#1717,#1716,#131,.T.);
#2135=EDGE_CURVE('',#1717,#1718,#790,.T.);
#2136=EDGE_CURVE('',#1711,#1718,#132,.T.);
#2137=EDGE_CURVE('',#1719,#1720,#133,.T.);
#2138=EDGE_CURVE('',#1721,#1720,#791,.T.);
#2139=EDGE_CURVE('',#1721,#1722,#134,.T.);
#2140=EDGE_CURVE('',#1719,#1722,#792,.T.);
#2141=EDGE_CURVE('',#1723,#1719,#793,.T.);
#2142=EDGE_CURVE('',#1722,#1724,#794,.T.);
#2143=EDGE_CURVE('',#1724,#1723,#795,.T.);
#2144=EDGE_CURVE('',#1725,#1723,#135,.T.);
#2145=EDGE_CURVE('',#1724,#1726,#136,.T.);
#2146=EDGE_CURVE('',#1726,#1725,#796,.T.);
#2147=EDGE_CURVE('',#1727,#1728,#137,.T.);
#2148=EDGE_CURVE('',#1728,#1729,#797,.T.);
#2149=EDGE_CURVE('',#1729,#1730,#138,.T.);
#2150=EDGE_CURVE('',#1730,#1727,#798,.T.);
#2151=EDGE_CURVE('',#1731,#1732,#139,.T.);
#2152=EDGE_CURVE('',#1733,#1732,#799,.T.);
#2153=EDGE_CURVE('',#1734,#1733,#800,.T.);
#2154=EDGE_CURVE('',#1734,#1735,#140,.T.);
#2155=EDGE_CURVE('',#1735,#1731,#801,.T.);
#2156=EDGE_CURVE('',#1736,#1737,#802,.T.);
#2157=EDGE_CURVE('',#1676,#1737,#803,.T.);
#2158=EDGE_CURVE('',#1738,#1675,#804,.T.);
#2159=EDGE_CURVE('',#1738,#1731,#805,.T.);
#2160=EDGE_CURVE('',#1735,#1739,#806,.T.);
#2161=EDGE_CURVE('',#1739,#1736,#807,.T.);
#2162=EDGE_CURVE('',#1740,#1738,#141,.T.);
#2163=EDGE_CURVE('',#1673,#1740,#808,.T.);
#2164=EDGE_CURVE('',#1674,#1741,#809,.T.);
#2165=EDGE_CURVE('',#1741,#1742,#810,.T.);
#2166=EDGE_CURVE('',#1742,#1740,#811,.T.);
#2167=EDGE_CURVE('',#1743,#1744,#812,.T.);
#2168=EDGE_CURVE('',#1646,#1744,#813,.T.);
#2169=EDGE_CURVE('',#1645,#1743,#814,.T.);
#2170=EDGE_CURVE('',#1745,#1648,#142,.T.);
#2171=EDGE_CURVE('',#1649,#1746,#143,.T.);
#2172=EDGE_CURVE('',#1746,#1745,#815,.T.);
#2173=EDGE_CURVE('',#1747,#1748,#816,.T.);
#2174=EDGE_CURVE('',#1748,#1745,#817,.T.);
#2175=EDGE_CURVE('',#1749,#1746,#818,.T.);
#2176=EDGE_CURVE('',#1749,#1750,#819,.T.);
#2177=EDGE_CURVE('',#1750,#1751,#820,.T.);
#2178=EDGE_CURVE('',#1752,#1751,#821,.T.);
#2179=EDGE_CURVE('',#1752,#1753,#822,.T.);
#2180=EDGE_CURVE('',#1669,#1753,#823,.T.);
#2181=EDGE_CURVE('',#1754,#1671,#824,.T.);
#2182=EDGE_CURVE('',#1754,#1755,#825,.T.);
#2183=EDGE_CURVE('',#1755,#1756,#826,.T.);
#2184=EDGE_CURVE('',#1756,#1747,#827,.T.);
#2185=EDGE_CURVE('',#1704,#1757,#828,.T.);
#2186=EDGE_CURVE('',#1757,#1758,#829,.T.);
#2187=EDGE_CURVE('',#1758,#1759,#830,.T.);
#2188=EDGE_CURVE('',#1759,#1760,#831,.T.);
#2189=EDGE_CURVE('',#1760,#1741,#832,.T.);
#2190=EDGE_CURVE('',#1761,#1677,#833,.T.);
#2191=EDGE_CURVE('',#1761,#1762,#834,.T.);
#2192=EDGE_CURVE('',#1762,#1763,#835,.T.);
#2193=EDGE_CURVE('',#1763,#1644,#836,.T.);
#2194=EDGE_CURVE('',#1705,#1647,#837,.T.);
#2195=EDGE_CURVE('',#1764,#1765,#838,.T.);
#2196=EDGE_CURVE('',#1764,#1766,#144,.T.);
#2197=EDGE_CURVE('',#1766,#1767,#839,.T.);
#2198=EDGE_CURVE('',#1767,#1768,#145,.T.);
#2199=EDGE_CURVE('',#1768,#1769,#840,.T.);
#2200=EDGE_CURVE('',#1769,#1770,#146,.T.);
#2201=EDGE_CURVE('',#1770,#1771,#841,.T.);
#2202=EDGE_CURVE('',#1771,#1772,#147,.T.);
#2203=EDGE_CURVE('',#1772,#1773,#842,.T.);
#2204=EDGE_CURVE('',#1773,#1757,#843,.T.);
#2205=EDGE_CURVE('',#1765,#1748,#844,.T.);
#2206=EDGE_CURVE('',#1774,#1775,#845,.T.);
#2207=EDGE_CURVE('',#1774,#1764,#846,.T.);
#2208=EDGE_CURVE('',#1775,#1765,#847,.T.);
#2209=EDGE_CURVE('',#1775,#1747,#848,.T.);
#2210=EDGE_CURVE('',#1758,#1776,#849,.T.);
#2211=EDGE_CURVE('',#1776,#1773,#850,.T.);
#2212=EDGE_CURVE('',#1777,#1774,#148,.T.);
#2213=EDGE_CURVE('',#1777,#1766,#851,.T.);
#2214=EDGE_CURVE('',#1778,#1777,#852,.T.);
#2215=EDGE_CURVE('',#1778,#1767,#853,.T.);
#2216=EDGE_CURVE('',#1779,#1778,#149,.T.);
#2217=EDGE_CURVE('',#1779,#1768,#854,.T.);
#2218=EDGE_CURVE('',#1780,#1779,#855,.T.);
#2219=EDGE_CURVE('',#1780,#1769,#856,.T.);
#2220=EDGE_CURVE('',#1781,#1780,#150,.T.);
#2221=EDGE_CURVE('',#1781,#1770,#857,.T.);
#2222=EDGE_CURVE('',#1782,#1781,#858,.T.);
#2223=EDGE_CURVE('',#1782,#1771,#859,.T.);
#2224=EDGE_CURVE('',#1783,#1782,#151,.T.);
#2225=EDGE_CURVE('',#1783,#1772,#860,.T.);
#2226=EDGE_CURVE('',#1776,#1783,#861,.T.);
#2227=EDGE_CURVE('',#1784,#1785,#152,.T.);
#2228=EDGE_CURVE('',#1785,#1786,#862,.T.);
#2229=EDGE_CURVE('',#1786,#1787,#153,.T.);
#2230=EDGE_CURVE('',#1787,#1784,#863,.T.);
#2231=EDGE_CURVE('',#1755,#1784,#864,.T.);
#2232=EDGE_CURVE('',#1787,#1756,#865,.T.);
#2233=EDGE_CURVE('',#1788,#1761,#866,.T.);
#2234=EDGE_CURVE('',#1737,#1788,#154,.T.);
#2235=EDGE_CURVE('',#1789,#1760,#867,.T.);
#2236=EDGE_CURVE('',#1759,#1790,#868,.T.);
#2237=EDGE_CURVE('',#1789,#1790,#869,.T.);
#2238=EDGE_CURVE('',#1791,#1789,#155,.T.);
#2239=EDGE_CURVE('',#1790,#1792,#156,.T.);
#2240=EDGE_CURVE('',#1792,#1791,#870,.T.);
#2241=EDGE_CURVE('',#1785,#1791,#871,.T.);
#2242=EDGE_CURVE('',#1792,#1786,#872,.T.);
#2243=EDGE_CURVE('',#1753,#1793,#873,.T.);
#2244=EDGE_CURVE('',#1793,#1794,#874,.T.);
#2245=EDGE_CURVE('',#1794,#1754,#875,.T.);
#2246=EDGE_CURVE('',#1795,#1754,#876,.T.);
#2247=EDGE_CURVE('',#1796,#1795,#877,.T.);
#2248=EDGE_CURVE('',#1753,#1796,#878,.T.);
#2249=EDGE_CURVE('',#1796,#1657,#157,.T.);
#2250=EDGE_CURVE('',#1667,#1795,#879,.T.);
#2251=EDGE_CURVE('',#1797,#1752,#880,.T.);
#2252=EDGE_CURVE('',#1751,#1798,#881,.T.);
#2253=EDGE_CURVE('',#1797,#1798,#882,.T.);
#2254=EDGE_CURVE('',#1799,#1797,#158,.T.);
#2255=EDGE_CURVE('',#1798,#1800,#159,.T.);
#2256=EDGE_CURVE('',#1800,#1799,#883,.T.);
#2257=EDGE_CURVE('',#1801,#1799,#884,.T.);
#2258=EDGE_CURVE('',#1800,#1802,#885,.T.);
#2259=EDGE_CURVE('',#1801,#1802,#886,.T.);
#2260=EDGE_CURVE('',#1803,#1801,#160,.T.);
#2261=EDGE_CURVE('',#1802,#1804,#161,.T.);
#2262=EDGE_CURVE('',#1804,#1803,#887,.T.);
#2263=EDGE_CURVE('',#1762,#1803,#888,.T.);
#2264=EDGE_CURVE('',#1804,#1763,#889,.T.);
#2265=EDGE_CURVE('',#1741,#1761,#890,.T.);
#2266=EDGE_CURVE('',#1742,#1788,#891,.T.);
#2267=EDGE_CURVE('',#1805,#1806,#892,.T.);
#2268=EDGE_CURVE('',#1807,#1806,#893,.T.);
#2269=EDGE_CURVE('',#1807,#1665,#894,.T.);
#2270=EDGE_CURVE('',#1808,#1695,#17,.T.);
#2271=EDGE_CURVE('',#1809,#1808,#18,.T.);
#2272=EDGE_CURVE('',#1809,#1810,#895,.T.);
#2273=EDGE_CURVE('',#1810,#1805,#896,.T.);
#2274=EDGE_CURVE('',#1728,#1811,#897,.T.);
#2275=EDGE_CURVE('',#1811,#1812,#898,.T.);
#2276=EDGE_CURVE('',#1812,#1729,#899,.T.);
#2277=EDGE_CURVE('',#1727,#1620,#900,.T.);
#2278=EDGE_CURVE('',#1811,#1619,#901,.T.);
#2279=EDGE_CURVE('',#1812,#1622,#902,.T.);
#2280=EDGE_CURVE('',#1730,#1621,#903,.T.);
#2281=EDGE_CURVE('',#1813,#1814,#904,.T.);
#2282=EDGE_CURVE('',#1814,#1807,#905,.T.);
#2283=EDGE_CURVE('',#1806,#1813,#906,.T.);
#2284=EDGE_CURVE('',#1814,#1815,#907,.T.);
#2285=EDGE_CURVE('',#1816,#1813,#908,.T.);
#2286=EDGE_CURVE('',#1816,#1815,#909,.T.);
#2287=EDGE_CURVE('',#1817,#1818,#910,.T.);
#2288=EDGE_CURVE('',#1818,#1819,#911,.T.);
#2289=EDGE_CURVE('',#1819,#1820,#912,.T.);
#2290=EDGE_CURVE('',#1820,#1734,#913,.T.);
#2291=EDGE_CURVE('',#1733,#1821,#914,.T.);
#2292=EDGE_CURVE('',#1821,#1822,#915,.T.);
#2293=EDGE_CURVE('',#1822,#1725,#916,.T.);
#2294=EDGE_CURVE('',#1726,#1823,#917,.T.);
#2295=EDGE_CURVE('',#1823,#1824,#918,.T.);
#2296=EDGE_CURVE('',#1824,#1825,#919,.T.);
#2297=EDGE_CURVE('',#1825,#1826,#920,.T.);
#2298=EDGE_CURVE('',#1826,#1817,#921,.T.);
#2299=EDGE_CURVE('',#1827,#1828,#922,.T.);
#2300=EDGE_CURVE('',#1828,#1829,#923,.T.);
#2301=EDGE_CURVE('',#1829,#1830,#924,.T.);
#2302=EDGE_CURVE('',#1830,#1827,#925,.T.);
#2303=EDGE_CURVE('',#1821,#1828,#926,.T.);
#2304=EDGE_CURVE('',#1822,#1827,#927,.T.);
#2305=EDGE_CURVE('',#1733,#1829,#928,.T.);
#2306=EDGE_CURVE('',#1831,#1831,#162,.T.);
#2307=EDGE_CURVE('',#1732,#1830,#929,.T.);
#2308=EDGE_CURVE('',#1832,#1832,#163,.T.);
#2309=EDGE_CURVE('',#1832,#1833,#930,.T.);
#2310=EDGE_CURVE('',#1833,#1833,#164,.T.);
#2311=EDGE_CURVE('',#1834,#1834,#165,.T.);
#2312=EDGE_CURVE('',#1834,#1831,#931,.T.);
#2313=EDGE_CURVE('',#1835,#1743,#932,.T.);
#2314=EDGE_CURVE('',#1836,#1835,#933,.T.);
#2315=EDGE_CURVE('',#1744,#1836,#934,.T.);
#2316=EDGE_CURVE('',#1837,#1692,#935,.T.);
#2317=EDGE_CURVE('',#1658,#1837,#936,.T.);
#2318=EDGE_CURVE('',#1835,#1750,#937,.T.);
#2319=EDGE_CURVE('',#1836,#1749,#938,.T.);
#2320=EDGE_CURVE('',#1838,#1839,#939,.T.);
#2321=EDGE_CURVE('',#1839,#1736,#940,.T.);
#2322=EDGE_CURVE('',#1838,#1739,#941,.T.);
#2323=EDGE_CURVE('',#1820,#1840,#942,.T.);
#2324=EDGE_CURVE('',#1840,#1689,#943,.T.);
#2325=EDGE_CURVE('',#1691,#1841,#944,.T.);
#2326=EDGE_CURVE('',#1841,#1838,#945,.T.);
#2327=EDGE_CURVE('',#1842,#1843,#946,.T.);
#2328=EDGE_CURVE('',#1843,#1844,#947,.T.);
#2329=EDGE_CURVE('',#1844,#1839,#948,.T.);
#2330=EDGE_CURVE('',#1845,#1841,#166,.T.);
#2331=EDGE_CURVE('',#1845,#1846,#949,.T.);
#2332=EDGE_CURVE('',#1846,#1847,#950,.T.);
#2333=EDGE_CURVE('',#1847,#1842,#951,.T.);
#2334=EDGE_CURVE('',#1843,#1848,#952,.T.);
#2335=EDGE_CURVE('',#1849,#1848,#953,.T.);
#2336=EDGE_CURVE('',#1844,#1849,#954,.T.);
#2337=EDGE_CURVE('',#1850,#1851,#955,.T.);
#2338=EDGE_CURVE('',#1852,#1851,#956,.T.);
#2339=EDGE_CURVE('',#1852,#1853,#957,.T.);
#2340=EDGE_CURVE('',#1850,#1853,#958,.T.);
#2341=EDGE_CURVE('',#1854,#1850,#959,.T.);
#2342=EDGE_CURVE('',#1855,#1853,#960,.T.);
#2343=EDGE_CURVE('',#1854,#1855,#961,.T.);
#2344=EDGE_CURVE('',#1851,#1854,#962,.T.);
#2345=EDGE_CURVE('',#1852,#1855,#963,.T.);
#2346=EDGE_CURVE('',#1856,#1857,#964,.T.);
#2347=EDGE_CURVE('',#1858,#1857,#965,.T.);
#2348=EDGE_CURVE('',#1859,#1858,#966,.T.);
#2349=EDGE_CURVE('',#1856,#1859,#967,.T.);
#2350=EDGE_CURVE('',#1857,#1860,#968,.T.);
#2351=EDGE_CURVE('',#1861,#1860,#969,.T.);
#2352=EDGE_CURVE('',#1861,#1858,#35,.T.);
#2353=EDGE_CURVE('',#1860,#1862,#167,.T.);
#2354=EDGE_CURVE('',#1861,#1862,#19,.T.);
#2355=EDGE_CURVE('',#1848,#1863,#970,.T.);
#2356=EDGE_CURVE('',#1863,#1864,#971,.T.);
#2357=EDGE_CURVE('',#1864,#1856,#972,.T.);
#2358=EDGE_CURVE('',#1693,#1859,#168,.T.);
#2359=EDGE_CURVE('',#1837,#1849,#973,.T.);
#2360=EDGE_CURVE('',#1865,#1846,#974,.T.);
#2361=EDGE_CURVE('',#1866,#1845,#975,.T.);
#2362=EDGE_CURVE('',#1865,#1866,#976,.T.);
#2363=EDGE_CURVE('',#1867,#1865,#977,.T.);
#2364=EDGE_CURVE('',#1866,#1868,#36,.T.);
#2365=EDGE_CURVE('',#1868,#1867,#978,.T.);
#2366=EDGE_CURVE('',#1869,#1867,#169,.T.);
#2367=EDGE_CURVE('',#1869,#1868,#20,.T.);
#2368=EDGE_CURVE('',#1870,#1871,#979,.T.);
#2369=EDGE_CURVE('',#1872,#1871,#980,.T.);
#2370=EDGE_CURVE('',#1873,#1872,#981,.T.);
#2371=EDGE_CURVE('',#1873,#1870,#982,.T.);
#2372=EDGE_CURVE('',#1871,#1874,#983,.T.);
#2373=EDGE_CURVE('',#1875,#1874,#984,.T.);
#2374=EDGE_CURVE('',#1872,#1875,#985,.T.);
#2375=EDGE_CURVE('',#1874,#1870,#986,.T.);
#2376=EDGE_CURVE('',#1875,#1873,#987,.T.);
#2377=EDGE_CURVE('',#1864,#1847,#988,.T.);
#2378=EDGE_CURVE('',#1842,#1863,#989,.T.);
#2379=EDGE_CURVE('',#1876,#1877,#990,.T.);
#2380=EDGE_CURVE('',#1877,#1651,#991,.T.);
#2381=EDGE_CURVE('',#1876,#1650,#992,.T.);
#2382=EDGE_CURVE('',#1878,#1876,#170,.T.);
#2383=EDGE_CURVE('',#1656,#1878,#993,.T.);
#2384=EDGE_CURVE('',#1879,#1880,#994,.T.);
#2385=EDGE_CURVE('',#1881,#1879,#995,.T.);
#2386=EDGE_CURVE('',#1882,#1881,#996,.T.);
#2387=EDGE_CURVE('',#1882,#1880,#997,.T.);
#2388=EDGE_CURVE('',#1883,#1879,#998,.T.);
#2389=EDGE_CURVE('',#1884,#1883,#999,.T.);
#2390=EDGE_CURVE('',#1881,#1884,#1000,.T.);
#2391=EDGE_CURVE('',#1885,#1883,#1001,.T.);
#2392=EDGE_CURVE('',#1886,#1885,#1002,.T.);
#2393=EDGE_CURVE('',#1884,#1886,#1003,.T.);
#2394=EDGE_CURVE('',#1880,#1885,#1004,.T.);
#2395=EDGE_CURVE('',#1886,#1882,#1005,.T.);
#2396=EDGE_CURVE('',#1887,#1888,#1006,.T.);
#2397=EDGE_CURVE('',#1889,#1888,#1007,.T.);
#2398=EDGE_CURVE('',#1890,#1889,#1008,.T.);
#2399=EDGE_CURVE('',#1887,#1890,#1009,.T.);
#2400=EDGE_CURVE('',#1891,#1892,#1010,.T.);
#2401=EDGE_CURVE('',#1893,#1892,#1011,.T.);
#2402=EDGE_CURVE('',#1894,#1893,#1012,.T.);
#2403=EDGE_CURVE('',#1894,#1891,#1013,.T.);
#2404=EDGE_CURVE('',#1805,#1816,#1014,.T.);
#2405=EDGE_CURVE('',#1895,#1809,#21,.T.);
#2406=EDGE_CURVE('',#1896,#1694,#171,.T.);
#2407=EDGE_CURVE('',#1896,#1895,#172,.T.);
#2408=EDGE_CURVE('',#1897,#1898,#1015,.T.);
#2409=EDGE_CURVE('',#1899,#1898,#1016,.T.);
#2410=EDGE_CURVE('',#1900,#1899,#1017,.T.);
#2411=EDGE_CURVE('',#1900,#1897,#1018,.T.);
#2412=EDGE_CURVE('',#1898,#1901,#1019,.T.);
#2413=EDGE_CURVE('',#1902,#1901,#1020,.T.);
#2414=EDGE_CURVE('',#1899,#1902,#1021,.T.);
#2415=EDGE_CURVE('',#1892,#1903,#1022,.T.);
#2416=EDGE_CURVE('',#1904,#1903,#1023,.T.);
#2417=EDGE_CURVE('',#1893,#1904,#1024,.T.);
#2418=EDGE_CURVE('',#1905,#1906,#1025,.T.);
#2419=EDGE_CURVE('',#1877,#1905,#1026,.T.);
#2420=EDGE_CURVE('',#1906,#1878,#1027,.T.);
#2421=EDGE_CURVE('',#1907,#1908,#1028,.T.);
#2422=EDGE_CURVE('',#1908,#1909,#1029,.T.);
#2423=EDGE_CURVE('',#1906,#1909,#173,.F.);
#2424=EDGE_CURVE('',#1907,#1655,#1030,.T.);
#2425=EDGE_CURVE('',#1910,#1911,#1031,.T.);
#2426=EDGE_CURVE('',#1652,#1911,#1032,.T.);
#2427=EDGE_CURVE('',#1912,#1905,#174,.F.);
#2428=EDGE_CURVE('',#1912,#1910,#1033,.T.);
#2429=EDGE_CURVE('',#1913,#1679,#1034,.T.);
#2430=EDGE_CURVE('',#1678,#1913,#1035,.T.);
#2431=EDGE_CURVE('',#1914,#1915,#1036,.T.);
#2432=EDGE_CURVE('',#1915,#1913,#1037,.T.);
#2433=EDGE_CURVE('',#1721,#1682,#1038,.T.);
#2434=EDGE_CURVE('',#1720,#1914,#1039,.T.);
#2435=EDGE_CURVE('',#1916,#1914,#1040,.T.);
#2436=EDGE_CURVE('',#1917,#1916,#1041,.T.);
#2437=EDGE_CURVE('',#1915,#1917,#1042,.T.);
#2438=EDGE_CURVE('',#1918,#1919,#1043,.T.);
#2439=EDGE_CURVE('',#1919,#1920,#1044,.T.);
#2440=EDGE_CURVE('',#1921,#1920,#1045,.T.);
#2441=EDGE_CURVE('',#1918,#1921,#1046,.T.);
#2442=EDGE_CURVE('',#1908,#1910,#1047,.T.);
#2443=EDGE_CURVE('',#1909,#1912,#1048,.T.);
#2444=EDGE_CURVE('',#1922,#1823,#1049,.T.);
#2445=EDGE_CURVE('',#1685,#1922,#1050,.T.);
#2446=EDGE_CURVE('',#1840,#1923,#175,.T.);
#2447=EDGE_CURVE('',#1688,#1923,#1051,.T.);
#2448=EDGE_CURVE('',#1924,#1922,#176,.T.);
#2449=EDGE_CURVE('',#1924,#1687,#1052,.T.);
#2450=EDGE_CURVE('',#1925,#1926,#1053,.T.);
#2451=EDGE_CURVE('',#1925,#1927,#1054,.T.);
#2452=EDGE_CURVE('',#1927,#1928,#1055,.T.);
#2453=EDGE_CURVE('',#1928,#1926,#1056,.T.);
#2454=EDGE_CURVE('',#1929,#1930,#1057,.T.);
#2455=EDGE_CURVE('',#1931,#1930,#1058,.T.);
#2456=EDGE_CURVE('',#1931,#1932,#1059,.T.);
#2457=EDGE_CURVE('',#1929,#1932,#1060,.T.);
#2458=EDGE_CURVE('',#1920,#1933,#1061,.T.);
#2459=EDGE_CURVE('',#1933,#1934,#1062,.T.);
#2460=EDGE_CURVE('',#1934,#1921,#1063,.T.);
#2461=EDGE_CURVE('',#1926,#1924,#1064,.T.);
#2462=EDGE_CURVE('',#1824,#1928,#1065,.T.);
#2463=EDGE_CURVE('',#1923,#1925,#1066,.T.);
#2464=EDGE_CURVE('',#1819,#1927,#1067,.T.);
#2465=EDGE_CURVE('',#1935,#1918,#1068,.T.);
#2466=EDGE_CURVE('',#1935,#1934,#1069,.T.);
#2467=EDGE_CURVE('',#1936,#1713,#1070,.T.);
#2468=EDGE_CURVE('',#1936,#1937,#1071,.T.);
#2469=EDGE_CURVE('',#1714,#1937,#1072,.T.);
#2470=EDGE_CURVE('',#1718,#1938,#1073,.T.);
#2471=EDGE_CURVE('',#1939,#1717,#1074,.T.);
#2472=EDGE_CURVE('',#1939,#1938,#1075,.T.);
#2473=EDGE_CURVE('',#1940,#1935,#1076,.T.);
#2474=EDGE_CURVE('',#1940,#1933,#1077,.T.);
#2475=EDGE_CURVE('',#1919,#1940,#1078,.T.);
#2476=EDGE_CURVE('',#1941,#1937,#177,.T.);
#2477=EDGE_CURVE('',#1941,#1715,#1079,.T.);
#2478=EDGE_CURVE('',#1716,#1942,#1080,.T.);
#2479=EDGE_CURVE('',#1941,#1942,#1081,.T.);
#2480=EDGE_CURVE('',#1939,#1942,#178,.T.);
#2481=EDGE_CURVE('',#1943,#1938,#179,.T.);
#2482=EDGE_CURVE('',#1943,#1711,#1082,.T.);
#2483=EDGE_CURVE('',#1712,#1944,#1083,.T.);
#2484=EDGE_CURVE('',#1943,#1944,#1084,.T.);
#2485=EDGE_CURVE('',#1936,#1944,#180,.T.);
#2486=EDGE_CURVE('',#1945,#1946,#1085,.T.);
#2487=EDGE_CURVE('',#1947,#1945,#1086,.T.);
#2488=EDGE_CURVE('',#1948,#1947,#1087,.T.);
#2489=EDGE_CURVE('',#1946,#1948,#1088,.T.);
#2490=EDGE_CURVE('',#1946,#1930,#1089,.T.);
#2491=EDGE_CURVE('',#1929,#1945,#1090,.T.);
#2492=EDGE_CURVE('',#1947,#1932,#1091,.T.);
#2493=EDGE_CURVE('',#1931,#1948,#1092,.T.);
#2494=EDGE_CURVE('',#1888,#1949,#181,.T.);
#2495=EDGE_CURVE('',#1949,#1653,#1093,.T.);
#2496=EDGE_CURVE('',#1911,#1889,#182,.T.);
#2497=EDGE_CURVE('',#1890,#1907,#183,.T.);
#2498=EDGE_CURVE('',#1902,#1950,#1094,.T.);
#2499=EDGE_CURVE('',#1950,#1900,#1095,.T.);
#2500=EDGE_CURVE('',#1904,#1951,#1096,.T.);
#2501=EDGE_CURVE('',#1951,#1894,#1097,.T.);
#2502=EDGE_CURVE('',#1952,#1953,#1098,.T.);
#2503=EDGE_CURVE('',#1953,#1917,#1099,.T.);
#2504=EDGE_CURVE('',#1952,#1916,#1100,.T.);
#2505=EDGE_CURVE('',#1954,#1887,#184,.T.);
#2506=EDGE_CURVE('',#1654,#1954,#1101,.T.);
#2507=EDGE_CURVE('',#1949,#1954,#1102,.T.);
#2508=EDGE_CURVE('',#1955,#1891,#1103,.T.);
#2509=EDGE_CURVE('',#1951,#1955,#1104,.T.);
#2510=EDGE_CURVE('',#1903,#1955,#1105,.T.);
#2511=EDGE_CURVE('',#1956,#1897,#1106,.T.);
#2512=EDGE_CURVE('',#1956,#1950,#1107,.T.);
#2513=EDGE_CURVE('',#1901,#1956,#1108,.T.);
#2514=EDGE_CURVE('',#1815,#1952,#1109,.T.);
#2515=EDGE_CURVE('',#1957,#1810,#22,.T.);
#2516=EDGE_CURVE('',#1953,#1957,#1110,.T.);
#2517=EDGE_CURVE('',#1895,#1957,#1111,.T.);
#2518=EDGE_CURVE('',#1958,#1959,#1112,.T.);
#2519=EDGE_CURVE('',#1959,#1960,#1113,.T.);
#2520=EDGE_CURVE('',#1960,#1961,#1114,.T.);
#2521=EDGE_CURVE('',#1961,#1958,#1115,.T.);
#2522=EDGE_CURVE('',#1962,#1963,#1116,.T.);
#2523=EDGE_CURVE('',#1962,#1959,#1117,.T.);
#2524=EDGE_CURVE('',#1963,#1958,#1118,.T.);
#2525=EDGE_CURVE('',#1964,#1962,#1119,.T.);
#2526=EDGE_CURVE('',#1964,#1960,#1120,.T.);
#2527=EDGE_CURVE('',#1965,#1964,#1121,.T.);
#2528=EDGE_CURVE('',#1965,#1961,#1122,.T.);
#2529=EDGE_CURVE('',#1963,#1965,#1123,.T.);
#2530=EDGE_CURVE('',#1966,#1967,#185,.T.);
#2531=EDGE_CURVE('',#1967,#1968,#186,.T.);
#2532=EDGE_CURVE('',#1968,#1862,#1124,.T.);
#2533=EDGE_CURVE('',#1869,#1969,#1125,.T.);
#2534=EDGE_CURVE('',#1969,#1970,#187,.T.);
#2535=EDGE_CURVE('',#1970,#1971,#188,.T.);
#2536=EDGE_CURVE('',#1971,#1690,#1126,.T.);
#2537=EDGE_CURVE('',#1896,#1966,#1127,.T.);
#2538=EDGE_CURVE('',#1972,#1972,#189,.T.);
#2539=EDGE_CURVE('',#1973,#1973,#190,.T.);
#2540=EDGE_CURVE('',#1974,#1974,#191,.T.);
#2541=EDGE_CURVE('',#1975,#1975,#192,.T.);
#2542=EDGE_CURVE('',#1976,#1977,#1128,.T.);
#2543=EDGE_CURVE('',#1639,#1977,#193,.T.);
#2544=EDGE_CURVE('',#1643,#1978,#1129,.T.);
#2545=EDGE_CURVE('',#1976,#1978,#194,.T.);
#2546=EDGE_CURVE('',#1971,#1969,#23,.T.);
#2547=EDGE_CURVE('',#1968,#1966,#24,.T.);
#2548=EDGE_CURVE('',#1972,#1979,#1130,.T.);
#2549=EDGE_CURVE('',#1979,#1979,#195,.T.);
#2550=EDGE_CURVE('',#1970,#1975,#1131,.T.);
#2551=EDGE_CURVE('',#1973,#1980,#1132,.T.);
#2552=EDGE_CURVE('',#1980,#1980,#196,.T.);
#2553=EDGE_CURVE('',#1967,#1974,#1133,.T.);
#2554=EDGE_CURVE('',#1978,#1981,#1134,.T.);
#2555=EDGE_CURVE('',#1642,#1981,#1135,.T.);
#2556=EDGE_CURVE('',#1982,#1981,#197,.T.);
#2557=EDGE_CURVE('',#1982,#1976,#1136,.T.);
#2558=EDGE_CURVE('',#1977,#1983,#1137,.T.);
#2559=EDGE_CURVE('',#1983,#1982,#1138,.T.);
#2560=EDGE_CURVE('',#1638,#1983,#198,.T.);
#2561=EDGE_CURVE('',#1818,#1984,#1139,.T.);
#2562=EDGE_CURVE('',#1984,#1985,#1140,.T.);
#2563=EDGE_CURVE('',#1985,#1825,#1141,.T.);
#2564=EDGE_CURVE('',#1985,#1986,#1142,.T.);
#2565=EDGE_CURVE('',#1709,#1986,#1143,.T.);
#2566=EDGE_CURVE('',#1708,#1826,#1144,.T.);
#2567=EDGE_CURVE('',#1986,#1987,#1145,.T.);
#2568=EDGE_CURVE('',#1710,#1987,#1146,.T.);
#2569=EDGE_CURVE('',#1707,#1817,#1147,.T.);
#2570=EDGE_CURVE('',#1987,#1984,#1148,.T.);
#2571=ORIENTED_EDGE('',*,*,#1988,.T.);
#2572=ORIENTED_EDGE('',*,*,#1989,.T.);
#2573=ORIENTED_EDGE('',*,*,#1990,.T.);
#2574=ORIENTED_EDGE('',*,*,#1991,.T.);
#2575=ORIENTED_EDGE('',*,*,#1992,.F.);
#2576=ORIENTED_EDGE('',*,*,#1993,.T.);
#2577=ORIENTED_EDGE('',*,*,#1991,.F.);
#2578=ORIENTED_EDGE('',*,*,#1994,.F.);
#2579=ORIENTED_EDGE('',*,*,#1995,.F.);
#2580=ORIENTED_EDGE('',*,*,#1994,.T.);
#2581=ORIENTED_EDGE('',*,*,#1990,.F.);
#2582=ORIENTED_EDGE('',*,*,#1996,.F.);
#2583=ORIENTED_EDGE('',*,*,#1997,.F.);
#2584=ORIENTED_EDGE('',*,*,#1996,.T.);
#2585=ORIENTED_EDGE('',*,*,#1989,.F.);
#2586=ORIENTED_EDGE('',*,*,#1998,.F.);
#2587=ORIENTED_EDGE('',*,*,#1999,.T.);
#2588=ORIENTED_EDGE('',*,*,#1998,.T.);
#2589=ORIENTED_EDGE('',*,*,#1988,.F.);
#2590=ORIENTED_EDGE('',*,*,#1993,.F.);
#2591=ORIENTED_EDGE('',*,*,#1999,.F.);
#2592=ORIENTED_EDGE('',*,*,#1992,.T.);
#2593=ORIENTED_EDGE('',*,*,#1995,.T.);
#2594=ORIENTED_EDGE('',*,*,#1997,.T.);
#2595=ORIENTED_EDGE('',*,*,#2000,.T.);
#2596=ORIENTED_EDGE('',*,*,#2001,.T.);
#2597=ORIENTED_EDGE('',*,*,#2002,.T.);
#2598=ORIENTED_EDGE('',*,*,#2003,.T.);
#2599=ORIENTED_EDGE('',*,*,#2004,.T.);
#2600=ORIENTED_EDGE('',*,*,#2005,.T.);
#2601=ORIENTED_EDGE('',*,*,#2003,.F.);
#2602=ORIENTED_EDGE('',*,*,#2006,.F.);
#2603=ORIENTED_EDGE('',*,*,#2007,.F.);
#2604=ORIENTED_EDGE('',*,*,#2006,.T.);
#2605=ORIENTED_EDGE('',*,*,#2002,.F.);
#2606=ORIENTED_EDGE('',*,*,#2008,.F.);
#2607=ORIENTED_EDGE('',*,*,#2009,.T.);
#2608=ORIENTED_EDGE('',*,*,#2008,.T.);
#2609=ORIENTED_EDGE('',*,*,#2001,.F.);
#2610=ORIENTED_EDGE('',*,*,#2010,.F.);
#2611=ORIENTED_EDGE('',*,*,#2011,.T.);
#2612=ORIENTED_EDGE('',*,*,#2010,.T.);
#2613=ORIENTED_EDGE('',*,*,#2000,.F.);
#2614=ORIENTED_EDGE('',*,*,#2005,.F.);
#2615=ORIENTED_EDGE('',*,*,#2011,.F.);
#2616=ORIENTED_EDGE('',*,*,#2004,.F.);
#2617=ORIENTED_EDGE('',*,*,#2007,.T.);
#2618=ORIENTED_EDGE('',*,*,#2009,.F.);
#2619=ORIENTED_EDGE('',*,*,#2012,.T.);
#2620=ORIENTED_EDGE('',*,*,#2013,.T.);
#2621=ORIENTED_EDGE('',*,*,#2014,.T.);
#2622=ORIENTED_EDGE('',*,*,#2015,.T.);
#2623=ORIENTED_EDGE('',*,*,#2016,.T.);
#2624=ORIENTED_EDGE('',*,*,#2017,.T.);
#2625=ORIENTED_EDGE('',*,*,#2018,.T.);
#2626=ORIENTED_EDGE('',*,*,#2019,.T.);
#2627=ORIENTED_EDGE('',*,*,#2020,.T.);
#2628=ORIENTED_EDGE('',*,*,#2015,.F.);
#2629=ORIENTED_EDGE('',*,*,#2021,.F.);
#2630=ORIENTED_EDGE('',*,*,#2022,.F.);
#2631=ORIENTED_EDGE('',*,*,#2023,.T.);
#2632=ORIENTED_EDGE('',*,*,#2024,.T.);
#2633=ORIENTED_EDGE('',*,*,#2025,.T.);
#2634=ORIENTED_EDGE('',*,*,#2026,.T.);
#2635=ORIENTED_EDGE('',*,*,#2027,.T.);
#2636=ORIENTED_EDGE('',*,*,#2028,.T.);
#2637=ORIENTED_EDGE('',*,*,#2029,.T.);
#2638=ORIENTED_EDGE('',*,*,#2030,.T.);
#2639=ORIENTED_EDGE('',*,*,#2022,.T.);
#2640=ORIENTED_EDGE('',*,*,#2031,.T.);
#2641=ORIENTED_EDGE('',*,*,#2032,.T.);
#2642=ORIENTED_EDGE('',*,*,#2033,.F.);
#2643=ORIENTED_EDGE('',*,*,#2034,.F.);
#2644=ORIENTED_EDGE('',*,*,#2035,.F.);
#2645=ORIENTED_EDGE('',*,*,#2036,.T.);
#2646=ORIENTED_EDGE('',*,*,#2037,.F.);
#2647=ORIENTED_EDGE('',*,*,#2038,.T.);
#2648=ORIENTED_EDGE('',*,*,#2039,.F.);
#2649=ORIENTED_EDGE('',*,*,#2040,.F.);
#2650=ORIENTED_EDGE('',*,*,#2041,.F.);
#2651=ORIENTED_EDGE('',*,*,#2035,.T.);
#2652=ORIENTED_EDGE('',*,*,#2042,.T.);
#2653=ORIENTED_EDGE('',*,*,#2039,.T.);
#2654=ORIENTED_EDGE('',*,*,#2043,.F.);
#2655=ORIENTED_EDGE('',*,*,#2044,.T.);
#2656=ORIENTED_EDGE('',*,*,#2045,.T.);
#2657=ORIENTED_EDGE('',*,*,#2033,.T.);
#2658=ORIENTED_EDGE('',*,*,#2046,.T.);
#2659=ORIENTED_EDGE('',*,*,#2047,.F.);
#2660=ORIENTED_EDGE('',*,*,#2048,.F.);
#2661=ORIENTED_EDGE('',*,*,#2049,.T.);
#2662=ORIENTED_EDGE('',*,*,#2050,.T.);
#2663=ORIENTED_EDGE('',*,*,#2032,.F.);
#2664=ORIENTED_EDGE('',*,*,#2051,.F.);
#2665=ORIENTED_EDGE('',*,*,#2052,.F.);
#2666=ORIENTED_EDGE('',*,*,#2053,.T.);
#2667=ORIENTED_EDGE('',*,*,#2054,.T.);
#2668=ORIENTED_EDGE('',*,*,#2055,.F.);
#2669=ORIENTED_EDGE('',*,*,#2056,.T.);
#2670=ORIENTED_EDGE('',*,*,#2057,.F.);
#2671=ORIENTED_EDGE('',*,*,#2058,.T.);
#2672=ORIENTED_EDGE('',*,*,#2059,.F.);
#2673=ORIENTED_EDGE('',*,*,#2060,.T.);
#2674=ORIENTED_EDGE('',*,*,#2061,.F.);
#2675=ORIENTED_EDGE('',*,*,#2062,.F.);
#2676=ORIENTED_EDGE('',*,*,#2063,.T.);
#2677=ORIENTED_EDGE('',*,*,#2064,.T.);
#2678=ORIENTED_EDGE('',*,*,#2065,.F.);
#2679=ORIENTED_EDGE('',*,*,#2066,.F.);
#2680=ORIENTED_EDGE('',*,*,#2067,.F.);
#2681=ORIENTED_EDGE('',*,*,#2068,.T.);
#2682=ORIENTED_EDGE('',*,*,#2063,.F.);
#2683=ORIENTED_EDGE('',*,*,#2069,.F.);
#2684=ORIENTED_EDGE('',*,*,#2070,.T.);
#2685=ORIENTED_EDGE('',*,*,#2071,.T.);
#2686=ORIENTED_EDGE('',*,*,#2072,.F.);
#2687=ORIENTED_EDGE('',*,*,#2073,.F.);
#2688=ORIENTED_EDGE('',*,*,#2065,.T.);
#2689=ORIENTED_EDGE('',*,*,#2074,.F.);
#2690=ORIENTED_EDGE('',*,*,#2075,.T.);
#2691=ORIENTED_EDGE('',*,*,#2066,.T.);
#2692=ORIENTED_EDGE('',*,*,#2073,.T.);
#2693=ORIENTED_EDGE('',*,*,#2076,.F.);
#2694=ORIENTED_EDGE('',*,*,#2077,.F.);
#2695=ORIENTED_EDGE('',*,*,#2078,.F.);
#2696=ORIENTED_EDGE('',*,*,#2079,.F.);
#2697=ORIENTED_EDGE('',*,*,#2080,.T.);
#2698=ORIENTED_EDGE('',*,*,#2081,.T.);
#2699=ORIENTED_EDGE('',*,*,#2082,.F.);
#2700=ORIENTED_EDGE('',*,*,#2083,.F.);
#2701=ORIENTED_EDGE('',*,*,#2084,.T.);
#2702=ORIENTED_EDGE('',*,*,#2085,.T.);
#2703=ORIENTED_EDGE('',*,*,#2086,.T.);
#2704=ORIENTED_EDGE('',*,*,#2087,.F.);
#2705=ORIENTED_EDGE('',*,*,#2088,.T.);
#2706=ORIENTED_EDGE('',*,*,#2089,.T.);
#2707=ORIENTED_EDGE('',*,*,#2090,.F.);
#2708=ORIENTED_EDGE('',*,*,#2091,.T.);
#2709=ORIENTED_EDGE('',*,*,#2092,.T.);
#2710=ORIENTED_EDGE('',*,*,#2093,.T.);
#2711=ORIENTED_EDGE('',*,*,#2091,.F.);
#2712=ORIENTED_EDGE('',*,*,#2094,.F.);
#2713=ORIENTED_EDGE('',*,*,#2086,.F.);
#2714=ORIENTED_EDGE('',*,*,#2095,.F.);
#2715=ORIENTED_EDGE('',*,*,#2096,.F.);
#2716=ORIENTED_EDGE('',*,*,#2097,.T.);
#2717=ORIENTED_EDGE('',*,*,#2098,.T.);
#2718=ORIENTED_EDGE('',*,*,#2099,.F.);
#2719=ORIENTED_EDGE('',*,*,#2100,.T.);
#2720=ORIENTED_EDGE('',*,*,#2101,.T.);
#2721=ORIENTED_EDGE('',*,*,#2102,.T.);
#2722=ORIENTED_EDGE('',*,*,#2103,.T.);
#2723=ORIENTED_EDGE('',*,*,#2069,.T.);
#2724=ORIENTED_EDGE('',*,*,#2062,.T.);
#2725=ORIENTED_EDGE('',*,*,#2104,.T.);
#2726=ORIENTED_EDGE('',*,*,#2105,.F.);
#2727=ORIENTED_EDGE('',*,*,#2106,.T.);
#2728=ORIENTED_EDGE('',*,*,#2023,.F.);
#2729=ORIENTED_EDGE('',*,*,#2106,.F.);
#2730=ORIENTED_EDGE('',*,*,#2107,.F.);
#2731=ORIENTED_EDGE('',*,*,#2108,.T.);
#2732=ORIENTED_EDGE('',*,*,#2024,.F.);
#2733=ORIENTED_EDGE('',*,*,#2108,.F.);
#2734=ORIENTED_EDGE('',*,*,#2109,.F.);
#2735=ORIENTED_EDGE('',*,*,#2110,.T.);
#2736=ORIENTED_EDGE('',*,*,#2025,.F.);
#2737=ORIENTED_EDGE('',*,*,#2110,.F.);
#2738=ORIENTED_EDGE('',*,*,#2111,.F.);
#2739=ORIENTED_EDGE('',*,*,#2112,.T.);
#2740=ORIENTED_EDGE('',*,*,#2026,.F.);
#2741=ORIENTED_EDGE('',*,*,#2112,.F.);
#2742=ORIENTED_EDGE('',*,*,#2113,.F.);
#2743=ORIENTED_EDGE('',*,*,#2114,.T.);
#2744=ORIENTED_EDGE('',*,*,#2027,.F.);
#2745=ORIENTED_EDGE('',*,*,#2114,.F.);
#2746=ORIENTED_EDGE('',*,*,#2115,.F.);
#2747=ORIENTED_EDGE('',*,*,#2116,.T.);
#2748=ORIENTED_EDGE('',*,*,#2028,.F.);
#2749=ORIENTED_EDGE('',*,*,#2116,.F.);
#2750=ORIENTED_EDGE('',*,*,#2117,.F.);
#2751=ORIENTED_EDGE('',*,*,#2118,.T.);
#2752=ORIENTED_EDGE('',*,*,#2029,.F.);
#2753=ORIENTED_EDGE('',*,*,#2118,.F.);
#2754=ORIENTED_EDGE('',*,*,#2119,.T.);
#2755=ORIENTED_EDGE('',*,*,#2120,.F.);
#2756=ORIENTED_EDGE('',*,*,#2121,.T.);
#2757=ORIENTED_EDGE('',*,*,#2122,.T.);
#2758=ORIENTED_EDGE('',*,*,#2123,.T.);
#2759=ORIENTED_EDGE('',*,*,#2122,.F.);
#2760=ORIENTED_EDGE('',*,*,#2124,.F.);
#2761=ORIENTED_EDGE('',*,*,#2013,.F.);
#2762=ORIENTED_EDGE('',*,*,#2125,.T.);
#2763=ORIENTED_EDGE('',*,*,#2126,.T.);
#2764=ORIENTED_EDGE('',*,*,#2127,.T.);
#2765=ORIENTED_EDGE('',*,*,#2128,.T.);
#2766=ORIENTED_EDGE('',*,*,#2129,.T.);
#2767=ORIENTED_EDGE('',*,*,#2130,.F.);
#2768=ORIENTED_EDGE('',*,*,#2131,.T.);
#2769=ORIENTED_EDGE('',*,*,#2132,.F.);
#2770=ORIENTED_EDGE('',*,*,#2133,.T.);
#2771=ORIENTED_EDGE('',*,*,#2134,.F.);
#2772=ORIENTED_EDGE('',*,*,#2135,.T.);
#2773=ORIENTED_EDGE('',*,*,#2136,.F.);
#2774=ORIENTED_EDGE('',*,*,#2137,.T.);
#2775=ORIENTED_EDGE('',*,*,#2138,.F.);
#2776=ORIENTED_EDGE('',*,*,#2139,.T.);
#2777=ORIENTED_EDGE('',*,*,#2140,.F.);
#2778=ORIENTED_EDGE('',*,*,#2141,.T.);
#2779=ORIENTED_EDGE('',*,*,#2140,.T.);
#2780=ORIENTED_EDGE('',*,*,#2142,.T.);
#2781=ORIENTED_EDGE('',*,*,#2143,.T.);
#2782=ORIENTED_EDGE('',*,*,#2117,.T.);
#2783=ORIENTED_EDGE('',*,*,#2115,.T.);
#2784=ORIENTED_EDGE('',*,*,#2113,.T.);
#2785=ORIENTED_EDGE('',*,*,#2111,.T.);
#2786=ORIENTED_EDGE('',*,*,#2109,.T.);
#2787=ORIENTED_EDGE('',*,*,#2107,.T.);
#2788=ORIENTED_EDGE('',*,*,#2105,.T.);
#2789=ORIENTED_EDGE('',*,*,#2144,.T.);
#2790=ORIENTED_EDGE('',*,*,#2143,.F.);
#2791=ORIENTED_EDGE('',*,*,#2145,.T.);
#2792=ORIENTED_EDGE('',*,*,#2146,.T.);
#2793=ORIENTED_EDGE('',*,*,#2147,.T.);
#2794=ORIENTED_EDGE('',*,*,#2148,.T.);
#2795=ORIENTED_EDGE('',*,*,#2149,.T.);
#2796=ORIENTED_EDGE('',*,*,#2150,.T.);
#2797=ORIENTED_EDGE('',*,*,#2151,.T.);
#2798=ORIENTED_EDGE('',*,*,#2152,.F.);
#2799=ORIENTED_EDGE('',*,*,#2153,.F.);
#2800=ORIENTED_EDGE('',*,*,#2154,.T.);
#2801=ORIENTED_EDGE('',*,*,#2155,.T.);
#2802=ORIENTED_EDGE('',*,*,#2156,.T.);
#2803=ORIENTED_EDGE('',*,*,#2157,.F.);
#2804=ORIENTED_EDGE('',*,*,#2081,.F.);
#2805=ORIENTED_EDGE('',*,*,#2158,.F.);
#2806=ORIENTED_EDGE('',*,*,#2159,.T.);
#2807=ORIENTED_EDGE('',*,*,#2155,.F.);
#2808=ORIENTED_EDGE('',*,*,#2160,.T.);
#2809=ORIENTED_EDGE('',*,*,#2161,.T.);
#2810=ORIENTED_EDGE('',*,*,#2162,.T.);
#2811=ORIENTED_EDGE('',*,*,#2158,.T.);
#2812=ORIENTED_EDGE('',*,*,#2080,.F.);
#2813=ORIENTED_EDGE('',*,*,#2163,.T.);
#2814=ORIENTED_EDGE('',*,*,#2164,.T.);
#2815=ORIENTED_EDGE('',*,*,#2165,.T.);
#2816=ORIENTED_EDGE('',*,*,#2166,.T.);
#2817=ORIENTED_EDGE('',*,*,#2163,.F.);
#2818=ORIENTED_EDGE('',*,*,#2079,.T.);
#2819=ORIENTED_EDGE('',*,*,#2167,.T.);
#2820=ORIENTED_EDGE('',*,*,#2168,.F.);
#2821=ORIENTED_EDGE('',*,*,#2047,.T.);
#2822=ORIENTED_EDGE('',*,*,#2169,.T.);
#2823=ORIENTED_EDGE('',*,*,#2170,.T.);
#2824=ORIENTED_EDGE('',*,*,#2052,.T.);
#2825=ORIENTED_EDGE('',*,*,#2171,.T.);
#2826=ORIENTED_EDGE('',*,*,#2172,.T.);
#2827=ORIENTED_EDGE('',*,*,#2173,.T.);
#2828=ORIENTED_EDGE('',*,*,#2174,.T.);
#2829=ORIENTED_EDGE('',*,*,#2172,.F.);
#2830=ORIENTED_EDGE('',*,*,#2175,.F.);
#2831=ORIENTED_EDGE('',*,*,#2176,.T.);
#2832=ORIENTED_EDGE('',*,*,#2177,.T.);
#2833=ORIENTED_EDGE('',*,*,#2178,.F.);
#2834=ORIENTED_EDGE('',*,*,#2179,.T.);
#2835=ORIENTED_EDGE('',*,*,#2180,.F.);
#2836=ORIENTED_EDGE('',*,*,#2074,.T.);
#2837=ORIENTED_EDGE('',*,*,#2078,.T.);
#2838=ORIENTED_EDGE('',*,*,#2077,.T.);
#2839=ORIENTED_EDGE('',*,*,#2181,.F.);
#2840=ORIENTED_EDGE('',*,*,#2182,.T.);
#2841=ORIENTED_EDGE('',*,*,#2183,.T.);
#2842=ORIENTED_EDGE('',*,*,#2184,.T.);
#2843=ORIENTED_EDGE('',*,*,#2185,.T.);
#2844=ORIENTED_EDGE('',*,*,#2186,.T.);
#2845=ORIENTED_EDGE('',*,*,#2187,.T.);
#2846=ORIENTED_EDGE('',*,*,#2188,.T.);
#2847=ORIENTED_EDGE('',*,*,#2189,.T.);
#2848=ORIENTED_EDGE('',*,*,#2164,.F.);
#2849=ORIENTED_EDGE('',*,*,#2083,.T.);
#2850=ORIENTED_EDGE('',*,*,#2190,.F.);
#2851=ORIENTED_EDGE('',*,*,#2191,.T.);
#2852=ORIENTED_EDGE('',*,*,#2192,.T.);
#2853=ORIENTED_EDGE('',*,*,#2193,.T.);
#2854=ORIENTED_EDGE('',*,*,#2049,.F.);
#2855=ORIENTED_EDGE('',*,*,#2194,.F.);
#2856=ORIENTED_EDGE('',*,*,#2120,.T.);
#2857=ORIENTED_EDGE('',*,*,#2195,.F.);
#2858=ORIENTED_EDGE('',*,*,#2196,.T.);
#2859=ORIENTED_EDGE('',*,*,#2197,.T.);
#2860=ORIENTED_EDGE('',*,*,#2198,.T.);
#2861=ORIENTED_EDGE('',*,*,#2199,.T.);
#2862=ORIENTED_EDGE('',*,*,#2200,.T.);
#2863=ORIENTED_EDGE('',*,*,#2201,.T.);
#2864=ORIENTED_EDGE('',*,*,#2202,.T.);
#2865=ORIENTED_EDGE('',*,*,#2203,.T.);
#2866=ORIENTED_EDGE('',*,*,#2204,.T.);
#2867=ORIENTED_EDGE('',*,*,#2185,.F.);
#2868=ORIENTED_EDGE('',*,*,#2119,.F.);
#2869=ORIENTED_EDGE('',*,*,#2123,.F.);
#2870=ORIENTED_EDGE('',*,*,#2012,.F.);
#2871=ORIENTED_EDGE('',*,*,#2020,.F.);
#2872=ORIENTED_EDGE('',*,*,#2030,.F.);
#2873=ORIENTED_EDGE('',*,*,#2050,.F.);
#2874=ORIENTED_EDGE('',*,*,#2170,.F.);
#2875=ORIENTED_EDGE('',*,*,#2174,.F.);
#2876=ORIENTED_EDGE('',*,*,#2205,.F.);
#2877=ORIENTED_EDGE('',*,*,#2206,.F.);
#2878=ORIENTED_EDGE('',*,*,#2207,.T.);
#2879=ORIENTED_EDGE('',*,*,#2195,.T.);
#2880=ORIENTED_EDGE('',*,*,#2208,.F.);
#2881=ORIENTED_EDGE('',*,*,#2209,.F.);
#2882=ORIENTED_EDGE('',*,*,#2208,.T.);
#2883=ORIENTED_EDGE('',*,*,#2205,.T.);
#2884=ORIENTED_EDGE('',*,*,#2173,.F.);
#2885=ORIENTED_EDGE('',*,*,#2210,.F.);
#2886=ORIENTED_EDGE('',*,*,#2186,.F.);
#2887=ORIENTED_EDGE('',*,*,#2204,.F.);
#2888=ORIENTED_EDGE('',*,*,#2211,.F.);
#2889=ORIENTED_EDGE('',*,*,#2207,.F.);
#2890=ORIENTED_EDGE('',*,*,#2212,.F.);
#2891=ORIENTED_EDGE('',*,*,#2213,.T.);
#2892=ORIENTED_EDGE('',*,*,#2196,.F.);
#2893=ORIENTED_EDGE('',*,*,#2213,.F.);
#2894=ORIENTED_EDGE('',*,*,#2214,.F.);
#2895=ORIENTED_EDGE('',*,*,#2215,.T.);
#2896=ORIENTED_EDGE('',*,*,#2197,.F.);
#2897=ORIENTED_EDGE('',*,*,#2215,.F.);
#2898=ORIENTED_EDGE('',*,*,#2216,.F.);
#2899=ORIENTED_EDGE('',*,*,#2217,.T.);
#2900=ORIENTED_EDGE('',*,*,#2198,.F.);
#2901=ORIENTED_EDGE('',*,*,#2217,.F.);
#2902=ORIENTED_EDGE('',*,*,#2218,.F.);
#2903=ORIENTED_EDGE('',*,*,#2219,.T.);
#2904=ORIENTED_EDGE('',*,*,#2199,.F.);
#2905=ORIENTED_EDGE('',*,*,#2219,.F.);
#2906=ORIENTED_EDGE('',*,*,#2220,.F.);
#2907=ORIENTED_EDGE('',*,*,#2221,.T.);
#2908=ORIENTED_EDGE('',*,*,#2200,.F.);
#2909=ORIENTED_EDGE('',*,*,#2221,.F.);
#2910=ORIENTED_EDGE('',*,*,#2222,.F.);
#2911=ORIENTED_EDGE('',*,*,#2223,.T.);
#2912=ORIENTED_EDGE('',*,*,#2201,.F.);
#2913=ORIENTED_EDGE('',*,*,#2223,.F.);
#2914=ORIENTED_EDGE('',*,*,#2224,.F.);
#2915=ORIENTED_EDGE('',*,*,#2225,.T.);
#2916=ORIENTED_EDGE('',*,*,#2202,.F.);
#2917=ORIENTED_EDGE('',*,*,#2225,.F.);
#2918=ORIENTED_EDGE('',*,*,#2226,.F.);
#2919=ORIENTED_EDGE('',*,*,#2211,.T.);
#2920=ORIENTED_EDGE('',*,*,#2203,.F.);
#2921=ORIENTED_EDGE('',*,*,#2227,.T.);
#2922=ORIENTED_EDGE('',*,*,#2228,.T.);
#2923=ORIENTED_EDGE('',*,*,#2229,.T.);
#2924=ORIENTED_EDGE('',*,*,#2230,.T.);
#2925=ORIENTED_EDGE('',*,*,#2231,.T.);
#2926=ORIENTED_EDGE('',*,*,#2230,.F.);
#2927=ORIENTED_EDGE('',*,*,#2232,.T.);
#2928=ORIENTED_EDGE('',*,*,#2183,.F.);
#2929=ORIENTED_EDGE('',*,*,#2233,.T.);
#2930=ORIENTED_EDGE('',*,*,#2190,.T.);
#2931=ORIENTED_EDGE('',*,*,#2082,.T.);
#2932=ORIENTED_EDGE('',*,*,#2157,.T.);
#2933=ORIENTED_EDGE('',*,*,#2234,.T.);
#2934=ORIENTED_EDGE('',*,*,#2235,.T.);
#2935=ORIENTED_EDGE('',*,*,#2188,.F.);
#2936=ORIENTED_EDGE('',*,*,#2236,.T.);
#2937=ORIENTED_EDGE('',*,*,#2237,.F.);
#2938=ORIENTED_EDGE('',*,*,#2238,.T.);
#2939=ORIENTED_EDGE('',*,*,#2237,.T.);
#2940=ORIENTED_EDGE('',*,*,#2239,.T.);
#2941=ORIENTED_EDGE('',*,*,#2240,.T.);
#2942=ORIENTED_EDGE('',*,*,#2241,.T.);
#2943=ORIENTED_EDGE('',*,*,#2240,.F.);
#2944=ORIENTED_EDGE('',*,*,#2242,.T.);
#2945=ORIENTED_EDGE('',*,*,#2228,.F.);
#2946=ORIENTED_EDGE('',*,*,#2243,.T.);
#2947=ORIENTED_EDGE('',*,*,#2244,.T.);
#2948=ORIENTED_EDGE('',*,*,#2245,.T.);
#2949=ORIENTED_EDGE('',*,*,#2246,.F.);
#2950=ORIENTED_EDGE('',*,*,#2247,.F.);
#2951=ORIENTED_EDGE('',*,*,#2248,.F.);
#2952=ORIENTED_EDGE('',*,*,#2180,.T.);
#2953=ORIENTED_EDGE('',*,*,#2248,.T.);
#2954=ORIENTED_EDGE('',*,*,#2249,.T.);
#2955=ORIENTED_EDGE('',*,*,#2067,.T.);
#2956=ORIENTED_EDGE('',*,*,#2075,.F.);
#2957=ORIENTED_EDGE('',*,*,#2246,.T.);
#2958=ORIENTED_EDGE('',*,*,#2181,.T.);
#2959=ORIENTED_EDGE('',*,*,#2076,.T.);
#2960=ORIENTED_EDGE('',*,*,#2072,.T.);
#2961=ORIENTED_EDGE('',*,*,#2250,.T.);
#2962=ORIENTED_EDGE('',*,*,#2251,.T.);
#2963=ORIENTED_EDGE('',*,*,#2178,.T.);
#2964=ORIENTED_EDGE('',*,*,#2252,.T.);
#2965=ORIENTED_EDGE('',*,*,#2253,.F.);
#2966=ORIENTED_EDGE('',*,*,#2254,.T.);
#2967=ORIENTED_EDGE('',*,*,#2253,.T.);
#2968=ORIENTED_EDGE('',*,*,#2255,.T.);
#2969=ORIENTED_EDGE('',*,*,#2256,.T.);
#2970=ORIENTED_EDGE('',*,*,#2257,.T.);
#2971=ORIENTED_EDGE('',*,*,#2256,.F.);
#2972=ORIENTED_EDGE('',*,*,#2258,.T.);
#2973=ORIENTED_EDGE('',*,*,#2259,.F.);
#2974=ORIENTED_EDGE('',*,*,#2260,.T.);
#2975=ORIENTED_EDGE('',*,*,#2259,.T.);
#2976=ORIENTED_EDGE('',*,*,#2261,.T.);
#2977=ORIENTED_EDGE('',*,*,#2262,.T.);
#2978=ORIENTED_EDGE('',*,*,#2263,.T.);
#2979=ORIENTED_EDGE('',*,*,#2262,.F.);
#2980=ORIENTED_EDGE('',*,*,#2264,.T.);
#2981=ORIENTED_EDGE('',*,*,#2192,.F.);
#2982=ORIENTED_EDGE('',*,*,#2265,.T.);
#2983=ORIENTED_EDGE('',*,*,#2233,.F.);
#2984=ORIENTED_EDGE('',*,*,#2266,.F.);
#2985=ORIENTED_EDGE('',*,*,#2165,.F.);
#2986=ORIENTED_EDGE('',*,*,#2227,.F.);
#2987=ORIENTED_EDGE('',*,*,#2231,.F.);
#2988=ORIENTED_EDGE('',*,*,#2182,.F.);
#2989=ORIENTED_EDGE('',*,*,#2245,.F.);
#2990=ORIENTED_EDGE('',*,*,#2244,.F.);
#2991=ORIENTED_EDGE('',*,*,#2243,.F.);
#2992=ORIENTED_EDGE('',*,*,#2179,.F.);
#2993=ORIENTED_EDGE('',*,*,#2251,.F.);
#2994=ORIENTED_EDGE('',*,*,#2254,.F.);
#2995=ORIENTED_EDGE('',*,*,#2257,.F.);
#2996=ORIENTED_EDGE('',*,*,#2260,.F.);
#2997=ORIENTED_EDGE('',*,*,#2263,.F.);
#2998=ORIENTED_EDGE('',*,*,#2191,.F.);
#2999=ORIENTED_EDGE('',*,*,#2265,.F.);
#3000=ORIENTED_EDGE('',*,*,#2189,.F.);
#3001=ORIENTED_EDGE('',*,*,#2235,.F.);
#3002=ORIENTED_EDGE('',*,*,#2238,.F.);
#3003=ORIENTED_EDGE('',*,*,#2241,.F.);
#3004=ORIENTED_EDGE('',*,*,#2267,.T.);
#3005=ORIENTED_EDGE('',*,*,#2268,.F.);
#3006=ORIENTED_EDGE('',*,*,#2269,.T.);
#3007=ORIENTED_EDGE('',*,*,#2070,.F.);
#3008=ORIENTED_EDGE('',*,*,#2103,.F.);
#3009=ORIENTED_EDGE('',*,*,#2270,.F.);
#3010=ORIENTED_EDGE('',*,*,#2271,.F.);
#3011=ORIENTED_EDGE('',*,*,#2272,.T.);
#3012=ORIENTED_EDGE('',*,*,#2273,.T.);
#3013=ORIENTED_EDGE('',*,*,#2148,.F.);
#3014=ORIENTED_EDGE('',*,*,#2274,.T.);
#3015=ORIENTED_EDGE('',*,*,#2275,.T.);
#3016=ORIENTED_EDGE('',*,*,#2276,.T.);
#3017=ORIENTED_EDGE('',*,*,#2147,.F.);
#3018=ORIENTED_EDGE('',*,*,#2277,.T.);
#3019=ORIENTED_EDGE('',*,*,#2016,.F.);
#3020=ORIENTED_EDGE('',*,*,#2278,.F.);
#3021=ORIENTED_EDGE('',*,*,#2274,.F.);
#3022=ORIENTED_EDGE('',*,*,#2019,.F.);
#3023=ORIENTED_EDGE('',*,*,#2279,.F.);
#3024=ORIENTED_EDGE('',*,*,#2275,.F.);
#3025=ORIENTED_EDGE('',*,*,#2278,.T.);
#3026=ORIENTED_EDGE('',*,*,#2150,.F.);
#3027=ORIENTED_EDGE('',*,*,#2280,.T.);
#3028=ORIENTED_EDGE('',*,*,#2017,.F.);
#3029=ORIENTED_EDGE('',*,*,#2277,.F.);
#3030=ORIENTED_EDGE('',*,*,#2149,.F.);
#3031=ORIENTED_EDGE('',*,*,#2276,.F.);
#3032=ORIENTED_EDGE('',*,*,#2279,.T.);
#3033=ORIENTED_EDGE('',*,*,#2018,.F.);
#3034=ORIENTED_EDGE('',*,*,#2280,.F.);
#3035=ORIENTED_EDGE('',*,*,#2281,.T.);
#3036=ORIENTED_EDGE('',*,*,#2282,.T.);
#3037=ORIENTED_EDGE('',*,*,#2268,.T.);
#3038=ORIENTED_EDGE('',*,*,#2283,.T.);
#3039=ORIENTED_EDGE('',*,*,#2284,.F.);
#3040=ORIENTED_EDGE('',*,*,#2281,.F.);
#3041=ORIENTED_EDGE('',*,*,#2285,.F.);
#3042=ORIENTED_EDGE('',*,*,#2286,.T.);
#3043=ORIENTED_EDGE('',*,*,#2287,.T.);
#3044=ORIENTED_EDGE('',*,*,#2288,.T.);
#3045=ORIENTED_EDGE('',*,*,#2289,.T.);
#3046=ORIENTED_EDGE('',*,*,#2290,.T.);
#3047=ORIENTED_EDGE('',*,*,#2153,.T.);
#3048=ORIENTED_EDGE('',*,*,#2291,.T.);
#3049=ORIENTED_EDGE('',*,*,#2292,.T.);
#3050=ORIENTED_EDGE('',*,*,#2293,.T.);
#3051=ORIENTED_EDGE('',*,*,#2146,.F.);
#3052=ORIENTED_EDGE('',*,*,#2294,.T.);
#3053=ORIENTED_EDGE('',*,*,#2295,.T.);
#3054=ORIENTED_EDGE('',*,*,#2296,.T.);
#3055=ORIENTED_EDGE('',*,*,#2297,.T.);
#3056=ORIENTED_EDGE('',*,*,#2298,.T.);
#3057=ORIENTED_EDGE('',*,*,#2299,.T.);
#3058=ORIENTED_EDGE('',*,*,#2300,.T.);
#3059=ORIENTED_EDGE('',*,*,#2301,.T.);
#3060=ORIENTED_EDGE('',*,*,#2302,.T.);
#3061=ORIENTED_EDGE('',*,*,#2292,.F.);
#3062=ORIENTED_EDGE('',*,*,#2303,.T.);
#3063=ORIENTED_EDGE('',*,*,#2299,.F.);
#3064=ORIENTED_EDGE('',*,*,#2304,.F.);
#3065=ORIENTED_EDGE('',*,*,#2291,.F.);
#3066=ORIENTED_EDGE('',*,*,#2305,.T.);
#3067=ORIENTED_EDGE('',*,*,#2300,.F.);
#3068=ORIENTED_EDGE('',*,*,#2303,.F.);
#3069=ORIENTED_EDGE('',*,*,#2306,.T.);
#3070=ORIENTED_EDGE('',*,*,#2152,.T.);
#3071=ORIENTED_EDGE('',*,*,#2307,.T.);
#3072=ORIENTED_EDGE('',*,*,#2301,.F.);
#3073=ORIENTED_EDGE('',*,*,#2305,.F.);
#3074=ORIENTED_EDGE('',*,*,#2308,.F.);
#3075=ORIENTED_EDGE('',*,*,#2309,.T.);
#3076=ORIENTED_EDGE('',*,*,#2310,.F.);
#3077=ORIENTED_EDGE('',*,*,#2309,.F.);
#3078=ORIENTED_EDGE('',*,*,#2311,.F.);
#3079=ORIENTED_EDGE('',*,*,#2312,.T.);
#3080=ORIENTED_EDGE('',*,*,#2306,.F.);
#3081=ORIENTED_EDGE('',*,*,#2312,.F.);
#3082=ORIENTED_EDGE('',*,*,#2313,.F.);
#3083=ORIENTED_EDGE('',*,*,#2314,.F.);
#3084=ORIENTED_EDGE('',*,*,#2315,.F.);
#3085=ORIENTED_EDGE('',*,*,#2167,.F.);
#3086=ORIENTED_EDGE('',*,*,#2316,.T.);
#3087=ORIENTED_EDGE('',*,*,#2104,.F.);
#3088=ORIENTED_EDGE('',*,*,#2061,.T.);
#3089=ORIENTED_EDGE('',*,*,#2317,.T.);
#3090=ORIENTED_EDGE('',*,*,#2314,.T.);
#3091=ORIENTED_EDGE('',*,*,#2318,.T.);
#3092=ORIENTED_EDGE('',*,*,#2176,.F.);
#3093=ORIENTED_EDGE('',*,*,#2319,.F.);
#3094=ORIENTED_EDGE('',*,*,#2320,.T.);
#3095=ORIENTED_EDGE('',*,*,#2321,.T.);
#3096=ORIENTED_EDGE('',*,*,#2161,.F.);
#3097=ORIENTED_EDGE('',*,*,#2322,.F.);
#3098=ORIENTED_EDGE('',*,*,#2323,.T.);
#3099=ORIENTED_EDGE('',*,*,#2324,.T.);
#3100=ORIENTED_EDGE('',*,*,#2099,.T.);
#3101=ORIENTED_EDGE('',*,*,#2325,.T.);
#3102=ORIENTED_EDGE('',*,*,#2326,.T.);
#3103=ORIENTED_EDGE('',*,*,#2322,.T.);
#3104=ORIENTED_EDGE('',*,*,#2160,.F.);
#3105=ORIENTED_EDGE('',*,*,#2154,.F.);
#3106=ORIENTED_EDGE('',*,*,#2290,.F.);
#3107=ORIENTED_EDGE('',*,*,#2327,.T.);
#3108=ORIENTED_EDGE('',*,*,#2328,.T.);
#3109=ORIENTED_EDGE('',*,*,#2329,.T.);
#3110=ORIENTED_EDGE('',*,*,#2320,.F.);
#3111=ORIENTED_EDGE('',*,*,#2326,.F.);
#3112=ORIENTED_EDGE('',*,*,#2330,.F.);
#3113=ORIENTED_EDGE('',*,*,#2331,.T.);
#3114=ORIENTED_EDGE('',*,*,#2332,.T.);
#3115=ORIENTED_EDGE('',*,*,#2333,.T.);
#3116=ORIENTED_EDGE('',*,*,#2334,.T.);
#3117=ORIENTED_EDGE('',*,*,#2335,.F.);
#3118=ORIENTED_EDGE('',*,*,#2336,.F.);
#3119=ORIENTED_EDGE('',*,*,#2328,.F.);
#3120=ORIENTED_EDGE('',*,*,#2337,.T.);
#3121=ORIENTED_EDGE('',*,*,#2338,.F.);
#3122=ORIENTED_EDGE('',*,*,#2339,.T.);
#3123=ORIENTED_EDGE('',*,*,#2340,.F.);
#3124=ORIENTED_EDGE('',*,*,#2341,.T.);
#3125=ORIENTED_EDGE('',*,*,#2340,.T.);
#3126=ORIENTED_EDGE('',*,*,#2342,.F.);
#3127=ORIENTED_EDGE('',*,*,#2343,.F.);
#3128=ORIENTED_EDGE('',*,*,#2344,.T.);
#3129=ORIENTED_EDGE('',*,*,#2343,.T.);
#3130=ORIENTED_EDGE('',*,*,#2345,.F.);
#3131=ORIENTED_EDGE('',*,*,#2338,.T.);
#3132=ORIENTED_EDGE('',*,*,#2346,.T.);
#3133=ORIENTED_EDGE('',*,*,#2347,.F.);
#3134=ORIENTED_EDGE('',*,*,#2348,.F.);
#3135=ORIENTED_EDGE('',*,*,#2349,.F.);
#3136=ORIENTED_EDGE('',*,*,#2350,.T.);
#3137=ORIENTED_EDGE('',*,*,#2351,.F.);
#3138=ORIENTED_EDGE('',*,*,#2352,.T.);
#3139=ORIENTED_EDGE('',*,*,#2347,.T.);
#3140=ORIENTED_EDGE('',*,*,#2353,.T.);
#3141=ORIENTED_EDGE('',*,*,#2354,.F.);
#3142=ORIENTED_EDGE('',*,*,#2351,.T.);
#3143=ORIENTED_EDGE('',*,*,#2355,.T.);
#3144=ORIENTED_EDGE('',*,*,#2356,.T.);
#3145=ORIENTED_EDGE('',*,*,#2357,.T.);
#3146=ORIENTED_EDGE('',*,*,#2349,.T.);
#3147=ORIENTED_EDGE('',*,*,#2358,.F.);
#3148=ORIENTED_EDGE('',*,*,#2100,.F.);
#3149=ORIENTED_EDGE('',*,*,#2316,.F.);
#3150=ORIENTED_EDGE('',*,*,#2359,.T.);
#3151=ORIENTED_EDGE('',*,*,#2335,.T.);
#3152=ORIENTED_EDGE('',*,*,#2360,.T.);
#3153=ORIENTED_EDGE('',*,*,#2331,.F.);
#3154=ORIENTED_EDGE('',*,*,#2361,.F.);
#3155=ORIENTED_EDGE('',*,*,#2362,.F.);
#3156=ORIENTED_EDGE('',*,*,#2363,.T.);
#3157=ORIENTED_EDGE('',*,*,#2362,.T.);
#3158=ORIENTED_EDGE('',*,*,#2364,.T.);
#3159=ORIENTED_EDGE('',*,*,#2365,.T.);
#3160=ORIENTED_EDGE('',*,*,#2366,.T.);
#3161=ORIENTED_EDGE('',*,*,#2365,.F.);
#3162=ORIENTED_EDGE('',*,*,#2367,.F.);
#3163=ORIENTED_EDGE('',*,*,#2368,.T.);
#3164=ORIENTED_EDGE('',*,*,#2369,.F.);
#3165=ORIENTED_EDGE('',*,*,#2370,.F.);
#3166=ORIENTED_EDGE('',*,*,#2371,.T.);
#3167=ORIENTED_EDGE('',*,*,#2372,.T.);
#3168=ORIENTED_EDGE('',*,*,#2373,.F.);
#3169=ORIENTED_EDGE('',*,*,#2374,.F.);
#3170=ORIENTED_EDGE('',*,*,#2369,.T.);
#3171=ORIENTED_EDGE('',*,*,#2375,.T.);
#3172=ORIENTED_EDGE('',*,*,#2371,.F.);
#3173=ORIENTED_EDGE('',*,*,#2376,.F.);
#3174=ORIENTED_EDGE('',*,*,#2373,.T.);
#3175=ORIENTED_EDGE('',*,*,#2333,.F.);
#3176=ORIENTED_EDGE('',*,*,#2377,.F.);
#3177=ORIENTED_EDGE('',*,*,#2356,.F.);
#3178=ORIENTED_EDGE('',*,*,#2378,.F.);
#3179=ORIENTED_EDGE('',*,*,#2334,.F.);
#3180=ORIENTED_EDGE('',*,*,#2327,.F.);
#3181=ORIENTED_EDGE('',*,*,#2378,.T.);
#3182=ORIENTED_EDGE('',*,*,#2355,.F.);
#3183=ORIENTED_EDGE('',*,*,#2379,.T.);
#3184=ORIENTED_EDGE('',*,*,#2380,.T.);
#3185=ORIENTED_EDGE('',*,*,#2053,.F.);
#3186=ORIENTED_EDGE('',*,*,#2381,.F.);
#3187=ORIENTED_EDGE('',*,*,#2382,.T.);
#3188=ORIENTED_EDGE('',*,*,#2381,.T.);
#3189=ORIENTED_EDGE('',*,*,#2059,.T.);
#3190=ORIENTED_EDGE('',*,*,#2383,.T.);
#3191=ORIENTED_EDGE('',*,*,#2384,.F.);
#3192=ORIENTED_EDGE('',*,*,#2385,.F.);
#3193=ORIENTED_EDGE('',*,*,#2386,.F.);
#3194=ORIENTED_EDGE('',*,*,#2387,.T.);
#3195=ORIENTED_EDGE('',*,*,#2388,.F.);
#3196=ORIENTED_EDGE('',*,*,#2389,.F.);
#3197=ORIENTED_EDGE('',*,*,#2390,.F.);
#3198=ORIENTED_EDGE('',*,*,#2385,.T.);
#3199=ORIENTED_EDGE('',*,*,#2391,.F.);
#3200=ORIENTED_EDGE('',*,*,#2392,.F.);
#3201=ORIENTED_EDGE('',*,*,#2393,.F.);
#3202=ORIENTED_EDGE('',*,*,#2389,.T.);
#3203=ORIENTED_EDGE('',*,*,#2394,.F.);
#3204=ORIENTED_EDGE('',*,*,#2387,.F.);
#3205=ORIENTED_EDGE('',*,*,#2395,.F.);
#3206=ORIENTED_EDGE('',*,*,#2392,.T.);
#3207=ORIENTED_EDGE('',*,*,#2396,.T.);
#3208=ORIENTED_EDGE('',*,*,#2397,.F.);
#3209=ORIENTED_EDGE('',*,*,#2398,.F.);
#3210=ORIENTED_EDGE('',*,*,#2399,.F.);
#3211=ORIENTED_EDGE('',*,*,#2400,.T.);
#3212=ORIENTED_EDGE('',*,*,#2401,.F.);
#3213=ORIENTED_EDGE('',*,*,#2402,.F.);
#3214=ORIENTED_EDGE('',*,*,#2403,.T.);
#3215=ORIENTED_EDGE('',*,*,#2267,.F.);
#3216=ORIENTED_EDGE('',*,*,#2404,.T.);
#3217=ORIENTED_EDGE('',*,*,#2285,.T.);
#3218=ORIENTED_EDGE('',*,*,#2283,.F.);
#3219=ORIENTED_EDGE('',*,*,#2310,.T.);
#3220=ORIENTED_EDGE('',*,*,#2405,.T.);
#3221=ORIENTED_EDGE('',*,*,#2271,.T.);
#3222=ORIENTED_EDGE('',*,*,#2270,.T.);
#3223=ORIENTED_EDGE('',*,*,#2102,.F.);
#3224=ORIENTED_EDGE('',*,*,#2406,.F.);
#3225=ORIENTED_EDGE('',*,*,#2407,.T.);
#3226=ORIENTED_EDGE('',*,*,#2408,.T.);
#3227=ORIENTED_EDGE('',*,*,#2409,.F.);
#3228=ORIENTED_EDGE('',*,*,#2410,.F.);
#3229=ORIENTED_EDGE('',*,*,#2411,.T.);
#3230=ORIENTED_EDGE('',*,*,#2412,.T.);
#3231=ORIENTED_EDGE('',*,*,#2413,.F.);
#3232=ORIENTED_EDGE('',*,*,#2414,.F.);
#3233=ORIENTED_EDGE('',*,*,#2409,.T.);
#3234=ORIENTED_EDGE('',*,*,#2415,.T.);
#3235=ORIENTED_EDGE('',*,*,#2416,.F.);
#3236=ORIENTED_EDGE('',*,*,#2417,.F.);
#3237=ORIENTED_EDGE('',*,*,#2401,.T.);
#3238=ORIENTED_EDGE('',*,*,#2418,.F.);
#3239=ORIENTED_EDGE('',*,*,#2419,.F.);
#3240=ORIENTED_EDGE('',*,*,#2379,.F.);
#3241=ORIENTED_EDGE('',*,*,#2382,.F.);
#3242=ORIENTED_EDGE('',*,*,#2420,.F.);
#3243=ORIENTED_EDGE('',*,*,#2421,.T.);
#3244=ORIENTED_EDGE('',*,*,#2422,.T.);
#3245=ORIENTED_EDGE('',*,*,#2423,.F.);
#3246=ORIENTED_EDGE('',*,*,#2420,.T.);
#3247=ORIENTED_EDGE('',*,*,#2383,.F.);
#3248=ORIENTED_EDGE('',*,*,#2058,.F.);
#3249=ORIENTED_EDGE('',*,*,#2424,.F.);
#3250=ORIENTED_EDGE('',*,*,#2425,.T.);
#3251=ORIENTED_EDGE('',*,*,#2426,.F.);
#3252=ORIENTED_EDGE('',*,*,#2054,.F.);
#3253=ORIENTED_EDGE('',*,*,#2380,.F.);
#3254=ORIENTED_EDGE('',*,*,#2419,.T.);
#3255=ORIENTED_EDGE('',*,*,#2427,.F.);
#3256=ORIENTED_EDGE('',*,*,#2428,.T.);
#3257=ORIENTED_EDGE('',*,*,#2429,.T.);
#3258=ORIENTED_EDGE('',*,*,#2084,.F.);
#3259=ORIENTED_EDGE('',*,*,#2430,.T.);
#3260=ORIENTED_EDGE('',*,*,#2431,.T.);
#3261=ORIENTED_EDGE('',*,*,#2432,.T.);
#3262=ORIENTED_EDGE('',*,*,#2430,.F.);
#3263=ORIENTED_EDGE('',*,*,#2089,.F.);
#3264=ORIENTED_EDGE('',*,*,#2088,.F.);
#3265=ORIENTED_EDGE('',*,*,#2433,.F.);
#3266=ORIENTED_EDGE('',*,*,#2138,.T.);
#3267=ORIENTED_EDGE('',*,*,#2434,.T.);
#3268=ORIENTED_EDGE('',*,*,#2431,.F.);
#3269=ORIENTED_EDGE('',*,*,#2435,.F.);
#3270=ORIENTED_EDGE('',*,*,#2436,.F.);
#3271=ORIENTED_EDGE('',*,*,#2437,.F.);
#3272=ORIENTED_EDGE('',*,*,#2438,.T.);
#3273=ORIENTED_EDGE('',*,*,#2439,.T.);
#3274=ORIENTED_EDGE('',*,*,#2440,.F.);
#3275=ORIENTED_EDGE('',*,*,#2441,.F.);
#3276=ORIENTED_EDGE('',*,*,#2442,.T.);
#3277=ORIENTED_EDGE('',*,*,#2428,.F.);
#3278=ORIENTED_EDGE('',*,*,#2443,.F.);
#3279=ORIENTED_EDGE('',*,*,#2422,.F.);
#3280=ORIENTED_EDGE('',*,*,#2423,.T.);
#3281=ORIENTED_EDGE('',*,*,#2443,.T.);
#3282=ORIENTED_EDGE('',*,*,#2427,.T.);
#3283=ORIENTED_EDGE('',*,*,#2418,.T.);
#3284=ORIENTED_EDGE('',*,*,#2444,.T.);
#3285=ORIENTED_EDGE('',*,*,#2294,.F.);
#3286=ORIENTED_EDGE('',*,*,#2145,.F.);
#3287=ORIENTED_EDGE('',*,*,#2142,.F.);
#3288=ORIENTED_EDGE('',*,*,#2139,.F.);
#3289=ORIENTED_EDGE('',*,*,#2433,.T.);
#3290=ORIENTED_EDGE('',*,*,#2087,.T.);
#3291=ORIENTED_EDGE('',*,*,#2094,.T.);
#3292=ORIENTED_EDGE('',*,*,#2090,.T.);
#3293=ORIENTED_EDGE('',*,*,#2445,.T.);
#3294=ORIENTED_EDGE('',*,*,#2446,.T.);
#3295=ORIENTED_EDGE('',*,*,#2447,.F.);
#3296=ORIENTED_EDGE('',*,*,#2096,.T.);
#3297=ORIENTED_EDGE('',*,*,#2324,.F.);
#3298=ORIENTED_EDGE('',*,*,#2448,.T.);
#3299=ORIENTED_EDGE('',*,*,#2445,.F.);
#3300=ORIENTED_EDGE('',*,*,#2093,.F.);
#3301=ORIENTED_EDGE('',*,*,#2449,.F.);
#3302=ORIENTED_EDGE('',*,*,#2450,.F.);
#3303=ORIENTED_EDGE('',*,*,#2451,.T.);
#3304=ORIENTED_EDGE('',*,*,#2452,.T.);
#3305=ORIENTED_EDGE('',*,*,#2453,.T.);
#3306=ORIENTED_EDGE('',*,*,#2454,.T.);
#3307=ORIENTED_EDGE('',*,*,#2455,.F.);
#3308=ORIENTED_EDGE('',*,*,#2456,.T.);
#3309=ORIENTED_EDGE('',*,*,#2457,.F.);
#3310=ORIENTED_EDGE('',*,*,#2440,.T.);
#3311=ORIENTED_EDGE('',*,*,#2458,.T.);
#3312=ORIENTED_EDGE('',*,*,#2459,.T.);
#3313=ORIENTED_EDGE('',*,*,#2460,.T.);
#3314=ORIENTED_EDGE('',*,*,#2461,.F.);
#3315=ORIENTED_EDGE('',*,*,#2453,.F.);
#3316=ORIENTED_EDGE('',*,*,#2462,.F.);
#3317=ORIENTED_EDGE('',*,*,#2295,.F.);
#3318=ORIENTED_EDGE('',*,*,#2444,.F.);
#3319=ORIENTED_EDGE('',*,*,#2448,.F.);
#3320=ORIENTED_EDGE('',*,*,#2463,.F.);
#3321=ORIENTED_EDGE('',*,*,#2446,.F.);
#3322=ORIENTED_EDGE('',*,*,#2323,.F.);
#3323=ORIENTED_EDGE('',*,*,#2289,.F.);
#3324=ORIENTED_EDGE('',*,*,#2464,.T.);
#3325=ORIENTED_EDGE('',*,*,#2451,.F.);
#3326=ORIENTED_EDGE('',*,*,#2465,.T.);
#3327=ORIENTED_EDGE('',*,*,#2441,.T.);
#3328=ORIENTED_EDGE('',*,*,#2460,.F.);
#3329=ORIENTED_EDGE('',*,*,#2466,.F.);
#3330=ORIENTED_EDGE('',*,*,#2467,.F.);
#3331=ORIENTED_EDGE('',*,*,#2468,.T.);
#3332=ORIENTED_EDGE('',*,*,#2469,.F.);
#3333=ORIENTED_EDGE('',*,*,#2131,.F.);
#3334=ORIENTED_EDGE('',*,*,#2470,.F.);
#3335=ORIENTED_EDGE('',*,*,#2135,.F.);
#3336=ORIENTED_EDGE('',*,*,#2471,.F.);
#3337=ORIENTED_EDGE('',*,*,#2472,.T.);
#3338=ORIENTED_EDGE('',*,*,#2473,.T.);
#3339=ORIENTED_EDGE('',*,*,#2466,.T.);
#3340=ORIENTED_EDGE('',*,*,#2459,.F.);
#3341=ORIENTED_EDGE('',*,*,#2474,.F.);
#3342=ORIENTED_EDGE('',*,*,#2475,.T.);
#3343=ORIENTED_EDGE('',*,*,#2474,.T.);
#3344=ORIENTED_EDGE('',*,*,#2458,.F.);
#3345=ORIENTED_EDGE('',*,*,#2439,.F.);
#3346=ORIENTED_EDGE('',*,*,#2476,.F.);
#3347=ORIENTED_EDGE('',*,*,#2477,.T.);
#3348=ORIENTED_EDGE('',*,*,#2132,.T.);
#3349=ORIENTED_EDGE('',*,*,#2469,.T.);
#3350=ORIENTED_EDGE('',*,*,#2478,.F.);
#3351=ORIENTED_EDGE('',*,*,#2133,.F.);
#3352=ORIENTED_EDGE('',*,*,#2477,.F.);
#3353=ORIENTED_EDGE('',*,*,#2479,.T.);
#3354=ORIENTED_EDGE('',*,*,#2480,.F.);
#3355=ORIENTED_EDGE('',*,*,#2471,.T.);
#3356=ORIENTED_EDGE('',*,*,#2134,.T.);
#3357=ORIENTED_EDGE('',*,*,#2478,.T.);
#3358=ORIENTED_EDGE('',*,*,#2481,.F.);
#3359=ORIENTED_EDGE('',*,*,#2482,.T.);
#3360=ORIENTED_EDGE('',*,*,#2136,.T.);
#3361=ORIENTED_EDGE('',*,*,#2470,.T.);
#3362=ORIENTED_EDGE('',*,*,#2483,.F.);
#3363=ORIENTED_EDGE('',*,*,#2129,.F.);
#3364=ORIENTED_EDGE('',*,*,#2482,.F.);
#3365=ORIENTED_EDGE('',*,*,#2484,.T.);
#3366=ORIENTED_EDGE('',*,*,#2485,.T.);
#3367=ORIENTED_EDGE('',*,*,#2484,.F.);
#3368=ORIENTED_EDGE('',*,*,#2481,.T.);
#3369=ORIENTED_EDGE('',*,*,#2472,.F.);
#3370=ORIENTED_EDGE('',*,*,#2480,.T.);
#3371=ORIENTED_EDGE('',*,*,#2479,.F.);
#3372=ORIENTED_EDGE('',*,*,#2476,.T.);
#3373=ORIENTED_EDGE('',*,*,#2468,.F.);
#3374=ORIENTED_EDGE('',*,*,#2486,.F.);
#3375=ORIENTED_EDGE('',*,*,#2487,.F.);
#3376=ORIENTED_EDGE('',*,*,#2488,.F.);
#3377=ORIENTED_EDGE('',*,*,#2489,.F.);
#3378=ORIENTED_EDGE('',*,*,#2438,.F.);
#3379=ORIENTED_EDGE('',*,*,#2465,.F.);
#3380=ORIENTED_EDGE('',*,*,#2473,.F.);
#3381=ORIENTED_EDGE('',*,*,#2475,.F.);
#3382=ORIENTED_EDGE('',*,*,#2485,.F.);
#3383=ORIENTED_EDGE('',*,*,#2467,.T.);
#3384=ORIENTED_EDGE('',*,*,#2130,.T.);
#3385=ORIENTED_EDGE('',*,*,#2483,.T.);
#3386=ORIENTED_EDGE('',*,*,#2490,.T.);
#3387=ORIENTED_EDGE('',*,*,#2454,.F.);
#3388=ORIENTED_EDGE('',*,*,#2491,.T.);
#3389=ORIENTED_EDGE('',*,*,#2486,.T.);
#3390=ORIENTED_EDGE('',*,*,#2487,.T.);
#3391=ORIENTED_EDGE('',*,*,#2491,.F.);
#3392=ORIENTED_EDGE('',*,*,#2457,.T.);
#3393=ORIENTED_EDGE('',*,*,#2492,.F.);
#3394=ORIENTED_EDGE('',*,*,#2493,.T.);
#3395=ORIENTED_EDGE('',*,*,#2488,.T.);
#3396=ORIENTED_EDGE('',*,*,#2492,.T.);
#3397=ORIENTED_EDGE('',*,*,#2456,.F.);
#3398=ORIENTED_EDGE('',*,*,#2489,.T.);
#3399=ORIENTED_EDGE('',*,*,#2493,.F.);
#3400=ORIENTED_EDGE('',*,*,#2455,.T.);
#3401=ORIENTED_EDGE('',*,*,#2490,.F.);
#3402=ORIENTED_EDGE('',*,*,#2494,.T.);
#3403=ORIENTED_EDGE('',*,*,#2495,.T.);
#3404=ORIENTED_EDGE('',*,*,#2055,.T.);
#3405=ORIENTED_EDGE('',*,*,#2426,.T.);
#3406=ORIENTED_EDGE('',*,*,#2496,.T.);
#3407=ORIENTED_EDGE('',*,*,#2397,.T.);
#3408=ORIENTED_EDGE('',*,*,#2421,.F.);
#3409=ORIENTED_EDGE('',*,*,#2497,.F.);
#3410=ORIENTED_EDGE('',*,*,#2398,.T.);
#3411=ORIENTED_EDGE('',*,*,#2496,.F.);
#3412=ORIENTED_EDGE('',*,*,#2425,.F.);
#3413=ORIENTED_EDGE('',*,*,#2442,.F.);
#3414=ORIENTED_EDGE('',*,*,#2410,.T.);
#3415=ORIENTED_EDGE('',*,*,#2414,.T.);
#3416=ORIENTED_EDGE('',*,*,#2498,.T.);
#3417=ORIENTED_EDGE('',*,*,#2499,.T.);
#3418=ORIENTED_EDGE('',*,*,#2417,.T.);
#3419=ORIENTED_EDGE('',*,*,#2500,.T.);
#3420=ORIENTED_EDGE('',*,*,#2501,.T.);
#3421=ORIENTED_EDGE('',*,*,#2402,.T.);
#3422=ORIENTED_EDGE('',*,*,#2502,.T.);
#3423=ORIENTED_EDGE('',*,*,#2503,.T.);
#3424=ORIENTED_EDGE('',*,*,#2436,.T.);
#3425=ORIENTED_EDGE('',*,*,#2504,.F.);
#3426=ORIENTED_EDGE('',*,*,#2505,.T.);
#3427=ORIENTED_EDGE('',*,*,#2399,.T.);
#3428=ORIENTED_EDGE('',*,*,#2497,.T.);
#3429=ORIENTED_EDGE('',*,*,#2424,.T.);
#3430=ORIENTED_EDGE('',*,*,#2057,.T.);
#3431=ORIENTED_EDGE('',*,*,#2506,.T.);
#3432=ORIENTED_EDGE('',*,*,#2507,.T.);
#3433=ORIENTED_EDGE('',*,*,#2506,.F.);
#3434=ORIENTED_EDGE('',*,*,#2056,.F.);
#3435=ORIENTED_EDGE('',*,*,#2495,.F.);
#3436=ORIENTED_EDGE('',*,*,#2508,.T.);
#3437=ORIENTED_EDGE('',*,*,#2403,.F.);
#3438=ORIENTED_EDGE('',*,*,#2501,.F.);
#3439=ORIENTED_EDGE('',*,*,#2509,.T.);
#3440=ORIENTED_EDGE('',*,*,#2510,.T.);
#3441=ORIENTED_EDGE('',*,*,#2509,.F.);
#3442=ORIENTED_EDGE('',*,*,#2500,.F.);
#3443=ORIENTED_EDGE('',*,*,#2416,.T.);
#3444=ORIENTED_EDGE('',*,*,#2511,.T.);
#3445=ORIENTED_EDGE('',*,*,#2411,.F.);
#3446=ORIENTED_EDGE('',*,*,#2499,.F.);
#3447=ORIENTED_EDGE('',*,*,#2512,.F.);
#3448=ORIENTED_EDGE('',*,*,#2513,.T.);
#3449=ORIENTED_EDGE('',*,*,#2512,.T.);
#3450=ORIENTED_EDGE('',*,*,#2498,.F.);
#3451=ORIENTED_EDGE('',*,*,#2413,.T.);
#3452=ORIENTED_EDGE('',*,*,#2502,.F.);
#3453=ORIENTED_EDGE('',*,*,#2514,.F.);
#3454=ORIENTED_EDGE('',*,*,#2286,.F.);
#3455=ORIENTED_EDGE('',*,*,#2404,.F.);
#3456=ORIENTED_EDGE('',*,*,#2273,.F.);
#3457=ORIENTED_EDGE('',*,*,#2515,.F.);
#3458=ORIENTED_EDGE('',*,*,#2516,.F.);
#3459=ORIENTED_EDGE('',*,*,#2505,.F.);
#3460=ORIENTED_EDGE('',*,*,#2507,.F.);
#3461=ORIENTED_EDGE('',*,*,#2494,.F.);
#3462=ORIENTED_EDGE('',*,*,#2396,.F.);
#3463=ORIENTED_EDGE('',*,*,#2415,.F.);
#3464=ORIENTED_EDGE('',*,*,#2400,.F.);
#3465=ORIENTED_EDGE('',*,*,#2508,.F.);
#3466=ORIENTED_EDGE('',*,*,#2510,.F.);
#3467=ORIENTED_EDGE('',*,*,#2408,.F.);
#3468=ORIENTED_EDGE('',*,*,#2511,.F.);
#3469=ORIENTED_EDGE('',*,*,#2513,.F.);
#3470=ORIENTED_EDGE('',*,*,#2412,.F.);
#3471=ORIENTED_EDGE('',*,*,#2405,.F.);
#3472=ORIENTED_EDGE('',*,*,#2517,.T.);
#3473=ORIENTED_EDGE('',*,*,#2515,.T.);
#3474=ORIENTED_EDGE('',*,*,#2272,.F.);
#3475=ORIENTED_EDGE('',*,*,#2232,.F.);
#3476=ORIENTED_EDGE('',*,*,#2229,.F.);
#3477=ORIENTED_EDGE('',*,*,#2242,.F.);
#3478=ORIENTED_EDGE('',*,*,#2239,.F.);
#3479=ORIENTED_EDGE('',*,*,#2236,.F.);
#3480=ORIENTED_EDGE('',*,*,#2187,.F.);
#3481=ORIENTED_EDGE('',*,*,#2210,.T.);
#3482=ORIENTED_EDGE('',*,*,#2226,.T.);
#3483=ORIENTED_EDGE('',*,*,#2224,.T.);
#3484=ORIENTED_EDGE('',*,*,#2222,.T.);
#3485=ORIENTED_EDGE('',*,*,#2220,.T.);
#3486=ORIENTED_EDGE('',*,*,#2218,.T.);
#3487=ORIENTED_EDGE('',*,*,#2216,.T.);
#3488=ORIENTED_EDGE('',*,*,#2214,.T.);
#3489=ORIENTED_EDGE('',*,*,#2212,.T.);
#3490=ORIENTED_EDGE('',*,*,#2206,.T.);
#3491=ORIENTED_EDGE('',*,*,#2209,.T.);
#3492=ORIENTED_EDGE('',*,*,#2184,.F.);
#3493=ORIENTED_EDGE('',*,*,#2336,.T.);
#3494=ORIENTED_EDGE('',*,*,#2359,.F.);
#3495=ORIENTED_EDGE('',*,*,#2317,.F.);
#3496=ORIENTED_EDGE('',*,*,#2060,.F.);
#3497=ORIENTED_EDGE('',*,*,#2249,.F.);
#3498=ORIENTED_EDGE('',*,*,#2247,.T.);
#3499=ORIENTED_EDGE('',*,*,#2250,.F.);
#3500=ORIENTED_EDGE('',*,*,#2071,.F.);
#3501=ORIENTED_EDGE('',*,*,#2064,.F.);
#3502=ORIENTED_EDGE('',*,*,#2068,.F.);
#3503=ORIENTED_EDGE('',*,*,#2269,.F.);
#3504=ORIENTED_EDGE('',*,*,#2282,.F.);
#3505=ORIENTED_EDGE('',*,*,#2284,.T.);
#3506=ORIENTED_EDGE('',*,*,#2514,.T.);
#3507=ORIENTED_EDGE('',*,*,#2504,.T.);
#3508=ORIENTED_EDGE('',*,*,#2435,.T.);
#3509=ORIENTED_EDGE('',*,*,#2434,.F.);
#3510=ORIENTED_EDGE('',*,*,#2137,.F.);
#3511=ORIENTED_EDGE('',*,*,#2141,.F.);
#3512=ORIENTED_EDGE('',*,*,#2144,.F.);
#3513=ORIENTED_EDGE('',*,*,#2293,.F.);
#3514=ORIENTED_EDGE('',*,*,#2304,.T.);
#3515=ORIENTED_EDGE('',*,*,#2302,.F.);
#3516=ORIENTED_EDGE('',*,*,#2307,.F.);
#3517=ORIENTED_EDGE('',*,*,#2151,.F.);
#3518=ORIENTED_EDGE('',*,*,#2159,.F.);
#3519=ORIENTED_EDGE('',*,*,#2162,.F.);
#3520=ORIENTED_EDGE('',*,*,#2166,.F.);
#3521=ORIENTED_EDGE('',*,*,#2266,.T.);
#3522=ORIENTED_EDGE('',*,*,#2234,.F.);
#3523=ORIENTED_EDGE('',*,*,#2156,.F.);
#3524=ORIENTED_EDGE('',*,*,#2321,.F.);
#3525=ORIENTED_EDGE('',*,*,#2329,.F.);
#3526=ORIENTED_EDGE('',*,*,#2313,.T.);
#3527=ORIENTED_EDGE('',*,*,#2169,.F.);
#3528=ORIENTED_EDGE('',*,*,#2046,.F.);
#3529=ORIENTED_EDGE('',*,*,#2193,.F.);
#3530=ORIENTED_EDGE('',*,*,#2264,.F.);
#3531=ORIENTED_EDGE('',*,*,#2261,.F.);
#3532=ORIENTED_EDGE('',*,*,#2258,.F.);
#3533=ORIENTED_EDGE('',*,*,#2255,.F.);
#3534=ORIENTED_EDGE('',*,*,#2252,.F.);
#3535=ORIENTED_EDGE('',*,*,#2177,.F.);
#3536=ORIENTED_EDGE('',*,*,#2318,.F.);
#3537=ORIENTED_EDGE('',*,*,#2308,.T.);
#3538=ORIENTED_EDGE('',*,*,#2311,.T.);
#3539=ORIENTED_EDGE('',*,*,#2518,.T.);
#3540=ORIENTED_EDGE('',*,*,#2519,.T.);
#3541=ORIENTED_EDGE('',*,*,#2520,.T.);
#3542=ORIENTED_EDGE('',*,*,#2521,.T.);
#3543=ORIENTED_EDGE('',*,*,#2522,.F.);
#3544=ORIENTED_EDGE('',*,*,#2523,.T.);
#3545=ORIENTED_EDGE('',*,*,#2518,.F.);
#3546=ORIENTED_EDGE('',*,*,#2524,.F.);
#3547=ORIENTED_EDGE('',*,*,#2525,.F.);
#3548=ORIENTED_EDGE('',*,*,#2526,.T.);
#3549=ORIENTED_EDGE('',*,*,#2519,.F.);
#3550=ORIENTED_EDGE('',*,*,#2523,.F.);
#3551=ORIENTED_EDGE('',*,*,#2527,.F.);
#3552=ORIENTED_EDGE('',*,*,#2528,.T.);
#3553=ORIENTED_EDGE('',*,*,#2520,.F.);
#3554=ORIENTED_EDGE('',*,*,#2526,.F.);
#3555=ORIENTED_EDGE('',*,*,#2529,.F.);
#3556=ORIENTED_EDGE('',*,*,#2524,.T.);
#3557=ORIENTED_EDGE('',*,*,#2521,.F.);
#3558=ORIENTED_EDGE('',*,*,#2528,.F.);
#3559=ORIENTED_EDGE('',*,*,#2530,.T.);
#3560=ORIENTED_EDGE('',*,*,#2531,.T.);
#3561=ORIENTED_EDGE('',*,*,#2532,.T.);
#3562=ORIENTED_EDGE('',*,*,#2353,.F.);
#3563=ORIENTED_EDGE('',*,*,#2350,.F.);
#3564=ORIENTED_EDGE('',*,*,#2346,.F.);
#3565=ORIENTED_EDGE('',*,*,#2357,.F.);
#3566=ORIENTED_EDGE('',*,*,#2377,.T.);
#3567=ORIENTED_EDGE('',*,*,#2332,.F.);
#3568=ORIENTED_EDGE('',*,*,#2360,.F.);
#3569=ORIENTED_EDGE('',*,*,#2363,.F.);
#3570=ORIENTED_EDGE('',*,*,#2366,.F.);
#3571=ORIENTED_EDGE('',*,*,#2533,.T.);
#3572=ORIENTED_EDGE('',*,*,#2534,.T.);
#3573=ORIENTED_EDGE('',*,*,#2535,.T.);
#3574=ORIENTED_EDGE('',*,*,#2536,.T.);
#3575=ORIENTED_EDGE('',*,*,#2097,.F.);
#3576=ORIENTED_EDGE('',*,*,#2447,.T.);
#3577=ORIENTED_EDGE('',*,*,#2463,.T.);
#3578=ORIENTED_EDGE('',*,*,#2450,.T.);
#3579=ORIENTED_EDGE('',*,*,#2461,.T.);
#3580=ORIENTED_EDGE('',*,*,#2449,.T.);
#3581=ORIENTED_EDGE('',*,*,#2092,.F.);
#3582=ORIENTED_EDGE('',*,*,#2095,.T.);
#3583=ORIENTED_EDGE('',*,*,#2085,.F.);
#3584=ORIENTED_EDGE('',*,*,#2429,.F.);
#3585=ORIENTED_EDGE('',*,*,#2432,.F.);
#3586=ORIENTED_EDGE('',*,*,#2437,.T.);
#3587=ORIENTED_EDGE('',*,*,#2503,.F.);
#3588=ORIENTED_EDGE('',*,*,#2516,.T.);
#3589=ORIENTED_EDGE('',*,*,#2517,.F.);
#3590=ORIENTED_EDGE('',*,*,#2407,.F.);
#3591=ORIENTED_EDGE('',*,*,#2537,.T.);
#3592=ORIENTED_EDGE('',*,*,#2337,.F.);
#3593=ORIENTED_EDGE('',*,*,#2341,.F.);
#3594=ORIENTED_EDGE('',*,*,#2344,.F.);
#3595=ORIENTED_EDGE('',*,*,#2368,.F.);
#3596=ORIENTED_EDGE('',*,*,#2375,.F.);
#3597=ORIENTED_EDGE('',*,*,#2372,.F.);
#3598=ORIENTED_EDGE('',*,*,#2388,.T.);
#3599=ORIENTED_EDGE('',*,*,#2384,.T.);
#3600=ORIENTED_EDGE('',*,*,#2394,.T.);
#3601=ORIENTED_EDGE('',*,*,#2391,.T.);
#3602=ORIENTED_EDGE('',*,*,#2529,.T.);
#3603=ORIENTED_EDGE('',*,*,#2527,.T.);
#3604=ORIENTED_EDGE('',*,*,#2525,.T.);
#3605=ORIENTED_EDGE('',*,*,#2522,.T.);
#3606=ORIENTED_EDGE('',*,*,#2538,.T.);
#3607=ORIENTED_EDGE('',*,*,#2539,.T.);
#3608=ORIENTED_EDGE('',*,*,#2315,.T.);
#3609=ORIENTED_EDGE('',*,*,#2319,.T.);
#3610=ORIENTED_EDGE('',*,*,#2175,.T.);
#3611=ORIENTED_EDGE('',*,*,#2171,.F.);
#3612=ORIENTED_EDGE('',*,*,#2051,.T.);
#3613=ORIENTED_EDGE('',*,*,#2031,.F.);
#3614=ORIENTED_EDGE('',*,*,#2021,.T.);
#3615=ORIENTED_EDGE('',*,*,#2014,.F.);
#3616=ORIENTED_EDGE('',*,*,#2124,.T.);
#3617=ORIENTED_EDGE('',*,*,#2121,.F.);
#3618=ORIENTED_EDGE('',*,*,#2194,.T.);
#3619=ORIENTED_EDGE('',*,*,#2048,.T.);
#3620=ORIENTED_EDGE('',*,*,#2168,.T.);
#3621=ORIENTED_EDGE('',*,*,#2540,.T.);
#3622=ORIENTED_EDGE('',*,*,#2541,.T.);
#3623=ORIENTED_EDGE('',*,*,#2542,.T.);
#3624=ORIENTED_EDGE('',*,*,#2543,.F.);
#3625=ORIENTED_EDGE('',*,*,#2040,.T.);
#3626=ORIENTED_EDGE('',*,*,#2042,.F.);
#3627=ORIENTED_EDGE('',*,*,#2034,.T.);
#3628=ORIENTED_EDGE('',*,*,#2045,.F.);
#3629=ORIENTED_EDGE('',*,*,#2544,.T.);
#3630=ORIENTED_EDGE('',*,*,#2545,.F.);
#3631=ORIENTED_EDGE('',*,*,#2345,.T.);
#3632=ORIENTED_EDGE('',*,*,#2342,.T.);
#3633=ORIENTED_EDGE('',*,*,#2339,.F.);
#3634=ORIENTED_EDGE('',*,*,#2370,.T.);
#3635=ORIENTED_EDGE('',*,*,#2374,.T.);
#3636=ORIENTED_EDGE('',*,*,#2376,.T.);
#3637=ORIENTED_EDGE('',*,*,#2546,.T.);
#3638=ORIENTED_EDGE('',*,*,#2533,.F.);
#3639=ORIENTED_EDGE('',*,*,#2367,.T.);
#3640=ORIENTED_EDGE('',*,*,#2364,.F.);
#3641=ORIENTED_EDGE('',*,*,#2361,.T.);
#3642=ORIENTED_EDGE('',*,*,#2330,.T.);
#3643=ORIENTED_EDGE('',*,*,#2325,.F.);
#3644=ORIENTED_EDGE('',*,*,#2098,.F.);
#3645=ORIENTED_EDGE('',*,*,#2536,.F.);
#3646=ORIENTED_EDGE('',*,*,#2547,.T.);
#3647=ORIENTED_EDGE('',*,*,#2537,.F.);
#3648=ORIENTED_EDGE('',*,*,#2406,.T.);
#3649=ORIENTED_EDGE('',*,*,#2101,.F.);
#3650=ORIENTED_EDGE('',*,*,#2358,.T.);
#3651=ORIENTED_EDGE('',*,*,#2348,.T.);
#3652=ORIENTED_EDGE('',*,*,#2352,.F.);
#3653=ORIENTED_EDGE('',*,*,#2354,.T.);
#3654=ORIENTED_EDGE('',*,*,#2532,.F.);
#3655=ORIENTED_EDGE('',*,*,#2538,.F.);
#3656=ORIENTED_EDGE('',*,*,#2548,.T.);
#3657=ORIENTED_EDGE('',*,*,#2549,.F.);
#3658=ORIENTED_EDGE('',*,*,#2548,.F.);
#3659=ORIENTED_EDGE('',*,*,#2534,.F.);
#3660=ORIENTED_EDGE('',*,*,#2546,.F.);
#3661=ORIENTED_EDGE('',*,*,#2535,.F.);
#3662=ORIENTED_EDGE('',*,*,#2550,.T.);
#3663=ORIENTED_EDGE('',*,*,#2541,.F.);
#3664=ORIENTED_EDGE('',*,*,#2550,.F.);
#3665=ORIENTED_EDGE('',*,*,#2539,.F.);
#3666=ORIENTED_EDGE('',*,*,#2551,.T.);
#3667=ORIENTED_EDGE('',*,*,#2552,.F.);
#3668=ORIENTED_EDGE('',*,*,#2551,.F.);
#3669=ORIENTED_EDGE('',*,*,#2530,.F.);
#3670=ORIENTED_EDGE('',*,*,#2547,.F.);
#3671=ORIENTED_EDGE('',*,*,#2531,.F.);
#3672=ORIENTED_EDGE('',*,*,#2553,.T.);
#3673=ORIENTED_EDGE('',*,*,#2540,.F.);
#3674=ORIENTED_EDGE('',*,*,#2553,.F.);
#3675=ORIENTED_EDGE('',*,*,#2554,.F.);
#3676=ORIENTED_EDGE('',*,*,#2544,.F.);
#3677=ORIENTED_EDGE('',*,*,#2044,.F.);
#3678=ORIENTED_EDGE('',*,*,#2555,.T.);
#3679=ORIENTED_EDGE('',*,*,#2556,.F.);
#3680=ORIENTED_EDGE('',*,*,#2557,.T.);
#3681=ORIENTED_EDGE('',*,*,#2545,.T.);
#3682=ORIENTED_EDGE('',*,*,#2554,.T.);
#3683=ORIENTED_EDGE('',*,*,#2558,.F.);
#3684=ORIENTED_EDGE('',*,*,#2542,.F.);
#3685=ORIENTED_EDGE('',*,*,#2557,.F.);
#3686=ORIENTED_EDGE('',*,*,#2559,.F.);
#3687=ORIENTED_EDGE('',*,*,#2560,.T.);
#3688=ORIENTED_EDGE('',*,*,#2559,.T.);
#3689=ORIENTED_EDGE('',*,*,#2556,.T.);
#3690=ORIENTED_EDGE('',*,*,#2555,.F.);
#3691=ORIENTED_EDGE('',*,*,#2043,.T.);
#3692=ORIENTED_EDGE('',*,*,#2036,.F.);
#3693=ORIENTED_EDGE('',*,*,#2041,.T.);
#3694=ORIENTED_EDGE('',*,*,#2038,.F.);
#3695=ORIENTED_EDGE('',*,*,#2552,.T.);
#3696=ORIENTED_EDGE('',*,*,#2549,.T.);
#3697=ORIENTED_EDGE('',*,*,#2390,.T.);
#3698=ORIENTED_EDGE('',*,*,#2393,.T.);
#3699=ORIENTED_EDGE('',*,*,#2395,.T.);
#3700=ORIENTED_EDGE('',*,*,#2386,.T.);
#3701=ORIENTED_EDGE('',*,*,#2560,.F.);
#3702=ORIENTED_EDGE('',*,*,#2037,.T.);
#3703=ORIENTED_EDGE('',*,*,#2543,.T.);
#3704=ORIENTED_EDGE('',*,*,#2558,.T.);
#3705=ORIENTED_EDGE('',*,*,#2561,.T.);
#3706=ORIENTED_EDGE('',*,*,#2562,.T.);
#3707=ORIENTED_EDGE('',*,*,#2563,.T.);
#3708=ORIENTED_EDGE('',*,*,#2296,.F.);
#3709=ORIENTED_EDGE('',*,*,#2462,.T.);
#3710=ORIENTED_EDGE('',*,*,#2452,.F.);
#3711=ORIENTED_EDGE('',*,*,#2464,.F.);
#3712=ORIENTED_EDGE('',*,*,#2288,.F.);
#3713=ORIENTED_EDGE('',*,*,#2297,.F.);
#3714=ORIENTED_EDGE('',*,*,#2563,.F.);
#3715=ORIENTED_EDGE('',*,*,#2564,.T.);
#3716=ORIENTED_EDGE('',*,*,#2565,.F.);
#3717=ORIENTED_EDGE('',*,*,#2126,.F.);
#3718=ORIENTED_EDGE('',*,*,#2566,.T.);
#3719=ORIENTED_EDGE('',*,*,#2127,.F.);
#3720=ORIENTED_EDGE('',*,*,#2565,.T.);
#3721=ORIENTED_EDGE('',*,*,#2567,.T.);
#3722=ORIENTED_EDGE('',*,*,#2568,.F.);
#3723=ORIENTED_EDGE('',*,*,#2298,.F.);
#3724=ORIENTED_EDGE('',*,*,#2566,.F.);
#3725=ORIENTED_EDGE('',*,*,#2125,.F.);
#3726=ORIENTED_EDGE('',*,*,#2569,.T.);
#3727=ORIENTED_EDGE('',*,*,#2562,.F.);
#3728=ORIENTED_EDGE('',*,*,#2570,.F.);
#3729=ORIENTED_EDGE('',*,*,#2567,.F.);
#3730=ORIENTED_EDGE('',*,*,#2564,.F.);
#3731=ORIENTED_EDGE('',*,*,#2287,.F.);
#3732=ORIENTED_EDGE('',*,*,#2569,.F.);
#3733=ORIENTED_EDGE('',*,*,#2128,.F.);
#3734=ORIENTED_EDGE('',*,*,#2568,.T.);
#3735=ORIENTED_EDGE('',*,*,#2570,.T.);
#3736=ORIENTED_EDGE('',*,*,#2561,.F.);
#3737=PLANE('',#4086);
#3738=PLANE('',#4087);
#3739=PLANE('',#4088);
#3740=PLANE('',#4089);
#3741=PLANE('',#4090);
#3742=PLANE('',#4091);
#3743=PLANE('',#4092);
#3744=PLANE('',#4093);
#3745=PLANE('',#4094);
#3746=PLANE('',#4095);
#3747=PLANE('',#4096);
#3748=PLANE('',#4097);
#3749=PLANE('',#4103);
#3750=PLANE('',#4114);
#3751=PLANE('',#4115);
#3752=PLANE('',#4122);
#3753=PLANE('',#4123);
#3754=PLANE('',#4127);
#3755=PLANE('',#4153);
#3756=PLANE('',#4172);
#3757=PLANE('',#4180);
#3758=PLANE('',#4189);
#3759=PLANE('',#4192);
#3760=PLANE('',#4193);
#3761=PLANE('',#4197);
#3762=PLANE('',#4198);
#3763=PLANE('',#4199);
#3764=PLANE('',#4204);
#3765=PLANE('',#4205);
#3766=PLANE('',#4206);
#3767=PLANE('',#4209);
#3768=PLANE('',#4212);
#3769=PLANE('',#4215);
#3770=PLANE('',#4218);
#3771=PLANE('',#4222);
#3772=PLANE('',#4225);
#3773=PLANE('',#4229);
#3774=PLANE('',#4230);
#3775=PLANE('',#4233);
#3776=PLANE('',#4234);
#3777=PLANE('',#4238);
#3778=PLANE('',#4242);
#3779=PLANE('',#4243);
#3780=PLANE('',#4244);
#3781=PLANE('',#4245);
#3782=PLANE('',#4246);
#3783=PLANE('',#4247);
#3784=PLANE('',#4248);
#3785=PLANE('',#4249);
#3786=PLANE('',#4250);
#3787=PLANE('',#4251);
#3788=PLANE('',#4252);
#3789=PLANE('',#4253);
#3790=PLANE('',#4254);
#3791=PLANE('',#4255);
#3792=PLANE('',#4256);
#3793=PLANE('',#4258);
#3794=PLANE('',#4264);
#3795=PLANE('',#4265);
#3796=PLANE('',#4266);
#3797=PLANE('',#4267);
#3798=PLANE('',#4268);
#3799=PLANE('',#4269);
#3800=PLANE('',#4271);
#3801=PLANE('',#4272);
#3802=PLANE('',#4273);
#3803=PLANE('',#4274);
#3804=PLANE('',#4275);
#3805=PLANE('',#4276);
#3806=PLANE('',#4280);
#3807=PLANE('',#4282);
#3808=PLANE('',#4283);
#3809=PLANE('',#4287);
#3810=PLANE('',#4288);
#3811=PLANE('',#4289);
#3812=PLANE('',#4290);
#3813=PLANE('',#4291);
#3814=PLANE('',#4292);
#3815=PLANE('',#4295);
#3816=PLANE('',#4296);
#3817=PLANE('',#4297);
#3818=PLANE('',#4298);
#3819=PLANE('',#4299);
#3820=PLANE('',#4300);
#3821=PLANE('',#4301);
#3822=PLANE('',#4304);
#3823=PLANE('',#4305);
#3824=PLANE('',#4306);
#3825=PLANE('',#4307);
#3826=PLANE('',#4308);
#3827=PLANE('',#4310);
#3828=PLANE('',#4312);
#3829=PLANE('',#4313);
#3830=PLANE('',#4314);
#3831=PLANE('',#4315);
#3832=PLANE('',#4316);
#3833=PLANE('',#4318);
#3834=PLANE('',#4323);
#3835=PLANE('',#4324);
#3836=PLANE('',#4325);
#3837=PLANE('',#4326);
#3838=PLANE('',#4327);
#3839=PLANE('',#4328);
#3840=PLANE('',#4329);
#3841=PLANE('',#4330);
#3842=PLANE('',#4333);
#3843=PLANE('',#4338);
#3844=PLANE('',#4339);
#3845=PLANE('',#4342);
#3846=PLANE('',#4343);
#3847=PLANE('',#4344);
#3848=PLANE('',#4345);
#3849=PLANE('',#4349);
#3850=PLANE('',#4351);
#3851=PLANE('',#4354);
#3852=PLANE('',#4355);
#3853=PLANE('',#4356);
#3854=PLANE('',#4357);
#3855=PLANE('',#4358);
#3856=PLANE('',#4359);
#3857=PLANE('',#4360);
#3858=PLANE('',#4361);
#3859=PLANE('',#4362);
#3860=PLANE('',#4363);
#3861=PLANE('',#4364);
#3862=PLANE('',#4365);
#3863=PLANE('',#4366);
#3864=PLANE('',#4373);
#3865=PLANE('',#4386);
#3866=PLANE('',#4389);
#3867=PLANE('',#4390);
#3868=PLANE('',#4393);
#3869=PLANE('',#4394);
#3870=PLANE('',#4395);
#3871=PLANE('',#4396);
#3872=PLANE('',#4397);
#3873=PLANE('',#4398);
#3874=ADVANCED_FACE('',(#259),#3737,.T.);
#3875=ADVANCED_FACE('',(#260),#3738,.T.);
#3876=ADVANCED_FACE('',(#261),#3739,.T.);
#3877=ADVANCED_FACE('',(#262),#3740,.T.);
#3878=ADVANCED_FACE('',(#263),#3741,.T.);
#3879=ADVANCED_FACE('',(#264),#3742,.T.);
#3880=ADVANCED_FACE('',(#265),#3743,.T.);
#3881=ADVANCED_FACE('',(#266),#3744,.T.);
#3882=ADVANCED_FACE('',(#267),#3745,.T.);
#3883=ADVANCED_FACE('',(#268),#3746,.T.);
#3884=ADVANCED_FACE('',(#269),#3747,.T.);
#3885=ADVANCED_FACE('',(#270),#3748,.T.);
#3886=ADVANCED_FACE('',(#271,#37),#199,.T.);
#3887=ADVANCED_FACE('',(#272,#38,#39,#40,#41,#42,#43,#44),#3749,.T.);
#3888=ADVANCED_FACE('',(#273),#200,.T.);
#3889=ADVANCED_FACE('',(#274),#3750,.F.);
#3890=ADVANCED_FACE('',(#275),#3751,.F.);
#3891=ADVANCED_FACE('',(#276),#201,.F.);
#3892=ADVANCED_FACE('',(#277),#202,.F.);
#3893=ADVANCED_FACE('',(#278),#3752,.F.);
#3894=ADVANCED_FACE('',(#279,#45),#3753,.T.);
#3895=ADVANCED_FACE('',(#280),#3754,.F.);
#3896=ADVANCED_FACE('',(#281),#203,.F.);
#3897=ADVANCED_FACE('',(#282),#204,.T.);
#3898=ADVANCED_FACE('',(#283),#205,.T.);
#3899=ADVANCED_FACE('',(#284),#206,.T.);
#3900=ADVANCED_FACE('',(#285),#25,.F.);
#3901=ADVANCED_FACE('',(#286),#26,.F.);
#3902=ADVANCED_FACE('',(#287),#207,.T.);
#3903=ADVANCED_FACE('',(#288),#27,.F.);
#3904=ADVANCED_FACE('',(#289),#3755,.F.);
#3905=ADVANCED_FACE('',(#290),#208,.F.);
#3906=ADVANCED_FACE('',(#291),#209,.F.);
#3907=ADVANCED_FACE('',(#292),#210,.F.);
#3908=ADVANCED_FACE('',(#293),#211,.F.);
#3909=ADVANCED_FACE('',(#294),#212,.F.);
#3910=ADVANCED_FACE('',(#295),#213,.F.);
#3911=ADVANCED_FACE('',(#296),#214,.F.);
#3912=ADVANCED_FACE('',(#297),#215,.T.);
#3913=ADVANCED_FACE('',(#298,#46,#47),#3756,.T.);
#3914=ADVANCED_FACE('',(#299),#216,.F.);
#3915=ADVANCED_FACE('',(#300,#48,#49,#50,#51,#52,#53,#54),#3757,.F.);
#3916=ADVANCED_FACE('',(#301,#55),#217,.F.);
#3917=ADVANCED_FACE('',(#302),#218,.F.);
#3918=ADVANCED_FACE('',(#303),#3758,.F.);
#3919=ADVANCED_FACE('',(#304),#219,.T.);
#3920=ADVANCED_FACE('',(#305),#3759,.F.);
#3921=ADVANCED_FACE('',(#306),#3760,.T.);
#3922=ADVANCED_FACE('',(#307),#220,.T.);
#3923=ADVANCED_FACE('',(#308),#3761,.T.);
#3924=ADVANCED_FACE('',(#309),#3762,.T.);
#3925=ADVANCED_FACE('',(#310),#3763,.F.);
#3926=ADVANCED_FACE('',(#311),#3764,.F.);
#3927=ADVANCED_FACE('',(#312),#3765,.F.);
#3928=ADVANCED_FACE('',(#313),#3766,.F.);
#3929=ADVANCED_FACE('',(#314),#221,.T.);
#3930=ADVANCED_FACE('',(#315),#3767,.F.);
#3931=ADVANCED_FACE('',(#316),#222,.T.);
#3932=ADVANCED_FACE('',(#317),#3768,.F.);
#3933=ADVANCED_FACE('',(#318),#223,.T.);
#3934=ADVANCED_FACE('',(#319),#3769,.F.);
#3935=ADVANCED_FACE('',(#320),#224,.T.);
#3936=ADVANCED_FACE('',(#321),#3770,.F.);
#3937=ADVANCED_FACE('',(#322),#225,.T.);
#3938=ADVANCED_FACE('',(#323),#3771,.T.);
#3939=ADVANCED_FACE('',(#324),#226,.T.);
#3940=ADVANCED_FACE('',(#325),#3772,.T.);
#3941=ADVANCED_FACE('',(#326),#227,.T.);
#3942=ADVANCED_FACE('',(#327),#3773,.F.);
#3943=ADVANCED_FACE('',(#328),#3774,.T.);
#3944=ADVANCED_FACE('',(#329),#228,.T.);
#3945=ADVANCED_FACE('',(#330),#3775,.F.);
#3946=ADVANCED_FACE('',(#331),#3776,.T.);
#3947=ADVANCED_FACE('',(#332),#229,.F.);
#3948=ADVANCED_FACE('',(#333),#3777,.F.);
#3949=ADVANCED_FACE('',(#334),#230,.F.);
#3950=ADVANCED_FACE('',(#335),#3778,.T.);
#3951=ADVANCED_FACE('',(#336),#3779,.T.);
#3952=ADVANCED_FACE('',(#337),#3780,.T.);
#3953=ADVANCED_FACE('',(#338),#3781,.T.);
#3954=ADVANCED_FACE('',(#339),#3782,.F.);
#3955=ADVANCED_FACE('',(#340),#3783,.F.);
#3956=ADVANCED_FACE('',(#341),#3784,.F.);
#3957=ADVANCED_FACE('',(#342),#3785,.F.);
#3958=ADVANCED_FACE('',(#343),#3786,.F.);
#3959=ADVANCED_FACE('',(#344),#3787,.T.);
#3960=ADVANCED_FACE('',(#345),#3788,.T.);
#3961=ADVANCED_FACE('',(#346),#3789,.F.);
#3962=ADVANCED_FACE('',(#347),#3790,.T.);
#3963=ADVANCED_FACE('',(#348),#3791,.T.);
#3964=ADVANCED_FACE('',(#349,#56),#3792,.T.);
#3965=ADVANCED_FACE('',(#350),#3793,.T.);
#3966=ADVANCED_FACE('',(#351),#231,.F.);
#3967=ADVANCED_FACE('',(#352),#232,.F.);
#3968=ADVANCED_FACE('',(#353),#3794,.T.);
#3969=ADVANCED_FACE('',(#354),#3795,.F.);
#3970=ADVANCED_FACE('',(#355),#3796,.T.);
#3971=ADVANCED_FACE('',(#356),#3797,.F.);
#3972=ADVANCED_FACE('',(#357),#3798,.F.);
#3973=ADVANCED_FACE('',(#358),#3799,.T.);
#3974=ADVANCED_FACE('',(#359),#3800,.T.);
#3975=ADVANCED_FACE('',(#360),#3801,.T.);
#3976=ADVANCED_FACE('',(#361),#3802,.T.);
#3977=ADVANCED_FACE('',(#362),#3803,.F.);
#3978=ADVANCED_FACE('',(#363),#3804,.T.);
#3979=ADVANCED_FACE('',(#364),#3805,.F.);
#3980=ADVANCED_FACE('',(#365),#233,.T.);
#3981=ADVANCED_FACE('',(#366),#3806,.T.);
#3982=ADVANCED_FACE('',(#367),#3807,.T.);
#3983=ADVANCED_FACE('',(#368),#3808,.F.);
#3984=ADVANCED_FACE('',(#369),#234,.T.);
#3985=ADVANCED_FACE('',(#370),#3809,.T.);
#3986=ADVANCED_FACE('',(#371),#3810,.T.);
#3987=ADVANCED_FACE('',(#372),#3811,.F.);
#3988=ADVANCED_FACE('',(#373),#3812,.F.);
#3989=ADVANCED_FACE('',(#374),#3813,.F.);
#3990=ADVANCED_FACE('',(#375),#3814,.F.);
#3991=ADVANCED_FACE('',(#376),#235,.F.);
#3992=ADVANCED_FACE('',(#377),#3815,.F.);
#3993=ADVANCED_FACE('',(#378),#3816,.F.);
#3994=ADVANCED_FACE('',(#379),#3817,.F.);
#3995=ADVANCED_FACE('',(#380),#3818,.F.);
#3996=ADVANCED_FACE('',(#381),#3819,.T.);
#3997=ADVANCED_FACE('',(#382),#3820,.F.);
#3998=ADVANCED_FACE('',(#383,#57),#3821,.T.);
#3999=ADVANCED_FACE('',(#384),#28,.F.);
#4000=ADVANCED_FACE('',(#385),#3822,.F.);
#4001=ADVANCED_FACE('',(#386),#3823,.F.);
#4002=ADVANCED_FACE('',(#387),#3824,.F.);
#4003=ADVANCED_FACE('',(#388),#3825,.T.);
#4004=ADVANCED_FACE('',(#389),#3826,.F.);
#4005=ADVANCED_FACE('',(#390),#3827,.F.);
#4006=ADVANCED_FACE('',(#391),#3828,.T.);
#4007=ADVANCED_FACE('',(#392),#3829,.T.);
#4008=ADVANCED_FACE('',(#393),#3830,.F.);
#4009=ADVANCED_FACE('',(#394),#3831,.F.);
#4010=ADVANCED_FACE('',(#395),#3832,.F.);
#4011=ADVANCED_FACE('',(#396),#236,.T.);
#4012=ADVANCED_FACE('',(#397),#3833,.F.);
#4013=ADVANCED_FACE('',(#398),#237,.T.);
#4014=ADVANCED_FACE('',(#399),#238,.T.);
#4015=ADVANCED_FACE('',(#400,#58,#59),#3834,.T.);
#4016=ADVANCED_FACE('',(#401),#3835,.T.);
#4017=ADVANCED_FACE('',(#402),#3836,.T.);
#4018=ADVANCED_FACE('',(#403),#3837,.F.);
#4019=ADVANCED_FACE('',(#404),#3838,.F.);
#4020=ADVANCED_FACE('',(#405),#3839,.F.);
#4021=ADVANCED_FACE('',(#406),#3840,.F.);
#4022=ADVANCED_FACE('',(#407),#3841,.F.);
#4023=ADVANCED_FACE('',(#408),#239,.F.);
#4024=ADVANCED_FACE('',(#409),#3842,.F.);
#4025=ADVANCED_FACE('',(#410),#240,.F.);
#4026=ADVANCED_FACE('',(#411),#241,.F.);
#4027=ADVANCED_FACE('',(#412),#3843,.F.);
#4028=ADVANCED_FACE('',(#413,#60,#61),#3844,.F.);
#4029=ADVANCED_FACE('',(#414),#242,.F.);
#4030=ADVANCED_FACE('',(#415),#3845,.F.);
#4031=ADVANCED_FACE('',(#416),#3846,.T.);
#4032=ADVANCED_FACE('',(#417),#3847,.F.);
#4033=ADVANCED_FACE('',(#418),#3848,.T.);
#4034=ADVANCED_FACE('',(#419),#243,.F.);
#4035=ADVANCED_FACE('',(#420,#62,#63),#3849,.T.);
#4036=ADVANCED_FACE('',(#421),#3850,.F.);
#4037=ADVANCED_FACE('',(#422),#244,.F.);
#4038=ADVANCED_FACE('',(#423),#3851,.F.);
#4039=ADVANCED_FACE('',(#424),#3852,.F.);
#4040=ADVANCED_FACE('',(#425),#3853,.F.);
#4041=ADVANCED_FACE('',(#426),#3854,.T.);
#4042=ADVANCED_FACE('',(#427),#3855,.F.);
#4043=ADVANCED_FACE('',(#428,#64,#65,#66),#3856,.T.);
#4044=ADVANCED_FACE('',(#429),#13,.F.);
#4045=ADVANCED_FACE('',(#430,#67,#68,#69,#70),#3857,.F.);
#4046=ADVANCED_FACE('',(#431),#3858,.T.);
#4047=ADVANCED_FACE('',(#432),#3859,.T.);
#4048=ADVANCED_FACE('',(#433),#3860,.T.);
#4049=ADVANCED_FACE('',(#434),#3861,.T.);
#4050=ADVANCED_FACE('',(#435),#3862,.T.);
#4051=ADVANCED_FACE('',(#436,#71,#72,#73,#74,#75,#76),#3863,.T.);
#4052=ADVANCED_FACE('',(#437,#77,#78,#79,#80,#81),#3864,.T.);
#4053=ADVANCED_FACE('',(#438),#245,.T.);
#4054=ADVANCED_FACE('',(#439),#246,.T.);
#4055=ADVANCED_FACE('',(#440),#247,.F.);
#4056=ADVANCED_FACE('',(#441),#248,.F.);
#4057=ADVANCED_FACE('',(#442),#249,.F.);
#4058=ADVANCED_FACE('',(#443),#250,.F.);
#4059=ADVANCED_FACE('',(#444),#3865,.F.);
#4060=ADVANCED_FACE('',(#445),#251,.F.);
#4061=ADVANCED_FACE('',(#446),#3866,.T.);
#4062=ADVANCED_FACE('',(#447,#82,#83,#84),#3867,.F.);
#4063=ADVANCED_FACE('',(#448),#252,.F.);
#4064=ADVANCED_FACE('',(#449),#3868,.T.);
#4065=ADVANCED_FACE('',(#450),#3869,.F.);
#4066=ADVANCED_FACE('',(#451),#3870,.F.);
#4067=ADVANCED_FACE('',(#452),#3871,.F.);
#4068=ADVANCED_FACE('',(#453),#3872,.F.);
#4069=ADVANCED_FACE('',(#454),#3873,.F.);
#4070=CLOSED_SHELL('',(#3874,#3875,#3876,#3877,#3878,#3879));
#4071=CLOSED_SHELL('',(#3880,#3881,#3882,#3883,#3884,#3885));
#4072=CLOSED_SHELL('',(#3886,#3887,#3888,#3889,#3890,#3891,#3892,#3893,
#3894,#3895,#3896,#3897,#3898,#3899,#3900,#3901,#3902,#3903,#3904,#3905,
#3906,#3907,#3908,#3909,#3910,#3911,#3912,#3913,#3914,#3915,#3916,#3917,
#3918,#3919,#3920,#3921,#3922,#3923,#3924,#3925,#3926,#3927,#3928,#3929,
#3930,#3931,#3932,#3933,#3934,#3935,#3936,#3937,#3938,#3939,#3940,#3941,
#3942,#3943,#3944,#3945,#3946,#3947,#3948,#3949,#3950,#3951,#3952,#3953,
#3954,#3955,#3956,#3957,#3958,#3959,#3960,#3961,#3962,#3963,#3964,#3965,
#3966,#3967,#3968,#3969,#3970,#3971,#3972,#3973,#3974,#3975,#3976,#3977,
#3978,#3979,#3980,#3981,#3982,#3983,#3984,#3985,#3986,#3987,#3988,#3989,
#3990,#3991,#3992,#3993,#3994,#3995,#3996,#3997,#3998,#3999,#4000,#4001,
#4002,#4003,#4004,#4005,#4006,#4007,#4008,#4009,#4010,#4011,#4012,#4013,
#4014,#4015,#4016,#4017,#4018,#4019,#4020,#4021,#4022,#4023,#4024,#4025,
#4026,#4027,#4028,#4029,#4030,#4031,#4032,#4033,#4034,#4035,#4036,#4037,
#4038,#4039,#4040,#4041,#4042,#4043,#4044,#4045,#4046,#4047,#4048,#4049,
#4050,#4051,#4052,#4053,#4054,#4055,#4056,#4057,#4058,#4059,#4060,#4061,
#4062,#4063,#4064,#4065,#4066,#4067,#4068,#4069));
#4073=DERIVED_UNIT_ELEMENT(#4075,1.);
#4074=DERIVED_UNIT_ELEMENT(#6763,-3.);
#4075=(
MASS_UNIT()
NAMED_UNIT(*)
SI_UNIT(.KILO.,.GRAM.)
);
#4076=DERIVED_UNIT((#4073,#4074));
#4077=MEASURE_REPRESENTATION_ITEM('density measure',
POSITIVE_RATIO_MEASURE(7850.),#4076);
#4078=PROPERTY_DEFINITION_REPRESENTATION(#4083,#4080);
#4079=PROPERTY_DEFINITION_REPRESENTATION(#4084,#4081);
#4080=REPRESENTATION('material name',(#4082),#6760);
#4081=REPRESENTATION('density',(#4077),#6760);
#4082=DESCRIPTIVE_REPRESENTATION_ITEM('Acero','Acero');
#4083=PROPERTY_DEFINITION('material property','material name',#6770);
#4084=PROPERTY_DEFINITION('material property','density of part',#6770);
#4085=AXIS2_PLACEMENT_3D('',#5477,#4399,#4400);
#4086=AXIS2_PLACEMENT_3D('',#5478,#4401,#4402);
#4087=AXIS2_PLACEMENT_3D('',#5487,#4407,#4408);
#4088=AXIS2_PLACEMENT_3D('',#5493,#4412,#4413);
#4089=AXIS2_PLACEMENT_3D('',#5497,#4416,#4417);
#4090=AXIS2_PLACEMENT_3D('',#5501,#4420,#4421);
#4091=AXIS2_PLACEMENT_3D('',#5503,#4423,#4424);
#4092=AXIS2_PLACEMENT_3D('',#5504,#4425,#4426);
#4093=AXIS2_PLACEMENT_3D('',#5513,#4431,#4432);
#4094=AXIS2_PLACEMENT_3D('',#5519,#4436,#4437);
#4095=AXIS2_PLACEMENT_3D('',#5523,#4440,#4441);
#4096=AXIS2_PLACEMENT_3D('',#5527,#4444,#4445);
#4097=AXIS2_PLACEMENT_3D('',#5529,#4447,#4448);
#4098=AXIS2_PLACEMENT_3D('',#5530,#4449,#4450);
#4099=AXIS2_PLACEMENT_3D('',#5533,#4451,#4452);
#4100=AXIS2_PLACEMENT_3D('',#5537,#4454,#4455);
#4101=AXIS2_PLACEMENT_3D('',#5541,#4457,#4458);
#4102=AXIS2_PLACEMENT_3D('',#5545,#4460,#4461);
#4103=AXIS2_PLACEMENT_3D('',#5547,#4463,#4464);
#4104=AXIS2_PLACEMENT_3D('',#5554,#4468,#4469);
#4105=AXIS2_PLACEMENT_3D('',#5556,#4470,#4471);
#4106=AXIS2_PLACEMENT_3D('',#5558,#4472,#4473);
#4107=AXIS2_PLACEMENT_3D('',#5560,#4474,#4475);
#4108=AXIS2_PLACEMENT_3D('',#5562,#4476,#4477);
#4109=AXIS2_PLACEMENT_3D('',#5564,#4478,#4479);
#4110=AXIS2_PLACEMENT_3D('',#5566,#4480,#4481);
#4111=AXIS2_PLACEMENT_3D('',#5567,#4482,#4483);
#4112=AXIS2_PLACEMENT_3D('',#5569,#4484,#4485);
#4113=AXIS2_PLACEMENT_3D('',#5571,#4486,#4487);
#4114=AXIS2_PLACEMENT_3D('',#5573,#4489,#4490);
#4115=AXIS2_PLACEMENT_3D('',#5582,#4495,#4496);
#4116=AXIS2_PLACEMENT_3D('',#5591,#4501,#4502);
#4117=AXIS2_PLACEMENT_3D('',#5592,#4503,#4504);
#4118=AXIS2_PLACEMENT_3D('',#5593,#4505,#4506);
#4119=AXIS2_PLACEMENT_3D('',#5594,#4507,#4508);
#4120=AXIS2_PLACEMENT_3D('',#5596,#4509,#4510);
#4121=AXIS2_PLACEMENT_3D('',#5599,#4512,#4513);
#4122=AXIS2_PLACEMENT_3D('',#5600,#4514,#4515);
#4123=AXIS2_PLACEMENT_3D('',#5609,#4520,#4521);
#4124=AXIS2_PLACEMENT_3D('',#5621,#4527,#4528);
#4125=AXIS2_PLACEMENT_3D('',#5625,#4530,#4531);
#4126=AXIS2_PLACEMENT_3D('',#5628,#4533,#4534);
#4127=AXIS2_PLACEMENT_3D('',#5629,#4535,#4536);
#4128=AXIS2_PLACEMENT_3D('',#5646,#4545,#4546);
#4129=AXIS2_PLACEMENT_3D('',#5648,#4547,#4548);
#4130=AXIS2_PLACEMENT_3D('',#5650,#4549,#4550);
#4131=AXIS2_PLACEMENT_3D('',#5652,#4552,#4553);
#4132=AXIS2_PLACEMENT_3D('',#5654,#4554,#4555);
#4133=AXIS2_PLACEMENT_3D('',#5657,#4557,#4558);
#4134=AXIS2_PLACEMENT_3D('',#5658,#4559,#4560);
#4135=AXIS2_PLACEMENT_3D('',#5662,#4562,#4563);
#4136=AXIS2_PLACEMENT_3D('',#5664,#4564,#4565);
#4137=AXIS2_PLACEMENT_3D('',#5668,#4568,#4569);
#4138=AXIS2_PLACEMENT_3D('',#5671,#4570,#4571);
#4139=AXIS2_PLACEMENT_3D('',#5673,#4572,#4573);
#4140=AXIS2_PLACEMENT_3D('',#5677,#4575,#4576);
#4141=AXIS2_PLACEMENT_3D('',#5695,#4578,#4579);
#4142=AXIS2_PLACEMENT_3D('',#5697,#4580,#4581);
#4143=AXIS2_PLACEMENT_3D('',#5699,#4582,#4583);
#4144=AXIS2_PLACEMENT_3D('',#5724,#4584,#4585);
#4145=AXIS2_PLACEMENT_3D('',#5726,#4586,#4587);
#4146=AXIS2_PLACEMENT_3D('',#5728,#4588,#4589);
#4147=AXIS2_PLACEMENT_3D('',#5729,#4590,#4591);
#4148=AXIS2_PLACEMENT_3D('',#5730,#4592,#4593);
#4149=AXIS2_PLACEMENT_3D('',#5744,#4596,#4597);
#4150=AXIS2_PLACEMENT_3D('',#5746,#4598,#4599);
#4151=AXIS2_PLACEMENT_3D('',#5748,#4600,#4601);
#4152=AXIS2_PLACEMENT_3D('',#5749,#4602,#4603);
#4153=AXIS2_PLACEMENT_3D('',#5750,#4604,#4605);
#4154=AXIS2_PLACEMENT_3D('',#5757,#4608,#4609);
#4155=AXIS2_PLACEMENT_3D('',#5760,#4612,#4613);
#4156=AXIS2_PLACEMENT_3D('',#5762,#4614,#4615);
#4157=AXIS2_PLACEMENT_3D('',#5764,#4617,#4618);
#4158=AXIS2_PLACEMENT_3D('',#5766,#4619,#4620);
#4159=AXIS2_PLACEMENT_3D('',#5768,#4622,#4623);
#4160=AXIS2_PLACEMENT_3D('',#5770,#4624,#4625);
#4161=AXIS2_PLACEMENT_3D('',#5772,#4627,#4628);
#4162=AXIS2_PLACEMENT_3D('',#5774,#4629,#4630);
#4163=AXIS2_PLACEMENT_3D('',#5776,#4632,#4633);
#4164=AXIS2_PLACEMENT_3D('',#5778,#4634,#4635);
#4165=AXIS2_PLACEMENT_3D('',#5780,#4637,#4638);
#4166=AXIS2_PLACEMENT_3D('',#5782,#4639,#4640);
#4167=AXIS2_PLACEMENT_3D('',#5784,#4642,#4643);
#4168=AXIS2_PLACEMENT_3D('',#5786,#4644,#4645);
#4169=AXIS2_PLACEMENT_3D('',#5788,#4647,#4648);
#4170=AXIS2_PLACEMENT_3D('',#5791,#4649,#4650);
#4171=AXIS2_PLACEMENT_3D('',#5795,#4652,#4653);
#4172=AXIS2_PLACEMENT_3D('',#5797,#4655,#4656);
#4173=AXIS2_PLACEMENT_3D('',#5812,#4664,#4665);
#4174=AXIS2_PLACEMENT_3D('',#5816,#4667,#4668);
#4175=AXIS2_PLACEMENT_3D('',#5820,#4670,#4671);
#4176=AXIS2_PLACEMENT_3D('',#5823,#4673,#4674);
#4177=AXIS2_PLACEMENT_3D('',#5824,#4675,#4676);
#4178=AXIS2_PLACEMENT_3D('',#5827,#4677,#4678);
#4179=AXIS2_PLACEMENT_3D('',#5831,#4680,#4681);
#4180=AXIS2_PLACEMENT_3D('',#5833,#4683,#4684);
#4181=AXIS2_PLACEMENT_3D('',#5839,#4688,#4689);
#4182=AXIS2_PLACEMENT_3D('',#5841,#4690,#4691);
#4183=AXIS2_PLACEMENT_3D('',#5843,#4692,#4693);
#4184=AXIS2_PLACEMENT_3D('',#5847,#4695,#4696);
#4185=AXIS2_PLACEMENT_3D('',#5851,#4698,#4699);
#4186=AXIS2_PLACEMENT_3D('',#5853,#4701,#4702);
#4187=AXIS2_PLACEMENT_3D('',#5856,#4703,#4704);
#4188=AXIS2_PLACEMENT_3D('',#5862,#4707,#4708);
#4189=AXIS2_PLACEMENT_3D('',#5864,#4710,#4711);
#4190=AXIS2_PLACEMENT_3D('',#5875,#4718,#4719);
#4191=AXIS2_PLACEMENT_3D('',#5877,#4720,#4721);
#4192=AXIS2_PLACEMENT_3D('',#5879,#4723,#4724);
#4193=AXIS2_PLACEMENT_3D('',#5885,#4728,#4729);
#4194=AXIS2_PLACEMENT_3D('',#5891,#4733,#4734);
#4195=AXIS2_PLACEMENT_3D('',#5893,#4735,#4736);
#4196=AXIS2_PLACEMENT_3D('',#5895,#4737,#4738);
#4197=AXIS2_PLACEMENT_3D('',#5897,#4740,#4741);
#4198=AXIS2_PLACEMENT_3D('',#5920,#4754,#4755);
#4199=AXIS2_PLACEMENT_3D('',#5938,#4766,#4767);
#4200=AXIS2_PLACEMENT_3D('',#5943,#4769,#4770);
#4201=AXIS2_PLACEMENT_3D('',#5947,#4772,#4773);
#4202=AXIS2_PLACEMENT_3D('',#5951,#4775,#4776);
#4203=AXIS2_PLACEMENT_3D('',#5955,#4778,#4779);
#4204=AXIS2_PLACEMENT_3D('',#5960,#4783,#4784);
#4205=AXIS2_PLACEMENT_3D('',#5966,#4788,#4789);
#4206=AXIS2_PLACEMENT_3D('',#5968,#4791,#4792);
#4207=AXIS2_PLACEMENT_3D('',#5972,#4795,#4796);
#4208=AXIS2_PLACEMENT_3D('',#5974,#4797,#4798);
#4209=AXIS2_PLACEMENT_3D('',#5976,#4800,#4801);
#4210=AXIS2_PLACEMENT_3D('',#5980,#4804,#4805);
#4211=AXIS2_PLACEMENT_3D('',#5982,#4806,#4807);
#4212=AXIS2_PLACEMENT_3D('',#5984,#4809,#4810);
#4213=AXIS2_PLACEMENT_3D('',#5988,#4813,#4814);
#4214=AXIS2_PLACEMENT_3D('',#5990,#4815,#4816);
#4215=AXIS2_PLACEMENT_3D('',#5992,#4818,#4819);
#4216=AXIS2_PLACEMENT_3D('',#5996,#4822,#4823);
#4217=AXIS2_PLACEMENT_3D('',#5998,#4824,#4825);
#4218=AXIS2_PLACEMENT_3D('',#6000,#4827,#4828);
#4219=AXIS2_PLACEMENT_3D('',#6002,#4830,#4831);
#4220=AXIS2_PLACEMENT_3D('',#6005,#4832,#4833);
#4221=AXIS2_PLACEMENT_3D('',#6009,#4835,#4836);
#4222=AXIS2_PLACEMENT_3D('',#6011,#4838,#4839);
#4223=AXIS2_PLACEMENT_3D('',#6014,#4842,#4843);
#4224=AXIS2_PLACEMENT_3D('',#6017,#4845,#4846);
#4225=AXIS2_PLACEMENT_3D('',#6018,#4847,#4848);
#4226=AXIS2_PLACEMENT_3D('',#6024,#4852,#4853);
#4227=AXIS2_PLACEMENT_3D('',#6026,#4854,#4855);
#4228=AXIS2_PLACEMENT_3D('',#6028,#4856,#4857);
#4229=AXIS2_PLACEMENT_3D('',#6030,#4859,#4860);
#4230=AXIS2_PLACEMENT_3D('',#6033,#4863,#4864);
#4231=AXIS2_PLACEMENT_3D('',#6044,#4871,#4872);
#4232=AXIS2_PLACEMENT_3D('',#6045,#4873,#4874);
#4233=AXIS2_PLACEMENT_3D('',#6046,#4875,#4876);
#4234=AXIS2_PLACEMENT_3D('',#6048,#4878,#4879);
#4235=AXIS2_PLACEMENT_3D('',#6054,#4883,#4884);
#4236=AXIS2_PLACEMENT_3D('',#6056,#4885,#4886);
#4237=AXIS2_PLACEMENT_3D('',#6058,#4887,#4888);
#4238=AXIS2_PLACEMENT_3D('',#6060,#4890,#4891);
#4239=AXIS2_PLACEMENT_3D('',#6066,#4895,#4896);
#4240=AXIS2_PLACEMENT_3D('',#6068,#4897,#4898);
#4241=AXIS2_PLACEMENT_3D('',#6070,#4899,#4900);
#4242=AXIS2_PLACEMENT_3D('',#6072,#4902,#4903);
#4243=AXIS2_PLACEMENT_3D('',#6075,#4906,#4907);
#4244=AXIS2_PLACEMENT_3D('',#6078,#4910,#4911);
#4245=AXIS2_PLACEMENT_3D('',#6079,#4912,#4913);
#4246=AXIS2_PLACEMENT_3D('',#6103,#4919,#4920);
#4247=AXIS2_PLACEMENT_3D('',#6109,#4924,#4925);
#4248=AXIS2_PLACEMENT_3D('',#6112,#4928,#4929);
#4249=AXIS2_PLACEMENT_3D('',#6114,#4931,#4932);
#4250=AXIS2_PLACEMENT_3D('',#6116,#4934,#4935);
#4251=AXIS2_PLACEMENT_3D('',#6117,#4936,#4937);
#4252=AXIS2_PLACEMENT_3D('',#6123,#4941,#4942);
#4253=AXIS2_PLACEMENT_3D('',#6129,#4946,#4947);
#4254=AXIS2_PLACEMENT_3D('',#6152,#4960,#4961);
#4255=AXIS2_PLACEMENT_3D('',#6161,#4966,#4967);
#4256=AXIS2_PLACEMENT_3D('',#6164,#4970,#4971);
#4257=AXIS2_PLACEMENT_3D('',#6167,#4973,#4974);
#4258=AXIS2_PLACEMENT_3D('',#6168,#4975,#4976);
#4259=AXIS2_PLACEMENT_3D('',#6170,#4978,#4979);
#4260=AXIS2_PLACEMENT_3D('',#6172,#4980,#4981);
#4261=AXIS2_PLACEMENT_3D('',#6175,#4983,#4984);
#4262=AXIS2_PLACEMENT_3D('',#6176,#4985,#4986);
#4263=AXIS2_PLACEMENT_3D('',#6178,#4987,#4988);
#4264=AXIS2_PLACEMENT_3D('',#6180,#4990,#4991);
#4265=AXIS2_PLACEMENT_3D('',#6186,#4995,#4996);
#4266=AXIS2_PLACEMENT_3D('',#6190,#4999,#5000);
#4267=AXIS2_PLACEMENT_3D('',#6193,#5003,#5004);
#4268=AXIS2_PLACEMENT_3D('',#6199,#5008,#5009);
#4269=AXIS2_PLACEMENT_3D('',#6206,#5014,#5015);
#4270=AXIS2_PLACEMENT_3D('',#6214,#5019,#5020);
#4271=AXIS2_PLACEMENT_3D('',#6220,#5024,#5025);
#4272=AXIS2_PLACEMENT_3D('',#6226,#5029,#5030);
#4273=AXIS2_PLACEMENT_3D('',#6235,#5035,#5036);
#4274=AXIS2_PLACEMENT_3D('',#6241,#5040,#5041);
#4275=AXIS2_PLACEMENT_3D('',#6244,#5044,#5045);
#4276=AXIS2_PLACEMENT_3D('',#6253,#5050,#5051);
#4277=AXIS2_PLACEMENT_3D('',#6258,#5054,#5055);
#4278=AXIS2_PLACEMENT_3D('',#6259,#5056,#5057);
#4279=AXIS2_PLACEMENT_3D('',#6261,#5058,#5059);
#4280=AXIS2_PLACEMENT_3D('',#6268,#5060,#5061);
#4281=AXIS2_PLACEMENT_3D('',#6274,#5065,#5066);
#4282=AXIS2_PLACEMENT_3D('',#6276,#5068,#5069);
#4283=AXIS2_PLACEMENT_3D('',#6282,#5073,#5074);
#4284=AXIS2_PLACEMENT_3D('',#6286,#5076,#5077);
#4285=AXIS2_PLACEMENT_3D('',#6288,#5079,#5080);
#4286=AXIS2_PLACEMENT_3D('',#6290,#5081,#5082);
#4287=AXIS2_PLACEMENT_3D('',#6297,#5083,#5084);
#4288=AXIS2_PLACEMENT_3D('',#6306,#5089,#5090);
#4289=AXIS2_PLACEMENT_3D('',#6312,#5094,#5095);
#4290=AXIS2_PLACEMENT_3D('',#6315,#5098,#5099);
#4291=AXIS2_PLACEMENT_3D('',#6318,#5102,#5103);
#4292=AXIS2_PLACEMENT_3D('',#6319,#5104,#5105);
#4293=AXIS2_PLACEMENT_3D('',#6325,#5109,#5110);
#4294=AXIS2_PLACEMENT_3D('',#6327,#5111,#5112);
#4295=AXIS2_PLACEMENT_3D('',#6329,#5114,#5115);
#4296=AXIS2_PLACEMENT_3D('',#6338,#5120,#5121);
#4297=AXIS2_PLACEMENT_3D('',#6344,#5125,#5126);
#4298=AXIS2_PLACEMENT_3D('',#6350,#5130,#5131);
#4299=AXIS2_PLACEMENT_3D('',#6353,#5134,#5135);
#4300=AXIS2_PLACEMENT_3D('',#6362,#5140,#5141);
#4301=AXIS2_PLACEMENT_3D('',#6371,#5146,#5147);
#4302=AXIS2_PLACEMENT_3D('',#6388,#5149,#5150);
#4303=AXIS2_PLACEMENT_3D('',#6389,#5151,#5152);
#4304=AXIS2_PLACEMENT_3D('',#6390,#5153,#5154);
#4305=AXIS2_PLACEMENT_3D('',#6399,#5159,#5160);
#4306=AXIS2_PLACEMENT_3D('',#6405,#5164,#5165);
#4307=AXIS2_PLACEMENT_3D('',#6411,#5169,#5170);
#4308=AXIS2_PLACEMENT_3D('',#6417,#5174,#5175);
#4309=AXIS2_PLACEMENT_3D('',#6423,#5178,#5179);
#4310=AXIS2_PLACEMENT_3D('',#6425,#5181,#5182);
#4311=AXIS2_PLACEMENT_3D('',#6431,#5185,#5186);
#4312=AXIS2_PLACEMENT_3D('',#6433,#5188,#5189);
#4313=AXIS2_PLACEMENT_3D('',#6437,#5192,#5193);
#4314=AXIS2_PLACEMENT_3D('',#6444,#5198,#5199);
#4315=AXIS2_PLACEMENT_3D('',#6450,#5203,#5204);
#4316=AXIS2_PLACEMENT_3D('',#6459,#5209,#5210);
#4317=AXIS2_PLACEMENT_3D('',#6462,#5213,#5214);
#4318=AXIS2_PLACEMENT_3D('',#6463,#5215,#5216);
#4319=AXIS2_PLACEMENT_3D('',#6467,#5219,#5220);
#4320=AXIS2_PLACEMENT_3D('',#6469,#5221,#5222);
#4321=AXIS2_PLACEMENT_3D('',#6471,#5224,#5225);
#4322=AXIS2_PLACEMENT_3D('',#6473,#5226,#5227);
#4323=AXIS2_PLACEMENT_3D('',#6475,#5229,#5230);
#4324=AXIS2_PLACEMENT_3D('',#6497,#5242,#5243);
#4325=AXIS2_PLACEMENT_3D('',#6500,#5246,#5247);
#4326=AXIS2_PLACEMENT_3D('',#6503,#5250,#5251);
#4327=AXIS2_PLACEMENT_3D('',#6507,#5254,#5255);
#4328=AXIS2_PLACEMENT_3D('',#6513,#5259,#5260);
#4329=AXIS2_PLACEMENT_3D('',#6519,#5264,#5265);
#4330=AXIS2_PLACEMENT_3D('',#6523,#5268,#5269);
#4331=AXIS2_PLACEMENT_3D('',#6525,#5271,#5272);
#4332=AXIS2_PLACEMENT_3D('',#6527,#5273,#5274);
#4333=AXIS2_PLACEMENT_3D('',#6529,#5276,#5277);
#4334=AXIS2_PLACEMENT_3D('',#6533,#5280,#5281);
#4335=AXIS2_PLACEMENT_3D('',#6534,#5282,#5283);
#4336=AXIS2_PLACEMENT_3D('',#6535,#5284,#5285);
#4337=AXIS2_PLACEMENT_3D('',#6537,#5286,#5287);
#4338=AXIS2_PLACEMENT_3D('',#6539,#5289,#5290);
#4339=AXIS2_PLACEMENT_3D('',#6543,#5293,#5294);
#4340=AXIS2_PLACEMENT_3D('',#6544,#5295,#5296);
#4341=AXIS2_PLACEMENT_3D('',#6553,#5301,#5302);
#4342=AXIS2_PLACEMENT_3D('',#6554,#5303,#5304);
#4343=AXIS2_PLACEMENT_3D('',#6557,#5307,#5308);
#4344=AXIS2_PLACEMENT_3D('',#6559,#5310,#5311);
#4345=AXIS2_PLACEMENT_3D('',#6561,#5313,#5314);
#4346=AXIS2_PLACEMENT_3D('',#6562,#5315,#5316);
#4347=AXIS2_PLACEMENT_3D('',#6564,#5317,#5318);
#4348=AXIS2_PLACEMENT_3D('',#6566,#5320,#5321);
#4349=AXIS2_PLACEMENT_3D('',#6567,#5322,#5323);
#4350=AXIS2_PLACEMENT_3D('',#6568,#5324,#5325);
#4351=AXIS2_PLACEMENT_3D('',#6575,#5330,#5331);
#4352=AXIS2_PLACEMENT_3D('',#6581,#5335,#5336);
#4353=AXIS2_PLACEMENT_3D('',#6583,#5337,#5338);
#4354=AXIS2_PLACEMENT_3D('',#6585,#5340,#5341);
#4355=AXIS2_PLACEMENT_3D('',#6587,#5343,#5344);
#4356=AXIS2_PLACEMENT_3D('',#6591,#5347,#5348);
#4357=AXIS2_PLACEMENT_3D('',#6593,#5350,#5351);
#4358=AXIS2_PLACEMENT_3D('',#6597,#5354,#5355);
#4359=AXIS2_PLACEMENT_3D('',#6599,#5357,#5358);
#4360=AXIS2_PLACEMENT_3D('',#6616,#5362,#5363);
#4361=AXIS2_PLACEMENT_3D('',#6617,#5364,#5365);
#4362=AXIS2_PLACEMENT_3D('',#6626,#5370,#5371);
#4363=AXIS2_PLACEMENT_3D('',#6632,#5375,#5376);
#4364=AXIS2_PLACEMENT_3D('',#6636,#5379,#5380);
#4365=AXIS2_PLACEMENT_3D('',#6640,#5383,#5384);
#4366=AXIS2_PLACEMENT_3D('',#6642,#5386,#5387);
#4367=AXIS2_PLACEMENT_3D('',#6645,#5388,#5389);
#4368=AXIS2_PLACEMENT_3D('',#6647,#5390,#5391);
#4369=AXIS2_PLACEMENT_3D('',#6652,#5394,#5395);
#4370=AXIS2_PLACEMENT_3D('',#6654,#5396,#5397);
#4371=AXIS2_PLACEMENT_3D('',#6658,#5400,#5401);
#4372=AXIS2_PLACEMENT_3D('',#6660,#5402,#5403);
#4373=AXIS2_PLACEMENT_3D('',#6661,#5404,#5405);
#4374=AXIS2_PLACEMENT_3D('',#6663,#5406,#5407);
#4375=AXIS2_PLACEMENT_3D('',#6665,#5408,#5409);
#4376=AXIS2_PLACEMENT_3D('',#6669,#5411,#5412);
#4377=AXIS2_PLACEMENT_3D('',#6672,#5414,#5415);
#4378=AXIS2_PLACEMENT_3D('',#6673,#5416,#5417);
#4379=AXIS2_PLACEMENT_3D('',#6692,#5418,#5419);
#4380=AXIS2_PLACEMENT_3D('',#6711,#5420,#5421);
#4381=AXIS2_PLACEMENT_3D('',#6714,#5423,#5424);
#4382=AXIS2_PLACEMENT_3D('',#6715,#5425,#5426);
#4383=AXIS2_PLACEMENT_3D('',#6717,#5428,#5429);
#4384=AXIS2_PLACEMENT_3D('',#6720,#5431,#5432);
#4385=AXIS2_PLACEMENT_3D('',#6721,#5433,#5434);
#4386=AXIS2_PLACEMENT_3D('',#6723,#5436,#5437);
#4387=AXIS2_PLACEMENT_3D('',#6727,#5440,#5441);
#4388=AXIS2_PLACEMENT_3D('',#6729,#5442,#5443);
#4389=AXIS2_PLACEMENT_3D('',#6731,#5445,#5446);
#4390=AXIS2_PLACEMENT_3D('',#6735,#5449,#5450);
#4391=AXIS2_PLACEMENT_3D('',#6736,#5451,#5452);
#4392=AXIS2_PLACEMENT_3D('',#6737,#5453,#5454);
#4393=AXIS2_PLACEMENT_3D('',#6738,#5455,#5456);
#4394=AXIS2_PLACEMENT_3D('',#6744,#5460,#5461);
#4395=AXIS2_PLACEMENT_3D('',#6749,#5465,#5466);
#4396=AXIS2_PLACEMENT_3D('',#6753,#5469,#5470);
#4397=AXIS2_PLACEMENT_3D('',#6755,#5472,#5473);
#4398=AXIS2_PLACEMENT_3D('',#6757,#5475,#5476);
#4399=DIRECTION('axis',(0.,0.,1.));
#4400=DIRECTION('refdir',(1.,0.,0.));
#4401=DIRECTION('center_axis',(0.,0.,-1.));
#4402=DIRECTION('ref_axis',(-1.,0.,0.));
#4403=DIRECTION('',(-1.,0.,0.));
#4404=DIRECTION('',(0.,1.,0.));
#4405=DIRECTION('',(1.,0.,0.));
#4406=DIRECTION('',(0.,-1.,0.));
#4407=DIRECTION('center_axis',(1.,0.,0.));
#4408=DIRECTION('ref_axis',(0.,-1.,0.));
#4409=DIRECTION('',(0.,1.,0.));
#4410=DIRECTION('',(0.,0.,-1.));
#4411=DIRECTION('',(0.,0.,-1.));
#4412=DIRECTION('center_axis',(0.,1.,0.));
#4413=DIRECTION('ref_axis',(1.,0.,0.));
#4414=DIRECTION('',(-1.,0.,0.));
#4415=DIRECTION('',(0.,0.,-1.));
#4416=DIRECTION('center_axis',(-1.,0.,0.));
#4417=DIRECTION('ref_axis',(0.,1.,0.));
#4418=DIRECTION('',(0.,-1.,0.));
#4419=DIRECTION('',(0.,0.,-1.));
#4420=DIRECTION('center_axis',(0.,-1.,0.));
#4421=DIRECTION('ref_axis',(-1.,0.,0.));
#4422=DIRECTION('',(-1.,0.,0.));
#4423=DIRECTION('center_axis',(0.,0.,1.));
#4424=DIRECTION('ref_axis',(-1.,0.,0.));
#4425=DIRECTION('center_axis',(0.,0.,-1.));
#4426=DIRECTION('ref_axis',(-1.,0.,0.));
#4427=DIRECTION('',(-1.,0.,0.));
#4428=DIRECTION('',(0.,1.,0.));
#4429=DIRECTION('',(1.,0.,0.));
#4430=DIRECTION('',(0.,-1.,0.));
#4431=DIRECTION('center_axis',(1.,0.,0.));
#4432=DIRECTION('ref_axis',(0.,-1.,0.));
#4433=DIRECTION('',(0.,-1.,0.));
#4434=DIRECTION('',(0.,0.,-1.));
#4435=DIRECTION('',(0.,0.,-1.));
#4436=DIRECTION('center_axis',(0.,1.,0.));
#4437=DIRECTION('ref_axis',(1.,0.,0.));
#4438=DIRECTION('',(-1.,0.,0.));
#4439=DIRECTION('',(0.,0.,-1.));
#4440=DIRECTION('center_axis',(-1.,0.,0.));
#4441=DIRECTION('ref_axis',(0.,1.,0.));
#4442=DIRECTION('',(0.,1.,0.));
#4443=DIRECTION('',(0.,0.,-1.));
#4444=DIRECTION('center_axis',(0.,-1.,0.));
#4445=DIRECTION('ref_axis',(-1.,0.,0.));
#4446=DIRECTION('',(-1.,0.,0.));
#4447=DIRECTION('center_axis',(0.,0.,1.));
#4448=DIRECTION('ref_axis',(-1.,0.,0.));
#4449=DIRECTION('center_axis',(0.,1.,0.));
#4450=DIRECTION('ref_axis',(0.707106781186548,0.,-0.707106781186547));
#4451=DIRECTION('center_axis',(0.,-1.,0.));
#4452=DIRECTION('ref_axis',(0.707106781186548,0.,-0.707106781186547));
#4453=DIRECTION('',(0.,-1.,0.));
#4454=DIRECTION('center_axis',(0.,1.,0.));
#4455=DIRECTION('ref_axis',(0.707106781186548,0.,-0.707106781186547));
#4456=DIRECTION('',(0.,1.,0.));
#4457=DIRECTION('center_axis',(1.58206781009085E-14,-1.,0.));
#4458=DIRECTION('ref_axis',(0.707106781186548,0.,-0.707106781186547));
#4459=DIRECTION('',(0.,1.,0.));
#4460=DIRECTION('center_axis',(-1.58206781009085E-14,1.,-5.62063394969971E-28));
#4461=DIRECTION('ref_axis',(0.707106781186548,0.,-0.707106781186547));
#4462=DIRECTION('',(0.,-1.,0.));
#4463=DIRECTION('center_axis',(0.,0.,-1.));
#4464=DIRECTION('ref_axis',(-1.,0.,0.));
#4465=DIRECTION('',(1.,0.,0.));
#4466=DIRECTION('',(1.,0.,0.));
#4467=DIRECTION('',(0.,-1.,0.));
#4468=DIRECTION('center_axis',(0.,0.,1.));
#4469=DIRECTION('ref_axis',(-1.,0.,0.));
#4470=DIRECTION('center_axis',(0.,0.,1.));
#4471=DIRECTION('ref_axis',(-1.,0.,0.));
#4472=DIRECTION('center_axis',(0.,0.,1.));
#4473=DIRECTION('ref_axis',(-1.,0.,0.));
#4474=DIRECTION('center_axis',(0.,0.,1.));
#4475=DIRECTION('ref_axis',(-1.,0.,0.));
#4476=DIRECTION('center_axis',(0.,0.,1.));
#4477=DIRECTION('ref_axis',(-1.,0.,0.));
#4478=DIRECTION('center_axis',(0.,0.,1.));
#4479=DIRECTION('ref_axis',(-1.,0.,0.));
#4480=DIRECTION('center_axis',(0.,0.,1.));
#4481=DIRECTION('ref_axis',(-1.,0.,0.));
#4482=DIRECTION('center_axis',(0.,-1.,0.));
#4483=DIRECTION('ref_axis',(-0.707106781186548,0.,-0.707106781186547));
#4484=DIRECTION('center_axis',(0.,-1.,0.));
#4485=DIRECTION('ref_axis',(-0.707106781186548,0.,-0.707106781186547));
#4486=DIRECTION('center_axis',(0.,1.,0.));
#4487=DIRECTION('ref_axis',(-0.707106781186548,0.,-0.707106781186547));
#4488=DIRECTION('',(0.,1.,0.));
#4489=DIRECTION('center_axis',(0.,0.,-1.));
#4490=DIRECTION('ref_axis',(-1.,0.,0.));
#4491=DIRECTION('',(0.,1.,0.));
#4492=DIRECTION('',(-1.,0.,0.));
#4493=DIRECTION('',(0.,-1.,0.));
#4494=DIRECTION('',(-1.,0.,0.));
#4495=DIRECTION('center_axis',(1.,0.,0.));
#4496=DIRECTION('ref_axis',(0.,0.,-1.));
#4497=DIRECTION('',(0.,-1.,0.));
#4498=DIRECTION('',(0.,0.,-1.));
#4499=DIRECTION('',(0.,1.,0.));
#4500=DIRECTION('',(0.,0.,-1.));
#4501=DIRECTION('center_axis',(0.,1.,0.));
#4502=DIRECTION('ref_axis',(0.707106781186546,0.,-0.707106781186549));
#4503=DIRECTION('center_axis',(0.,-1.,0.));
#4504=DIRECTION('ref_axis',(0.707106781186546,0.,-0.707106781186549));
#4505=DIRECTION('center_axis',(0.,-1.,0.));
#4506=DIRECTION('ref_axis',(0.707106781186546,0.,-0.707106781186549));
#4507=DIRECTION('center_axis',(0.,1.,0.));
#4508=DIRECTION('ref_axis',(-0.707106781186546,0.,-0.707106781186549));
#4509=DIRECTION('center_axis',(0.,-1.,0.));
#4510=DIRECTION('ref_axis',(-0.707106781186546,0.,-0.707106781186549));
#4511=DIRECTION('',(0.,-1.,0.));
#4512=DIRECTION('center_axis',(0.,-1.,0.));
#4513=DIRECTION('ref_axis',(-0.707106781186546,0.,-0.707106781186549));
#4514=DIRECTION('center_axis',(0.573576436351046,0.,0.819152044288992));
#4515=DIRECTION('ref_axis',(0.,1.,0.));
#4516=DIRECTION('',(0.819152044288992,-3.32892849168045E-17,-0.573576436351046));
#4517=DIRECTION('',(0.,1.,0.));
#4518=DIRECTION('',(0.819152044288992,0.,-0.573576436351046));
#4519=DIRECTION('',(0.,1.,0.));
#4520=DIRECTION('center_axis',(-1.,0.,0.));
#4521=DIRECTION('ref_axis',(0.,0.,1.));
#4522=DIRECTION('',(0.,0.,-1.));
#4523=DIRECTION('',(0.,0.,-1.));
#4524=DIRECTION('',(0.,-1.,0.));
#4525=DIRECTION('',(0.,1.,0.));
#4526=DIRECTION('',(0.,-1.77586918365218E-17,1.));
#4527=DIRECTION('center_axis',(-1.,0.,0.));
#4528=DIRECTION('ref_axis',(0.,0.707106781186548,0.707106781186547));
#4529=DIRECTION('',(0.,-1.,2.50903509772724E-16));
#4530=DIRECTION('center_axis',(-1.,0.,0.));
#4531=DIRECTION('ref_axis',(0.,-0.707106781186547,0.707106781186547));
#4532=DIRECTION('',(0.,0.,-1.));
#4533=DIRECTION('center_axis',(-1.,0.,0.));
#4534=DIRECTION('ref_axis',(0.,-0.707106781186547,-0.707106781186547));
#4535=DIRECTION('center_axis',(0.,0.,1.));
#4536=DIRECTION('ref_axis',(1.,0.,0.));
#4537=DIRECTION('',(1.,-4.0638713104475E-17,0.));
#4538=DIRECTION('',(0.,1.,0.));
#4539=DIRECTION('',(1.,0.,0.));
#4540=DIRECTION('',(0.,1.,0.));
#4541=DIRECTION('',(1.,-4.0638713104475E-17,0.));
#4542=DIRECTION('',(0.,1.,0.));
#4543=DIRECTION('',(-1.,0.,0.));
#4544=DIRECTION('',(0.,-1.,0.));
#4545=DIRECTION('center_axis',(0.,1.,0.));
#4546=DIRECTION('ref_axis',(-0.707106781186548,0.,0.707106781186547));
#4547=DIRECTION('center_axis',(4.0638713104475E-17,1.,0.));
#4548=DIRECTION('ref_axis',(-0.707106781186548,0.,0.707106781186547));
#4549=DIRECTION('center_axis',(0.,1.,0.));
#4550=DIRECTION('ref_axis',(-0.707106781186548,0.,0.707106781186547));
#4551=DIRECTION('',(0.,1.,0.));
#4552=DIRECTION('center_axis',(0.,1.,0.));
#4553=DIRECTION('ref_axis',(0.,0.,-1.));
#4554=DIRECTION('center_axis',(-4.0638713104475E-17,-1.,0.));
#4555=DIRECTION('ref_axis',(0.,0.,-1.));
#4556=DIRECTION('',(0.,1.,0.));
#4557=DIRECTION('center_axis',(0.707106781186548,-0.707106781186547,0.));
#4558=DIRECTION('ref_axis',(-0.707106781186547,-0.707106781186548,0.));
#4559=DIRECTION('center_axis',(-1.,0.,0.));
#4560=DIRECTION('ref_axis',(0.,0.,-1.));
#4561=DIRECTION('',(-1.,0.,0.));
#4562=DIRECTION('center_axis',(-0.707106781186548,-0.707106781186548,0.));
#4563=DIRECTION('ref_axis',(-0.707106781186547,0.707106781186547,0.));
#4564=DIRECTION('center_axis',(-0.819152044288992,0.,0.573576436351046));
#4565=DIRECTION('ref_axis',(-0.573576436351046,0.,-0.819152044288992));
#4566=DIRECTION('',(-1.,0.,0.));
#4567=DIRECTION('',(-1.,0.,0.));
#4568=DIRECTION('center_axis',(-1.,0.,0.));
#4569=DIRECTION('ref_axis',(0.,0.,-1.));
#4570=DIRECTION('center_axis',(0.819152044288992,0.,0.573576436351046));
#4571=DIRECTION('ref_axis',(0.573576436351046,0.,-0.819152044288992));
#4572=DIRECTION('center_axis',(-0.707106781186548,-0.707106781186547,0.));
#4573=DIRECTION('ref_axis',(-0.707106781186547,0.707106781186548,0.));
#4574=DIRECTION('',(-1.,0.,0.));
#4575=DIRECTION('center_axis',(-0.707106781186548,0.707106781186548,0.));
#4576=DIRECTION('ref_axis',(-0.707106781186547,-0.707106781186547,0.));
#4577=DIRECTION('',(-1.,0.,0.));
#4578=DIRECTION('center_axis',(0.,-1.,0.));
#4579=DIRECTION('ref_axis',(-0.707106781186546,0.,-0.707106781186549));
#4580=DIRECTION('center_axis',(-1.,0.,-2.22044604925031E-15));
#4581=DIRECTION('ref_axis',(0.,-1.,0.));
#4582=DIRECTION('center_axis',(0.,-1.,0.));
#4583=DIRECTION('ref_axis',(0.,0.,-1.));
#4584=DIRECTION('center_axis',(0.,-1.,0.));
#4585=DIRECTION('ref_axis',(0.,0.,-1.));
#4586=DIRECTION('center_axis',(1.,0.,0.));
#4587=DIRECTION('ref_axis',(0.,-1.,0.));
#4588=DIRECTION('center_axis',(0.,-1.,0.));
#4589=DIRECTION('ref_axis',(0.707106781186546,0.,-0.707106781186549));
#4590=DIRECTION('center_axis',(0.,0.,-1.));
#4591=DIRECTION('ref_axis',(0.,-1.,0.));
#4592=DIRECTION('center_axis',(-1.,0.,0.));
#4593=DIRECTION('ref_axis',(0.,0.,-1.));
#4594=DIRECTION('',(1.,0.,0.));
#4595=DIRECTION('',(-1.,0.,0.));
#4596=DIRECTION('center_axis',(0.,0.,-1.));
#4597=DIRECTION('ref_axis',(-1.,0.,0.));
#4598=DIRECTION('center_axis',(0.,-1.,0.));
#4599=DIRECTION('ref_axis',(0.707106781186546,0.,0.707106781186549));
#4600=DIRECTION('center_axis',(1.,0.,2.22044604925031E-15));
#4601=DIRECTION('ref_axis',(0.,-1.,0.));
#4602=DIRECTION('center_axis',(0.,-1.,0.));
#4603=DIRECTION('ref_axis',(0.,0.,-1.));
#4604=DIRECTION('center_axis',(0.,-1.,0.));
#4605=DIRECTION('ref_axis',(0.,0.,-1.));
#4606=DIRECTION('',(0.,0.,-1.));
#4607=DIRECTION('',(-1.,0.,0.));
#4608=DIRECTION('center_axis',(0.,-1.,0.));
#4609=DIRECTION('ref_axis',(0.,0.,-1.));
#4610=DIRECTION('',(-1.,0.,0.));
#4611=DIRECTION('',(0.573576436351046,0.,-0.819152044288992));
#4612=DIRECTION('center_axis',(0.,0.,-1.));
#4613=DIRECTION('ref_axis',(-1.,0.,0.));
#4614=DIRECTION('center_axis',(0.,0.,-1.));
#4615=DIRECTION('ref_axis',(-1.,0.,0.));
#4616=DIRECTION('',(0.,0.,-1.));
#4617=DIRECTION('center_axis',(0.,0.,-1.));
#4618=DIRECTION('ref_axis',(-1.,0.,0.));
#4619=DIRECTION('center_axis',(0.,0.,-1.));
#4620=DIRECTION('ref_axis',(-1.,0.,0.));
#4621=DIRECTION('',(0.,0.,-1.));
#4622=DIRECTION('center_axis',(0.,0.,-1.));
#4623=DIRECTION('ref_axis',(-1.,0.,0.));
#4624=DIRECTION('center_axis',(0.,0.,-1.));
#4625=DIRECTION('ref_axis',(-1.,0.,0.));
#4626=DIRECTION('',(0.,0.,-1.));
#4627=DIRECTION('center_axis',(0.,0.,-1.));
#4628=DIRECTION('ref_axis',(-1.,0.,0.));
#4629=DIRECTION('center_axis',(0.,0.,-1.));
#4630=DIRECTION('ref_axis',(-1.,0.,0.));
#4631=DIRECTION('',(0.,0.,-1.));
#4632=DIRECTION('center_axis',(0.,0.,-1.));
#4633=DIRECTION('ref_axis',(-1.,0.,0.));
#4634=DIRECTION('center_axis',(0.,0.,-1.));
#4635=DIRECTION('ref_axis',(-1.,0.,0.));
#4636=DIRECTION('',(0.,0.,-1.));
#4637=DIRECTION('center_axis',(0.,0.,-1.));
#4638=DIRECTION('ref_axis',(-1.,0.,0.));
#4639=DIRECTION('center_axis',(0.,0.,-1.));
#4640=DIRECTION('ref_axis',(-1.,0.,0.));
#4641=DIRECTION('',(0.,0.,-1.));
#4642=DIRECTION('center_axis',(0.,0.,-1.));
#4643=DIRECTION('ref_axis',(-1.,0.,0.));
#4644=DIRECTION('center_axis',(0.,0.,-1.));
#4645=DIRECTION('ref_axis',(-1.,0.,0.));
#4646=DIRECTION('',(0.,0.,-1.));
#4647=DIRECTION('center_axis',(0.,1.,0.));
#4648=DIRECTION('ref_axis',(0.707106781186548,0.,0.707106781186547));
#4649=DIRECTION('center_axis',(0.,-1.,0.));
#4650=DIRECTION('ref_axis',(0.707106781186548,0.,0.707106781186547));
#4651=DIRECTION('',(0.,1.,0.));
#4652=DIRECTION('center_axis',(0.,1.,0.));
#4653=DIRECTION('ref_axis',(0.707106781186548,0.,0.707106781186547));
#4654=DIRECTION('',(0.,1.,0.));
#4655=DIRECTION('center_axis',(1.,0.,0.));
#4656=DIRECTION('ref_axis',(0.,0.,-1.));
#4657=DIRECTION('',(0.,0.,1.));
#4658=DIRECTION('',(0.,0.,1.));
#4659=DIRECTION('',(0.,0.,-1.));
#4660=DIRECTION('',(0.,-1.,0.));
#4661=DIRECTION('',(0.,0.,1.));
#4662=DIRECTION('',(0.,1.,0.));
#4663=DIRECTION('',(0.,0.,-1.));
#4664=DIRECTION('center_axis',(1.,0.,0.));
#4665=DIRECTION('ref_axis',(0.,0.707106781186548,-0.707106781186547));
#4666=DIRECTION('',(0.,-1.,0.));
#4667=DIRECTION('center_axis',(1.,0.,0.));
#4668=DIRECTION('ref_axis',(0.,-0.707106781186548,-0.707106781186547));
#4669=DIRECTION('',(0.,0.,1.));
#4670=DIRECTION('center_axis',(1.,0.,0.));
#4671=DIRECTION('ref_axis',(0.,-0.707106781186548,0.707106781186547));
#4672=DIRECTION('',(0.,1.,0.));
#4673=DIRECTION('center_axis',(1.,0.,0.));
#4674=DIRECTION('ref_axis',(0.,0.707106781186547,0.707106781186547));
#4675=DIRECTION('center_axis',(0.,-1.,0.));
#4676=DIRECTION('ref_axis',(-0.707106781186548,0.,-0.707106781186547));
#4677=DIRECTION('center_axis',(4.0638713104475E-17,1.,0.));
#4678=DIRECTION('ref_axis',(-0.707106781186548,0.,-0.707106781186547));
#4679=DIRECTION('',(0.,1.,0.));
#4680=DIRECTION('center_axis',(0.,-1.,0.));
#4681=DIRECTION('ref_axis',(-0.707106781186548,0.,-0.707106781186547));
#4682=DIRECTION('',(0.,-1.,0.));
#4683=DIRECTION('center_axis',(0.,0.,-1.));
#4684=DIRECTION('ref_axis',(-1.,0.,0.));
#4685=DIRECTION('',(-1.,4.0638713104475E-17,0.));
#4686=DIRECTION('',(1.,0.,0.));
#4687=DIRECTION('',(0.,1.,0.));
#4688=DIRECTION('center_axis',(0.,1.,0.));
#4689=DIRECTION('ref_axis',(0.707106781186548,0.,-0.707106781186547));
#4690=DIRECTION('center_axis',(4.0638713104475E-17,1.,0.));
#4691=DIRECTION('ref_axis',(0.707106781186548,0.,-0.707106781186547));
#4692=DIRECTION('center_axis',(0.,-1.,0.));
#4693=DIRECTION('ref_axis',(0.707106781186548,0.,-0.707106781186547));
#4694=DIRECTION('',(0.,1.,0.));
#4695=DIRECTION('center_axis',(-1.58206781009085E-14,1.,0.));
#4696=DIRECTION('ref_axis',(0.707106781186548,0.,-0.707106781186547));
#4697=DIRECTION('',(0.,1.,0.));
#4698=DIRECTION('center_axis',(1.58206781009085E-14,-1.,5.62063394969971E-28));
#4699=DIRECTION('ref_axis',(0.707106781186548,0.,-0.707106781186547));
#4700=DIRECTION('',(0.,-1.,0.));
#4701=DIRECTION('center_axis',(0.,1.,0.));
#4702=DIRECTION('ref_axis',(0.707106781186548,0.,0.707106781186547));
#4703=DIRECTION('center_axis',(4.0638713104475E-17,1.,0.));
#4704=DIRECTION('ref_axis',(0.707106781186548,0.,0.707106781186547));
#4705=DIRECTION('',(0.,1.,0.));
#4706=DIRECTION('',(0.,1.,0.));
#4707=DIRECTION('center_axis',(0.,-1.,0.));
#4708=DIRECTION('ref_axis',(0.707106781186548,0.,0.707106781186547));
#4709=DIRECTION('',(0.,1.,0.));
#4710=DIRECTION('center_axis',(0.,0.,1.));
#4711=DIRECTION('ref_axis',(1.,0.,0.));
#4712=DIRECTION('',(1.,-4.0638713104475E-17,0.));
#4713=DIRECTION('',(0.,1.,0.));
#4714=DIRECTION('',(0.,-1.,0.));
#4715=DIRECTION('',(1.,-4.0638713104475E-17,0.));
#4716=DIRECTION('',(-1.,0.,0.));
#4717=DIRECTION('',(0.,1.,0.));
#4718=DIRECTION('center_axis',(0.,-1.,0.));
#4719=DIRECTION('ref_axis',(0.,0.,1.));
#4720=DIRECTION('center_axis',(-4.0638713104475E-17,-1.,0.));
#4721=DIRECTION('ref_axis',(0.,0.,1.));
#4722=DIRECTION('',(0.,1.,0.));
#4723=DIRECTION('center_axis',(0.819152044288992,0.,0.573576436351046));
#4724=DIRECTION('ref_axis',(0.,1.,0.));
#4725=DIRECTION('',(0.,1.,0.));
#4726=DIRECTION('',(0.,1.,0.));
#4727=DIRECTION('',(0.573576436351046,-2.33094082403573E-17,-0.819152044288992));
#4728=DIRECTION('center_axis',(-0.819152044288992,0.,0.573576436351046));
#4729=DIRECTION('ref_axis',(0.,1.,0.));
#4730=DIRECTION('',(0.,-1.,0.));
#4731=DIRECTION('',(-0.573576436351046,0.,-0.819152044288992));
#4732=DIRECTION('',(-0.573576436351046,2.33094082403573E-17,-0.819152044288992));
#4733=DIRECTION('center_axis',(0.,1.,0.));
#4734=DIRECTION('ref_axis',(-0.707106781186548,0.,0.707106781186547));
#4735=DIRECTION('center_axis',(0.,-1.,0.));
#4736=DIRECTION('ref_axis',(-0.707106781186548,0.,0.707106781186547));
#4737=DIRECTION('center_axis',(0.,1.,0.));
#4738=DIRECTION('ref_axis',(-0.707106781186548,0.,0.707106781186547));
#4739=DIRECTION('',(0.,1.,0.));
#4740=DIRECTION('center_axis',(0.,0.,1.));
#4741=DIRECTION('ref_axis',(1.,0.,0.));
#4742=DIRECTION('',(0.,-1.,0.));
#4743=DIRECTION('',(-1.,0.,0.));
#4744=DIRECTION('',(-1.,0.,0.));
#4745=DIRECTION('',(0.,1.,0.));
#4746=DIRECTION('',(-1.,4.0638713104475E-17,0.));
#4747=DIRECTION('',(0.,1.,0.));
#4748=DIRECTION('',(-1.,0.,0.));
#4749=DIRECTION('',(0.,1.,0.));
#4750=DIRECTION('',(0.,-1.,0.));
#4751=DIRECTION('',(-1.,0.,0.));
#4752=DIRECTION('',(0.,1.,0.));
#4753=DIRECTION('',(-1.,4.0638713104475E-17,0.));
#4754=DIRECTION('center_axis',(0.,0.,1.));
#4755=DIRECTION('ref_axis',(1.,0.,0.));
#4756=DIRECTION('',(-1.,0.,0.));
#4757=DIRECTION('',(1.54074395550979E-33,1.,0.));
#4758=DIRECTION('',(-1.,4.0638713104475E-17,0.));
#4759=DIRECTION('',(0.,-1.,0.));
#4760=DIRECTION('',(-1.,0.,0.));
#4761=DIRECTION('',(0.,-1.,0.));
#4762=DIRECTION('',(-1.,0.,0.));
#4763=DIRECTION('',(0.,1.,0.));
#4764=DIRECTION('',(-1.,4.0638713104475E-17,0.));
#4765=DIRECTION('',(-1.,0.,0.));
#4766=DIRECTION('center_axis',(0.,-1.,0.));
#4767=DIRECTION('ref_axis',(0.,0.,-1.));
#4768=DIRECTION('',(1.,0.,0.));
#4769=DIRECTION('center_axis',(0.,-1.,0.));
#4770=DIRECTION('ref_axis',(-1.40980701539702E-15,0.,1.));
#4771=DIRECTION('',(0.,0.,-1.));
#4772=DIRECTION('center_axis',(0.,-1.,0.));
#4773=DIRECTION('ref_axis',(-1.,0.,-1.40980701539702E-15));
#4774=DIRECTION('',(1.,0.,0.));
#4775=DIRECTION('center_axis',(0.,-1.,0.));
#4776=DIRECTION('ref_axis',(1.40980701539702E-15,0.,-1.));
#4777=DIRECTION('',(0.,0.,1.));
#4778=DIRECTION('center_axis',(0.,-1.,0.));
#4779=DIRECTION('ref_axis',(1.,0.,1.40980701539702E-15));
#4780=DIRECTION('',(-1.,0.,0.));
#4781=DIRECTION('',(2.44929359829471E-16,-2.91534603888521E-33,1.));
#4782=DIRECTION('',(0.,0.,1.));
#4783=DIRECTION('center_axis',(0.,0.,-1.));
#4784=DIRECTION('ref_axis',(1.,0.,0.));
#4785=DIRECTION('',(1.,-4.0638713104475E-17,0.));
#4786=DIRECTION('',(0.,-1.,0.));
#4787=DIRECTION('',(0.,-1.,0.));
#4788=DIRECTION('center_axis',(1.,0.,0.));
#4789=DIRECTION('ref_axis',(0.,0.,1.));
#4790=DIRECTION('',(0.,0.,1.));
#4791=DIRECTION('center_axis',(-1.,1.54074395550979E-33,2.44929359829471E-16));
#4792=DIRECTION('ref_axis',(-2.44929359829471E-16,2.91534603888521E-33,
-1.));
#4793=DIRECTION('',(-2.44929359829471E-16,9.95361398497257E-33,-1.));
#4794=DIRECTION('',(-4.62223186652937E-33,-1.,-2.91534603888521E-33));
#4795=DIRECTION('center_axis',(-4.0638713104475E-17,-1.,-2.87359096148689E-17));
#4796=DIRECTION('ref_axis',(-1.16779038663478E-33,-2.87359096148689E-17,
1.));
#4797=DIRECTION('center_axis',(4.0638713104475E-17,1.,0.));
#4798=DIRECTION('ref_axis',(-1.16779038663478E-33,-2.87359096148689E-17,
1.));
#4799=DIRECTION('',(7.28836509721302E-34,-1.,1.19028034896061E-17));
#4800=DIRECTION('center_axis',(1.,7.28836509721302E-34,1.13582377435967E-115));
#4801=DIRECTION('ref_axis',(7.28836509721302E-34,-1.,1.19028034896061E-17));
#4802=DIRECTION('',(-1.13582377435967E-115,4.61584165034447E-132,1.));
#4803=DIRECTION('',(7.28836509721302E-34,-1.,1.19028034896061E-17));
#4804=DIRECTION('center_axis',(-1.19028034896061E-17,-1.,7.28836509721302E-34));
#4805=DIRECTION('ref_axis',(-1.,1.19028034896061E-17,0.));
#4806=DIRECTION('center_axis',(4.0638713104475E-17,1.,0.));
#4807=DIRECTION('ref_axis',(-1.,1.19028034896061E-17,0.));
#4808=DIRECTION('',(-2.38056069792122E-17,-1.,2.18650952916391E-33));
#4809=DIRECTION('center_axis',(1.95160690409743E-82,2.18650952916391E-33,
1.));
#4810=DIRECTION('ref_axis',(-2.38056069792122E-17,-1.,2.18650952916391E-33));
#4811=DIRECTION('',(-1.,4.0638713104475E-17,-8.88569334558927E-50));
#4812=DIRECTION('',(-2.38056069792122E-17,-1.,2.18650952916391E-33));
#4813=DIRECTION('center_axis',(-4.0638713104475E-17,-1.,-2.87359096148689E-17));
#4814=DIRECTION('ref_axis',(0.,2.87359096148689E-17,-1.));
#4815=DIRECTION('center_axis',(4.0638713104475E-17,1.,0.));
#4816=DIRECTION('ref_axis',(0.,2.87359096148689E-17,-1.));
#4817=DIRECTION('',(-2.91534603888521E-33,-1.,-1.19028034896061E-17));
#4818=DIRECTION('center_axis',(-1.,2.91534603888521E-33,-3.90321380819486E-82));
#4819=DIRECTION('ref_axis',(-2.91534603888521E-33,-1.,-1.19028034896061E-17));
#4820=DIRECTION('',(3.90321380819486E-82,-1.58621586136656E-98,-1.));
#4821=DIRECTION('',(-2.91534603888521E-33,-1.,-1.19028034896061E-17));
#4822=DIRECTION('center_axis',(-1.19028034896061E-17,-1.,6.45765573654118E-34));
#4823=DIRECTION('ref_axis',(1.,-1.19028034896061E-17,0.));
#4824=DIRECTION('center_axis',(4.0638713104475E-17,1.,0.));
#4825=DIRECTION('ref_axis',(1.,-1.19028034896061E-17,0.));
#4826=DIRECTION('',(-4.62223186652937E-33,-1.,-2.91534603888521E-33));
#4827=DIRECTION('center_axis',(2.08171403103726E-81,2.91534603888521E-33,
-1.));
#4828=DIRECTION('ref_axis',(-4.62223186652937E-33,-1.,-2.91534603888521E-33));
#4829=DIRECTION('',(1.,-4.0638713104475E-17,-1.18475911274524E-49));
#4830=DIRECTION('center_axis',(0.,-1.,0.));
#4831=DIRECTION('ref_axis',(-0.461748613235034,0.,0.887010833178221));
#4832=DIRECTION('center_axis',(0.,1.,0.));
#4833=DIRECTION('ref_axis',(-0.461748613235034,0.,0.887010833178221));
#4834=DIRECTION('',(0.,1.,0.));
#4835=DIRECTION('center_axis',(-4.0638713104475E-17,-1.,0.));
#4836=DIRECTION('ref_axis',(-0.461748613235034,0.,0.887010833178221));
#4837=DIRECTION('',(0.,-1.,0.));
#4838=DIRECTION('center_axis',(-0.819152044288992,0.,0.573576436351046));
#4839=DIRECTION('ref_axis',(0.,-1.,0.));
#4840=DIRECTION('',(0.573576436351046,0.,0.819152044288992));
#4841=DIRECTION('',(-0.573576436351046,2.33094082403573E-17,-0.819152044288992));
#4842=DIRECTION('center_axis',(0.,1.,0.));
#4843=DIRECTION('ref_axis',(0.,0.,-1.));
#4844=DIRECTION('',(0.,-1.,0.));
#4845=DIRECTION('center_axis',(-4.0638713104475E-17,-1.,0.));
#4846=DIRECTION('ref_axis',(0.,0.,-1.));
#4847=DIRECTION('center_axis',(0.819152044288992,0.,0.573576436351046));
#4848=DIRECTION('ref_axis',(0.,1.,0.));
#4849=DIRECTION('',(0.573576436351046,0.,-0.819152044288992));
#4850=DIRECTION('',(-0.573576436351046,2.33094082403573E-17,0.819152044288992));
#4851=DIRECTION('',(0.,1.,0.));
#4852=DIRECTION('center_axis',(0.,1.,0.));
#4853=DIRECTION('ref_axis',(0.461748613235034,0.,0.887010833178221));
#4854=DIRECTION('center_axis',(0.,1.,0.));
#4855=DIRECTION('ref_axis',(0.461748613235034,0.,0.887010833178221));
#4856=DIRECTION('center_axis',(-4.0638713104475E-17,-1.,0.));
#4857=DIRECTION('ref_axis',(0.461748613235034,0.,0.887010833178221));
#4858=DIRECTION('',(0.,-1.,0.));
#4859=DIRECTION('center_axis',(2.9175370085886E-16,0.,-1.));
#4860=DIRECTION('ref_axis',(-1.,0.,-2.9175370085886E-16));
#4861=DIRECTION('',(1.,0.,2.9175370085886E-16));
#4862=DIRECTION('',(-1.,4.0638713104475E-17,-2.9175370085886E-16));
#4863=DIRECTION('center_axis',(0.,0.,-1.));
#4864=DIRECTION('ref_axis',(-1.,0.,0.));
#4865=DIRECTION('',(-1.,0.,0.));
#4866=DIRECTION('',(-1.,0.,0.));
#4867=DIRECTION('',(-1.,0.,0.));
#4868=DIRECTION('',(0.,-1.,0.));
#4869=DIRECTION('',(-1.,0.,0.));
#4870=DIRECTION('',(0.,1.,0.));
#4871=DIRECTION('center_axis',(0.,-1.,0.));
#4872=DIRECTION('ref_axis',(0.,0.,1.));
#4873=DIRECTION('center_axis',(-4.0638713104475E-17,-1.,0.));
#4874=DIRECTION('ref_axis',(0.,0.,1.));
#4875=DIRECTION('center_axis',(-0.819152044288992,0.,0.573576436351046));
#4876=DIRECTION('ref_axis',(0.,-1.,0.));
#4877=DIRECTION('',(0.573576436351046,-2.33094082403573E-17,0.819152044288992));
#4878=DIRECTION('center_axis',(0.819152044288992,0.,-0.573576436351046));
#4879=DIRECTION('ref_axis',(0.,1.,0.));
#4880=DIRECTION('',(-0.573576436351046,0.,-0.819152044288992));
#4881=DIRECTION('',(0.573576436351046,-2.33094082403573E-17,0.819152044288992));
#4882=DIRECTION('',(0.,1.,0.));
#4883=DIRECTION('center_axis',(0.,1.,0.));
#4884=DIRECTION('ref_axis',(-0.461748613235034,0.,0.887010833178221));
#4885=DIRECTION('center_axis',(0.,-1.,0.));
#4886=DIRECTION('ref_axis',(-0.461748613235034,0.,0.887010833178221));
#4887=DIRECTION('center_axis',(4.0638713104475E-17,1.,0.));
#4888=DIRECTION('ref_axis',(-0.461748613235034,0.,0.887010833178221));
#4889=DIRECTION('',(0.,-1.,0.));
#4890=DIRECTION('center_axis',(-3.99159302235693E-16,0.,1.));
#4891=DIRECTION('ref_axis',(1.,0.,3.99159302235693E-16));
#4892=DIRECTION('',(-1.,0.,-3.99159302235693E-16));
#4893=DIRECTION('',(1.,-4.0638713104475E-17,3.99159302235693E-16));
#4894=DIRECTION('',(0.,1.,0.));
#4895=DIRECTION('center_axis',(0.,-1.,0.));
#4896=DIRECTION('ref_axis',(0.461748613235034,0.,0.887010833178221));
#4897=DIRECTION('center_axis',(0.,-1.,0.));
#4898=DIRECTION('ref_axis',(0.461748613235034,0.,0.887010833178221));
#4899=DIRECTION('center_axis',(4.0638713104475E-17,1.,0.));
#4900=DIRECTION('ref_axis',(0.461748613235034,0.,0.887010833178221));
#4901=DIRECTION('',(0.,-1.,0.));
#4902=DIRECTION('center_axis',(-0.819152044288992,0.,-0.573576436351046));
#4903=DIRECTION('ref_axis',(0.,-1.,0.));
#4904=DIRECTION('',(-0.573576436351046,0.,0.819152044288992));
#4905=DIRECTION('',(0.573576436351046,-2.33094082403573E-17,-0.819152044288992));
#4906=DIRECTION('center_axis',(0.,0.,-1.));
#4907=DIRECTION('ref_axis',(-1.,0.,0.));
#4908=DIRECTION('',(-1.,0.,0.));
#4909=DIRECTION('',(-1.,0.,0.));
#4910=DIRECTION('center_axis',(0.,-1.,0.));
#4911=DIRECTION('ref_axis',(0.819152044288992,0.,0.573576436351046));
#4912=DIRECTION('center_axis',(0.,0.,1.));
#4913=DIRECTION('ref_axis',(0.,-1.,0.));
#4914=DIRECTION('',(1.,0.,0.));
#4915=DIRECTION('',(0.,-1.,0.));
#4916=DIRECTION('',(-1.,4.0638713104475E-17,0.));
#4917=DIRECTION('',(-1.,0.,0.));
#4918=DIRECTION('',(0.,1.,0.));
#4919=DIRECTION('center_axis',(-1.,-1.57898385724467E-14,0.));
#4920=DIRECTION('ref_axis',(1.57898385724467E-14,-1.,0.));
#4921=DIRECTION('',(0.,0.,-1.));
#4922=DIRECTION('',(0.,1.,0.));
#4923=DIRECTION('',(-3.5527136788005E-14,0.,1.));
#4924=DIRECTION('center_axis',(1.58206781009085E-14,-1.,0.));
#4925=DIRECTION('ref_axis',(0.,0.,-1.));
#4926=DIRECTION('',(1.,1.58206781009085E-14,0.));
#4927=DIRECTION('',(1.,1.58206781009085E-14,0.));
#4928=DIRECTION('center_axis',(0.,0.,-1.));
#4929=DIRECTION('ref_axis',(0.,1.,0.));
#4930=DIRECTION('',(1.,1.58206781009085E-14,0.));
#4931=DIRECTION('center_axis',(0.,0.,1.));
#4932=DIRECTION('ref_axis',(1.57898385724467E-14,-1.,0.));
#4933=DIRECTION('',(1.,1.58206781009085E-14,0.));
#4934=DIRECTION('center_axis',(-1.58206781009085E-14,1.,-5.62063394969971E-28));
#4935=DIRECTION('ref_axis',(-3.5527136788005E-14,0.,1.));
#4936=DIRECTION('center_axis',(1.,0.,0.));
#4937=DIRECTION('ref_axis',(0.,0.,-1.));
#4938=DIRECTION('',(0.,1.,0.));
#4939=DIRECTION('',(0.,0.,1.));
#4940=DIRECTION('',(0.,0.,-1.));
#4941=DIRECTION('center_axis',(0.,0.,-1.));
#4942=DIRECTION('ref_axis',(0.,1.,0.));
#4943=DIRECTION('',(-1.,4.0638713104475E-17,0.));
#4944=DIRECTION('',(1.,0.,0.));
#4945=DIRECTION('',(0.,1.,0.));
#4946=DIRECTION('center_axis',(1.,0.,0.));
#4947=DIRECTION('ref_axis',(0.,0.,-1.));
#4948=DIRECTION('',(0.,-1.,0.));
#4949=DIRECTION('',(0.,0.,1.));
#4950=DIRECTION('',(0.,-1.,0.));
#4951=DIRECTION('',(0.,0.,1.));
#4952=DIRECTION('',(0.,0.,-1.));
#4953=DIRECTION('',(0.,1.,0.));
#4954=DIRECTION('',(0.,0.,-1.));
#4955=DIRECTION('',(0.,0.,1.));
#4956=DIRECTION('',(0.,1.,0.));
#4957=DIRECTION('',(0.,0.,1.));
#4958=DIRECTION('',(0.,1.,0.));
#4959=DIRECTION('',(0.,0.,1.));
#4960=DIRECTION('center_axis',(-1.,0.,0.));
#4961=DIRECTION('ref_axis',(0.,0.,1.));
#4962=DIRECTION('',(0.,-1.,0.));
#4963=DIRECTION('',(0.,0.,1.));
#4964=DIRECTION('',(0.,1.,0.));
#4965=DIRECTION('',(0.,0.,-1.));
#4966=DIRECTION('center_axis',(0.,0.,-1.));
#4967=DIRECTION('ref_axis',(0.,-1.,0.));
#4968=DIRECTION('',(-1.,0.,0.));
#4969=DIRECTION('',(-1.,0.,0.));
#4970=DIRECTION('center_axis',(0.,-1.,0.));
#4971=DIRECTION('ref_axis',(0.,0.,1.));
#4972=DIRECTION('',(-1.,0.,0.));
#4973=DIRECTION('center_axis',(0.,1.,0.));
#4974=DIRECTION('ref_axis',(-1.,0.,0.));
#4975=DIRECTION('center_axis',(0.,0.,1.));
#4976=DIRECTION('ref_axis',(0.,1.,0.));
#4977=DIRECTION('',(-1.,0.,0.));
#4978=DIRECTION('center_axis',(0.,-1.,0.));
#4979=DIRECTION('ref_axis',(-1.,0.,0.));
#4980=DIRECTION('center_axis',(-4.0638713104475E-17,-1.,0.));
#4981=DIRECTION('ref_axis',(-1.,0.,0.));
#4982=DIRECTION('',(0.,-1.,0.));
#4983=DIRECTION('center_axis',(0.,1.,0.));
#4984=DIRECTION('ref_axis',(-1.,0.,0.));
#4985=DIRECTION('center_axis',(0.,-1.,0.));
#4986=DIRECTION('ref_axis',(-1.,0.,0.));
#4987=DIRECTION('center_axis',(-4.0638713104475E-17,-1.,0.));
#4988=DIRECTION('ref_axis',(-1.,0.,0.));
#4989=DIRECTION('',(0.,-1.,0.));
#4990=DIRECTION('center_axis',(0.,0.,1.));
#4991=DIRECTION('ref_axis',(1.,0.,0.));
#4992=DIRECTION('',(1.,0.,0.));
#4993=DIRECTION('',(0.,1.,0.));
#4994=DIRECTION('',(-1.,0.,0.));
#4995=DIRECTION('center_axis',(0.819152044288992,0.,0.573576436351046));
#4996=DIRECTION('ref_axis',(0.,1.,0.));
#4997=DIRECTION('',(0.,-1.,0.));
#4998=DIRECTION('',(0.573576436351046,-2.33094082403573E-17,-0.819152044288992));
#4999=DIRECTION('center_axis',(0.819152044288992,0.,0.573576436351046));
#5000=DIRECTION('ref_axis',(0.,1.,0.));
#5001=DIRECTION('',(-0.573576436351046,2.33094082403573E-17,0.819152044288992));
#5002=DIRECTION('',(-0.573576436351046,0.,0.819152044288992));
#5003=DIRECTION('center_axis',(-0.819152044288992,0.,0.573576436351046));
#5004=DIRECTION('ref_axis',(0.,1.,0.));
#5005=DIRECTION('',(0.,1.,0.));
#5006=DIRECTION('',(0.573576436351046,-2.33094082403573E-17,0.819152044288992));
#5007=DIRECTION('',(0.573576436351046,0.,0.819152044288992));
#5008=DIRECTION('center_axis',(0.,-1.,0.));
#5009=DIRECTION('ref_axis',(0.,0.,-1.));
#5010=DIRECTION('',(-1.,0.,0.));
#5011=DIRECTION('',(0.,0.,1.));
#5012=DIRECTION('',(-1.,0.,0.));
#5013=DIRECTION('',(0.,0.,1.));
#5014=DIRECTION('center_axis',(1.,0.,0.));
#5015=DIRECTION('ref_axis',(0.,0.,-1.));
#5016=DIRECTION('',(0.,0.,-1.));
#5017=DIRECTION('',(0.,1.,0.));
#5018=DIRECTION('',(0.,0.,1.));
#5019=DIRECTION('center_axis',(1.,0.,0.));
#5020=DIRECTION('ref_axis',(0.,0.,1.));
#5021=DIRECTION('',(0.,1.,0.));
#5022=DIRECTION('',(0.,0.,1.));
#5023=DIRECTION('',(0.,1.,0.));
#5024=DIRECTION('center_axis',(0.,0.,-1.));
#5025=DIRECTION('ref_axis',(0.,1.,0.));
#5026=DIRECTION('',(-1.,0.,0.));
#5027=DIRECTION('',(0.,-1.,0.));
#5028=DIRECTION('',(-1.,4.0638713104475E-17,0.));
#5029=DIRECTION('center_axis',(0.,0.,-1.));
#5030=DIRECTION('ref_axis',(0.,-1.,0.));
#5031=DIRECTION('',(1.,0.,0.));
#5032=DIRECTION('',(0.,1.,0.));
#5033=DIRECTION('',(-1.,0.,0.));
#5034=DIRECTION('',(0.,-1.,0.));
#5035=DIRECTION('center_axis',(0.819152044288992,0.,0.573576436351046));
#5036=DIRECTION('ref_axis',(0.,1.,0.));
#5037=DIRECTION('',(-0.573576436351046,0.,0.819152044288992));
#5038=DIRECTION('',(-0.573576436351046,0.,0.819152044288992));
#5039=DIRECTION('',(0.,-1.,0.));
#5040=DIRECTION('center_axis',(0.573576436351046,0.,-0.819152044288992));
#5041=DIRECTION('ref_axis',(0.,1.,0.));
#5042=DIRECTION('',(-0.819152044288992,0.,-0.573576436351046));
#5043=DIRECTION('',(-0.819152044288992,0.,-0.573576436351046));
#5044=DIRECTION('center_axis',(0.,0.,-1.));
#5045=DIRECTION('ref_axis',(0.,-1.,0.));
#5046=DIRECTION('',(1.,0.,0.));
#5047=DIRECTION('',(0.,1.,0.));
#5048=DIRECTION('',(1.,0.,0.));
#5049=DIRECTION('',(0.,-1.,0.));
#5050=DIRECTION('center_axis',(0.819152044288992,0.,0.573576436351046));
#5051=DIRECTION('ref_axis',(0.,1.,0.));
#5052=DIRECTION('',(0.573576436351046,0.,-0.819152044288992));
#5053=DIRECTION('',(0.,1.,0.));
#5054=DIRECTION('center_axis',(0.819152044288992,0.,0.573576436351046));
#5055=DIRECTION('ref_axis',(-0.573576436351046,0.,0.819152044288992));
#5056=DIRECTION('center_axis',(0.,-1.,0.));
#5057=DIRECTION('ref_axis',(0.,0.,1.));
#5058=DIRECTION('center_axis',(0.,-1.,0.));
#5059=DIRECTION('ref_axis',(0.,0.,1.));
#5060=DIRECTION('center_axis',(-1.,0.,0.));
#5061=DIRECTION('ref_axis',(0.,0.,1.));
#5062=DIRECTION('',(0.,0.,1.));
#5063=DIRECTION('',(0.,-1.,0.));
#5064=DIRECTION('',(0.,0.,-1.));
#5065=DIRECTION('center_axis',(-1.,0.,0.));
#5066=DIRECTION('ref_axis',(0.,0.,1.));
#5067=DIRECTION('',(0.,0.,-1.));
#5068=DIRECTION('center_axis',(0.,0.,-1.));
#5069=DIRECTION('ref_axis',(0.,1.,0.));
#5070=DIRECTION('',(1.,0.,0.));
#5071=DIRECTION('',(1.,0.,0.));
#5072=DIRECTION('',(0.,-1.,0.));
#5073=DIRECTION('center_axis',(-0.819152044288992,0.,0.573576436351046));
#5074=DIRECTION('ref_axis',(0.,1.,0.));
#5075=DIRECTION('',(0.573576436351046,0.,0.819152044288992));
#5076=DIRECTION('center_axis',(-0.819152044288992,0.,0.573576436351046));
#5077=DIRECTION('ref_axis',(0.573576436351046,0.,0.819152044288992));
#5078=DIRECTION('',(0.,1.,0.));
#5079=DIRECTION('center_axis',(0.,1.,0.));
#5080=DIRECTION('ref_axis',(0.,0.,-1.));
#5081=DIRECTION('center_axis',(0.,-1.,0.));
#5082=DIRECTION('ref_axis',(0.,0.,-1.));
#5083=DIRECTION('center_axis',(0.,0.,-1.));
#5084=DIRECTION('ref_axis',(0.,1.,0.));
#5085=DIRECTION('',(1.,0.,0.));
#5086=DIRECTION('',(0.,1.,0.));
#5087=DIRECTION('',(1.,0.,0.));
#5088=DIRECTION('',(0.,1.,0.));
#5089=DIRECTION('center_axis',(-0.819152044288992,0.,0.573576436351046));
#5090=DIRECTION('ref_axis',(0.,1.,0.));
#5091=DIRECTION('',(-0.573576436351046,0.,-0.819152044288992));
#5092=DIRECTION('',(0.,1.,0.));
#5093=DIRECTION('',(-0.573576436351046,0.,-0.819152044288992));
#5094=DIRECTION('center_axis',(-0.573576436351046,0.,-0.819152044288992));
#5095=DIRECTION('ref_axis',(0.,-1.,0.));
#5096=DIRECTION('',(-0.819152044288992,0.,0.573576436351046));
#5097=DIRECTION('',(-0.819152044288992,0.,0.573576436351046));
#5098=DIRECTION('center_axis',(0.,0.,1.));
#5099=DIRECTION('ref_axis',(1.,0.,0.));
#5100=DIRECTION('',(1.,0.,0.));
#5101=DIRECTION('',(-1.,0.,6.20858504532877E-34));
#5102=DIRECTION('center_axis',(0.,1.,0.));
#5103=DIRECTION('ref_axis',(-1.,0.,6.20858504532877E-34));
#5104=DIRECTION('center_axis',(0.,0.,-1.));
#5105=DIRECTION('ref_axis',(0.,-1.,0.));
#5106=DIRECTION('',(0.,1.,0.));
#5107=DIRECTION('',(-1.,0.,0.));
#5108=DIRECTION('',(-1.,0.,0.));
#5109=DIRECTION('center_axis',(1.,0.,0.));
#5110=DIRECTION('ref_axis',(0.,-0.707106781186547,-0.707106781186547));
#5111=DIRECTION('center_axis',(1.,0.,0.));
#5112=DIRECTION('ref_axis',(0.,-0.707106781186547,-0.707106781186547));
#5113=DIRECTION('',(1.,0.,0.));
#5114=DIRECTION('center_axis',(-1.,0.,0.));
#5115=DIRECTION('ref_axis',(0.,0.,1.));
#5116=DIRECTION('',(0.,0.,-1.));
#5117=DIRECTION('',(0.,1.,0.));
#5118=DIRECTION('',(0.,0.,1.));
#5119=DIRECTION('',(0.,1.,0.));
#5120=DIRECTION('center_axis',(0.,0.,1.));
#5121=DIRECTION('ref_axis',(1.,0.,0.));
#5122=DIRECTION('',(-1.,0.,0.));
#5123=DIRECTION('',(0.,1.,0.));
#5124=DIRECTION('',(1.,0.,0.));
#5125=DIRECTION('center_axis',(1.,0.,0.));
#5126=DIRECTION('ref_axis',(0.,0.,-1.));
#5127=DIRECTION('',(0.,0.,1.));
#5128=DIRECTION('',(0.,1.,0.));
#5129=DIRECTION('',(0.,0.,-1.));
#5130=DIRECTION('center_axis',(-1.12784561231762E-16,0.,-1.));
#5131=DIRECTION('ref_axis',(-1.,0.,1.12784561231762E-16));
#5132=DIRECTION('',(1.,0.,-1.12784561231762E-16));
#5133=DIRECTION('',(-1.,0.,1.12784561231762E-16));
#5134=DIRECTION('center_axis',(0.,0.,1.));
#5135=DIRECTION('ref_axis',(0.,1.,0.));
#5136=DIRECTION('',(0.,1.,0.));
#5137=DIRECTION('',(1.,0.,0.));
#5138=DIRECTION('',(0.,1.,0.));
#5139=DIRECTION('',(-1.,0.,0.));
#5140=DIRECTION('center_axis',(0.,0.,-1.));
#5141=DIRECTION('ref_axis',(0.,1.,0.));
#5142=DIRECTION('',(0.,1.,0.));
#5143=DIRECTION('',(1.,0.,0.));
#5144=DIRECTION('',(0.,1.,0.));
#5145=DIRECTION('',(1.,0.,0.));
#5146=DIRECTION('center_axis',(0.,-1.,0.));
#5147=DIRECTION('ref_axis',(0.,0.,-1.));
#5148=DIRECTION('',(0.,0.,-1.));
#5149=DIRECTION('center_axis',(1.,0.,0.));
#5150=DIRECTION('ref_axis',(0.,0.,-1.));
#5151=DIRECTION('center_axis',(0.,-1.,0.));
#5152=DIRECTION('ref_axis',(-0.707106781186546,0.,0.707106781186549));
#5153=DIRECTION('center_axis',(0.,1.,0.));
#5154=DIRECTION('ref_axis',(0.,0.,1.));
#5155=DIRECTION('',(0.,0.,1.));
#5156=DIRECTION('',(1.,0.,0.));
#5157=DIRECTION('',(0.,0.,1.));
#5158=DIRECTION('',(1.,0.,0.));
#5159=DIRECTION('center_axis',(0.,0.,1.));
#5160=DIRECTION('ref_axis',(0.,-1.,0.));
#5161=DIRECTION('',(0.,-1.,0.));
#5162=DIRECTION('',(1.,0.,0.));
#5163=DIRECTION('',(0.,-1.,0.));
#5164=DIRECTION('center_axis',(0.,1.,0.));
#5165=DIRECTION('ref_axis',(0.,0.,1.));
#5166=DIRECTION('',(0.,0.,1.));
#5167=DIRECTION('',(1.,0.,0.));
#5168=DIRECTION('',(0.,0.,1.));
#5169=DIRECTION('center_axis',(-1.,0.,0.));
#5170=DIRECTION('ref_axis',(0.,0.,1.));
#5171=DIRECTION('',(0.,-1.,0.));
#5172=DIRECTION('',(0.,-1.77586918365218E-17,1.));
#5173=DIRECTION('',(0.,0.,-1.));
#5174=DIRECTION('center_axis',(0.,-1.,0.));
#5175=DIRECTION('ref_axis',(0.,0.,1.));
#5176=DIRECTION('',(0.,0.,-1.));
#5177=DIRECTION('',(-1.,0.,0.));
#5178=DIRECTION('center_axis',(0.,-1.,0.));
#5179=DIRECTION('ref_axis',(-0.70710678118655,0.,0.707106781186545));
#5180=DIRECTION('',(-1.,0.,0.));
#5181=DIRECTION('center_axis',(0.,1.,1.77586918365218E-17));
#5182=DIRECTION('ref_axis',(0.,1.77586918365218E-17,-1.));
#5183=DIRECTION('',(0.,-1.77586918365218E-17,1.));
#5184=DIRECTION('',(1.,0.,0.));
#5185=DIRECTION('center_axis',(0.,1.,1.77586918365218E-17));
#5186=DIRECTION('ref_axis',(-0.70710678118655,0.,0.707106781186545));
#5187=DIRECTION('',(1.,0.,0.));
#5188=DIRECTION('center_axis',(1.,0.,0.));
#5189=DIRECTION('ref_axis',(0.,1.,0.));
#5190=DIRECTION('',(0.,0.,1.));
#5191=DIRECTION('',(0.,1.,0.));
#5192=DIRECTION('center_axis',(0.,0.,-1.));
#5193=DIRECTION('ref_axis',(0.,1.,0.));
#5194=DIRECTION('',(0.,-1.,0.));
#5195=DIRECTION('',(1.,0.,0.));
#5196=DIRECTION('',(1.,0.,0.));
#5197=DIRECTION('',(1.,0.,0.));
#5198=DIRECTION('center_axis',(-1.,0.,0.));
#5199=DIRECTION('ref_axis',(0.,0.,1.));
#5200=DIRECTION('',(0.,0.,-1.));
#5201=DIRECTION('',(0.,1.,0.));
#5202=DIRECTION('',(0.,0.,1.));
#5203=DIRECTION('center_axis',(0.,-1.,0.));
#5204=DIRECTION('ref_axis',(0.,0.,1.));
#5205=DIRECTION('',(0.,0.,-1.));
#5206=DIRECTION('',(-1.,0.,0.));
#5207=DIRECTION('',(0.,0.,-1.));
#5208=DIRECTION('',(-1.,0.,0.));
#5209=DIRECTION('center_axis',(0.,0.,-1.));
#5210=DIRECTION('ref_axis',(0.,1.,0.));
#5211=DIRECTION('',(0.,1.,0.));
#5212=DIRECTION('',(0.,1.,0.));
#5213=DIRECTION('center_axis',(0.,1.,0.));
#5214=DIRECTION('ref_axis',(-0.70710678118655,0.,0.707106781186545));
#5215=DIRECTION('center_axis',(0.,-1.,0.));
#5216=DIRECTION('ref_axis',(0.,0.,-1.));
#5217=DIRECTION('',(1.,0.,0.));
#5218=DIRECTION('',(0.,0.,1.));
#5219=DIRECTION('center_axis',(0.,0.,-1.));
#5220=DIRECTION('ref_axis',(0.,-1.,0.));
#5221=DIRECTION('center_axis',(0.,0.,1.));
#5222=DIRECTION('ref_axis',(0.,-1.,0.));
#5223=DIRECTION('',(0.,0.,-1.));
#5224=DIRECTION('center_axis',(0.,0.,-1.));
#5225=DIRECTION('ref_axis',(0.,-1.,0.));
#5226=DIRECTION('center_axis',(0.,0.,-1.));
#5227=DIRECTION('ref_axis',(0.,-1.,0.));
#5228=DIRECTION('',(0.,0.,-1.));
#5229=DIRECTION('center_axis',(-1.,0.,0.));
#5230=DIRECTION('ref_axis',(0.,0.,1.));
#5231=DIRECTION('',(0.,0.,-1.));
#5232=DIRECTION('',(0.,1.,0.));
#5233=DIRECTION('',(0.,0.,-1.));
#5234=DIRECTION('',(0.,-1.,0.));
#5235=DIRECTION('',(0.,0.,-1.));
#5236=DIRECTION('',(0.,-1.,0.));
#5237=DIRECTION('',(0.,0.,1.));
#5238=DIRECTION('',(0.,1.,0.));
#5239=DIRECTION('',(0.,1.,0.));
#5240=DIRECTION('',(0.,0.,1.));
#5241=DIRECTION('',(0.,-1.,0.));
#5242=DIRECTION('center_axis',(0.,0.,-1.));
#5243=DIRECTION('ref_axis',(0.,-1.,0.));
#5244=DIRECTION('',(1.,0.,0.));
#5245=DIRECTION('',(-1.,0.,0.));
#5246=DIRECTION('center_axis',(0.,0.,1.));
#5247=DIRECTION('ref_axis',(0.,1.,0.));
#5248=DIRECTION('',(-1.,0.,0.));
#5249=DIRECTION('',(-1.,0.,0.));
#5250=DIRECTION('center_axis',(0.,0.,1.));
#5251=DIRECTION('ref_axis',(0.,1.,0.));
#5252=DIRECTION('',(0.,-1.,0.));
#5253=DIRECTION('',(-1.,0.,0.));
#5254=DIRECTION('center_axis',(0.,0.,-1.));
#5255=DIRECTION('ref_axis',(0.,-1.,0.));
#5256=DIRECTION('',(1.,0.,0.));
#5257=DIRECTION('',(0.,-1.,0.));
#5258=DIRECTION('',(-1.,0.,0.));
#5259=DIRECTION('center_axis',(0.,0.,1.));
#5260=DIRECTION('ref_axis',(0.,1.,0.));
#5261=DIRECTION('',(-1.,0.,0.));
#5262=DIRECTION('',(1.,0.,0.));
#5263=DIRECTION('',(0.,1.,0.));
#5264=DIRECTION('center_axis',(0.,1.,0.));
#5265=DIRECTION('ref_axis',(0.,0.,-1.));
#5266=DIRECTION('',(0.,0.,1.));
#5267=DIRECTION('',(-1.,0.,0.));
#5268=DIRECTION('center_axis',(0.,0.,-1.));
#5269=DIRECTION('ref_axis',(0.,-1.,0.));
#5270=DIRECTION('',(0.,1.,0.));
#5271=DIRECTION('center_axis',(-1.,0.,0.));
#5272=DIRECTION('ref_axis',(0.,-0.707106781186548,-0.707106781186547));
#5273=DIRECTION('center_axis',(1.,0.,0.));
#5274=DIRECTION('ref_axis',(0.,-0.707106781186548,-0.707106781186547));
#5275=DIRECTION('',(1.,0.,0.));
#5276=DIRECTION('center_axis',(0.,-1.,0.));
#5277=DIRECTION('ref_axis',(0.,0.,1.));
#5278=DIRECTION('',(-1.,0.,0.));
#5279=DIRECTION('',(0.,0.,1.));
#5280=DIRECTION('center_axis',(-1.,0.,0.));
#5281=DIRECTION('ref_axis',(0.,-0.707106781186548,0.707106781186547));
#5282=DIRECTION('center_axis',(1.,0.,0.));
#5283=DIRECTION('ref_axis',(0.,-0.707106781186548,0.707106781186547));
#5284=DIRECTION('center_axis',(-1.,0.,0.));
#5285=DIRECTION('ref_axis',(0.,0.707106781186547,0.707106781186547));
#5286=DIRECTION('center_axis',(1.,0.,0.));
#5287=DIRECTION('ref_axis',(0.,0.707106781186547,0.707106781186547));
#5288=DIRECTION('',(1.,0.,0.));
#5289=DIRECTION('center_axis',(0.,1.,0.));
#5290=DIRECTION('ref_axis',(0.,0.,-1.));
#5291=DIRECTION('',(-1.,0.,0.));
#5292=DIRECTION('',(0.,0.,-1.));
#5293=DIRECTION('center_axis',(-1.,0.,0.));
#5294=DIRECTION('ref_axis',(0.,0.,1.));
#5295=DIRECTION('center_axis',(1.,0.,0.));
#5296=DIRECTION('ref_axis',(0.,0.707106781186548,-0.707106781186547));
#5297=DIRECTION('',(0.,0.,-1.));
#5298=DIRECTION('',(0.,-1.,0.));
#5299=DIRECTION('',(0.,0.,1.));
#5300=DIRECTION('',(0.,1.,0.));
#5301=DIRECTION('center_axis',(-1.,0.,0.));
#5302=DIRECTION('ref_axis',(0.,0.707106781186548,-0.707106781186547));
#5303=DIRECTION('center_axis',(0.,-1.,0.));
#5304=DIRECTION('ref_axis',(0.,0.,1.));
#5305=DIRECTION('',(-1.,0.,0.));
#5306=DIRECTION('',(1.,0.,0.));
#5307=DIRECTION('center_axis',(0.,0.,-1.));
#5308=DIRECTION('ref_axis',(-1.,0.,0.));
#5309=DIRECTION('',(-1.,0.,0.));
#5310=DIRECTION('center_axis',(0.,1.,0.));
#5311=DIRECTION('ref_axis',(0.,0.,-1.));
#5312=DIRECTION('',(1.,0.,0.));
#5313=DIRECTION('center_axis',(0.,0.,1.));
#5314=DIRECTION('ref_axis',(1.,0.,0.));
#5315=DIRECTION('center_axis',(-1.,0.,0.));
#5316=DIRECTION('ref_axis',(0.,0.707106781186548,0.707106781186547));
#5317=DIRECTION('center_axis',(1.,0.,0.));
#5318=DIRECTION('ref_axis',(0.,0.707106781186548,0.707106781186547));
#5319=DIRECTION('',(-1.,0.,0.));
#5320=DIRECTION('center_axis',(1.,0.,0.));
#5321=DIRECTION('ref_axis',(0.,0.707106781186548,0.707106781186547));
#5322=DIRECTION('center_axis',(-1.,0.,0.));
#5323=DIRECTION('ref_axis',(0.,-1.,0.));
#5324=DIRECTION('center_axis',(1.,0.,0.));
#5325=DIRECTION('ref_axis',(0.,-0.707106781186547,0.707106781186547));
#5326=DIRECTION('',(0.,0.,-1.));
#5327=DIRECTION('',(0.,1.,0.));
#5328=DIRECTION('',(0.,-1.,0.));
#5329=DIRECTION('',(0.,0.,-1.));
#5330=DIRECTION('center_axis',(0.,0.,1.));
#5331=DIRECTION('ref_axis',(0.,1.,0.));
#5332=DIRECTION('',(0.,-1.,0.));
#5333=DIRECTION('',(-1.,0.,0.));
#5334=DIRECTION('',(-1.,4.0638713104475E-17,0.));
#5335=DIRECTION('center_axis',(-1.,0.,0.));
#5336=DIRECTION('ref_axis',(0.,-0.707106781186547,0.707106781186547));
#5337=DIRECTION('center_axis',(1.,0.,0.));
#5338=DIRECTION('ref_axis',(0.,-0.707106781186547,0.707106781186547));
#5339=DIRECTION('',(1.,0.,0.));
#5340=DIRECTION('center_axis',(0.,2.50903509772724E-16,1.));
#5341=DIRECTION('ref_axis',(0.,1.,-2.50903509772724E-16));
#5342=DIRECTION('',(0.,-1.,2.50903509772724E-16));
#5343=DIRECTION('center_axis',(0.,-1.,0.));
#5344=DIRECTION('ref_axis',(0.,0.,-1.));
#5345=DIRECTION('',(0.,0.,-1.));
#5346=DIRECTION('',(1.,0.,0.));
#5347=DIRECTION('center_axis',(0.,0.,1.));
#5348=DIRECTION('ref_axis',(0.,-1.,0.));
#5349=DIRECTION('',(0.,-1.,0.));
#5350=DIRECTION('center_axis',(0.,0.,1.));
#5351=DIRECTION('ref_axis',(1.,0.,0.));
#5352=DIRECTION('',(0.,1.,0.));
#5353=DIRECTION('',(-1.,0.,0.));
#5354=DIRECTION('center_axis',(0.,-1.,0.));
#5355=DIRECTION('ref_axis',(0.,0.,-1.));
#5356=DIRECTION('',(0.,0.,-1.));
#5357=DIRECTION('center_axis',(1.,0.,0.));
#5358=DIRECTION('ref_axis',(0.,1.,0.));
#5359=DIRECTION('',(0.,0.,-1.));
#5360=DIRECTION('',(0.,0.,1.));
#5361=DIRECTION('',(-1.,0.,0.));
#5362=DIRECTION('center_axis',(-4.0638713104475E-17,-1.,0.));
#5363=DIRECTION('ref_axis',(0.,0.,-1.));
#5364=DIRECTION('center_axis',(0.,1.,0.));
#5365=DIRECTION('ref_axis',(0.,0.,1.));
#5366=DIRECTION('',(-1.,0.,0.));
#5367=DIRECTION('',(1.1842378929335E-14,0.,1.));
#5368=DIRECTION('',(1.,0.,0.));
#5369=DIRECTION('',(0.,0.,-1.));
#5370=DIRECTION('center_axis',(0.,0.,-1.));
#5371=DIRECTION('ref_axis',(-1.,0.,0.));
#5372=DIRECTION('',(1.,0.,0.));
#5373=DIRECTION('',(0.,1.,0.));
#5374=DIRECTION('',(0.,1.,0.));
#5375=DIRECTION('center_axis',(-1.,0.,1.1842378929335E-14));
#5376=DIRECTION('ref_axis',(1.1842378929335E-14,0.,1.));
#5377=DIRECTION('',(-1.1842378929335E-14,0.,-1.));
#5378=DIRECTION('',(0.,1.,0.));
#5379=DIRECTION('center_axis',(0.,0.,1.));
#5380=DIRECTION('ref_axis',(1.,0.,0.));
#5381=DIRECTION('',(-1.,0.,0.));
#5382=DIRECTION('',(0.,1.,0.));
#5383=DIRECTION('center_axis',(1.,0.,0.));
#5384=DIRECTION('ref_axis',(0.,0.,-1.));
#5385=DIRECTION('',(0.,0.,1.));
#5386=DIRECTION('center_axis',(0.,1.,0.));
#5387=DIRECTION('ref_axis',(0.,0.,1.));
#5388=DIRECTION('center_axis',(0.,-1.,0.));
#5389=DIRECTION('ref_axis',(-1.,0.,0.));
#5390=DIRECTION('center_axis',(0.,-1.,0.));
#5391=DIRECTION('ref_axis',(-1.,0.,0.));
#5392=DIRECTION('',(1.,0.,0.));
#5393=DIRECTION('',(1.,0.,0.));
#5394=DIRECTION('center_axis',(0.,-1.,0.));
#5395=DIRECTION('ref_axis',(-1.,0.,0.));
#5396=DIRECTION('center_axis',(0.,-1.,0.));
#5397=DIRECTION('ref_axis',(-1.,0.,0.));
#5398=DIRECTION('',(1.,0.,0.));
#5399=DIRECTION('',(1.,0.,0.));
#5400=DIRECTION('center_axis',(0.,-1.,0.));
#5401=DIRECTION('ref_axis',(-1.,0.,0.));
#5402=DIRECTION('center_axis',(0.,-1.,0.));
#5403=DIRECTION('ref_axis',(-1.,0.,0.));
#5404=DIRECTION('center_axis',(0.,-1.,0.));
#5405=DIRECTION('ref_axis',(0.,0.,-1.));
#5406=DIRECTION('center_axis',(0.,1.,0.));
#5407=DIRECTION('ref_axis',(-1.,0.,0.));
#5408=DIRECTION('center_axis',(0.,1.,0.));
#5409=DIRECTION('ref_axis',(-1.,0.,0.));
#5410=DIRECTION('',(1.,0.,0.));
#5411=DIRECTION('center_axis',(0.,-1.,0.));
#5412=DIRECTION('ref_axis',(0.707106781186546,0.,0.707106781186549));
#5413=DIRECTION('',(0.,0.,1.));
#5414=DIRECTION('center_axis',(0.,-1.,0.));
#5415=DIRECTION('ref_axis',(-0.707106781186546,0.,0.707106781186549));
#5416=DIRECTION('center_axis',(1.,0.,0.));
#5417=DIRECTION('ref_axis',(0.,0.,1.));
#5418=DIRECTION('center_axis',(1.,0.,0.));
#5419=DIRECTION('ref_axis',(0.,0.,1.));
#5420=DIRECTION('center_axis',(0.,-1.,0.));
#5421=DIRECTION('ref_axis',(-1.,0.,0.));
#5422=DIRECTION('',(0.,-1.,0.));
#5423=DIRECTION('center_axis',(0.,1.,0.));
#5424=DIRECTION('ref_axis',(-1.,0.,0.));
#5425=DIRECTION('center_axis',(0.,-1.,0.));
#5426=DIRECTION('ref_axis',(-1.,0.,0.));
#5427=DIRECTION('',(0.,-1.,0.));
#5428=DIRECTION('center_axis',(0.,-1.,0.));
#5429=DIRECTION('ref_axis',(-1.,0.,0.));
#5430=DIRECTION('',(0.,-1.,0.));
#5431=DIRECTION('center_axis',(0.,1.,0.));
#5432=DIRECTION('ref_axis',(-1.,0.,0.));
#5433=DIRECTION('center_axis',(0.,-1.,0.));
#5434=DIRECTION('ref_axis',(-1.,0.,0.));
#5435=DIRECTION('',(0.,-1.,0.));
#5436=DIRECTION('center_axis',(-1.,0.,0.));
#5437=DIRECTION('ref_axis',(0.,0.,1.));
#5438=DIRECTION('',(0.,1.,0.));
#5439=DIRECTION('',(0.,0.,1.));
#5440=DIRECTION('center_axis',(0.,-1.,0.));
#5441=DIRECTION('ref_axis',(-0.707106781186546,0.,0.707106781186549));
#5442=DIRECTION('center_axis',(0.,-1.,0.));
#5443=DIRECTION('ref_axis',(-0.707106781186546,0.,0.707106781186549));
#5444=DIRECTION('',(0.,-1.,0.));
#5445=DIRECTION('center_axis',(0.,0.,-1.));
#5446=DIRECTION('ref_axis',(-1.,0.,0.));
#5447=DIRECTION('',(0.,1.,0.));
#5448=DIRECTION('',(-1.,0.,0.));
#5449=DIRECTION('center_axis',(0.,1.,0.));
#5450=DIRECTION('ref_axis',(0.,0.,1.));
#5451=DIRECTION('center_axis',(0.,-1.,0.));
#5452=DIRECTION('ref_axis',(0.707106781186546,0.,0.707106781186549));
#5453=DIRECTION('center_axis',(0.,1.,0.));
#5454=DIRECTION('ref_axis',(0.707106781186546,0.,0.707106781186549));
#5455=DIRECTION('center_axis',(0.,1.,0.));
#5456=DIRECTION('ref_axis',(0.,0.,-1.));
#5457=DIRECTION('',(-1.,0.,0.));
#5458=DIRECTION('',(0.,0.,-1.));
#5459=DIRECTION('',(1.,0.,0.));
#5460=DIRECTION('center_axis',(0.,0.,-1.));
#5461=DIRECTION('ref_axis',(0.,-1.,0.));
#5462=DIRECTION('',(0.,-1.,0.));
#5463=DIRECTION('',(-1.,0.,0.));
#5464=DIRECTION('',(-1.,0.,0.));
#5465=DIRECTION('center_axis',(0.,-1.,0.));
#5466=DIRECTION('ref_axis',(0.,0.,1.));
#5467=DIRECTION('',(0.,0.,1.));
#5468=DIRECTION('',(-1.,0.,0.));
#5469=DIRECTION('center_axis',(0.,1.,0.));
#5470=DIRECTION('ref_axis',(0.,0.,-1.));
#5471=DIRECTION('',(-1.,0.,0.));
#5472=DIRECTION('center_axis',(-1.,0.,0.));
#5473=DIRECTION('ref_axis',(0.,0.,1.));
#5474=DIRECTION('',(0.,1.,0.));
#5475=DIRECTION('center_axis',(0.,0.,1.));
#5476=DIRECTION('ref_axis',(0.,1.,0.));
#5477=CARTESIAN_POINT('',(0.,0.,0.));
#5478=CARTESIAN_POINT('Origin',(38.1851239932915,15.75,40.8));
#5479=CARTESIAN_POINT('',(40.4026414067662,10.5,40.8));
#5480=CARTESIAN_POINT('',(35.9676065798167,10.5,40.8));
#5481=CARTESIAN_POINT('',(-11.704681103492,10.5,40.8));
#5482=CARTESIAN_POINT('',(35.9676065798167,21.,40.8));
#5483=CARTESIAN_POINT('',(35.9676065798167,23.5,40.8));
#5484=CARTESIAN_POINT('',(40.4026414067662,21.,40.8));
#5485=CARTESIAN_POINT('',(40.6329951302236,21.,40.8));
#5486=CARTESIAN_POINT('',(40.4026414067662,8.50000000000001,40.8));
#5487=CARTESIAN_POINT('Origin',(40.4026414067662,21.,42.5));
#5488=CARTESIAN_POINT('',(40.4026414067662,10.5,42.5));
#5489=CARTESIAN_POINT('',(40.4026414067662,21.,42.5));
#5490=CARTESIAN_POINT('',(40.4026414067662,8.50000000000001,42.5));
#5491=CARTESIAN_POINT('',(40.4026414067662,10.5,42.5));
#5492=CARTESIAN_POINT('',(40.4026414067662,21.,42.5));
#5493=CARTESIAN_POINT('Origin',(35.9676065798167,21.,42.5));
#5494=CARTESIAN_POINT('',(35.9676065798167,21.,42.5));
#5495=CARTESIAN_POINT('',(40.6329951302236,21.,42.5));
#5496=CARTESIAN_POINT('',(35.9676065798167,21.,42.5));
#5497=CARTESIAN_POINT('Origin',(35.9676065798167,10.5,42.5));
#5498=CARTESIAN_POINT('',(35.9676065798167,10.5,42.5));
#5499=CARTESIAN_POINT('',(35.9676065798167,23.5,42.5));
#5500=CARTESIAN_POINT('',(35.9676065798167,10.5,42.5));
#5501=CARTESIAN_POINT('Origin',(40.4026414067662,10.5,42.5));
#5502=CARTESIAN_POINT('',(-11.704681103492,10.5,42.5));
#5503=CARTESIAN_POINT('Origin',(38.1851239932915,15.75,42.5));
#5504=CARTESIAN_POINT('Origin',(-38.1577554635099,15.75,40.8));
#5505=CARTESIAN_POINT('',(-36.0122530917779,10.5,40.8));
#5506=CARTESIAN_POINT('',(-40.303257835242,10.5,40.8));
#5507=CARTESIAN_POINT('',(-52.3910791179529,10.5,40.8));
#5508=CARTESIAN_POINT('',(-40.303257835242,21.,40.8));
#5509=CARTESIAN_POINT('',(-40.303257835242,10.5,40.8));
#5510=CARTESIAN_POINT('',(-36.0122530917779,21.,40.8));
#5511=CARTESIAN_POINT('',(2.06151560659966,21.,40.8));
#5512=CARTESIAN_POINT('',(-36.0122530917779,21.,40.8));
#5513=CARTESIAN_POINT('Origin',(-36.0122530917779,21.,42.5));
#5514=CARTESIAN_POINT('',(-36.0122530917779,21.,42.5));
#5515=CARTESIAN_POINT('',(-36.0122530917779,10.5,42.5));
#5516=CARTESIAN_POINT('',(-36.0122530917779,21.,42.5));
#5517=CARTESIAN_POINT('',(-36.0122530917779,10.5,42.5));
#5518=CARTESIAN_POINT('',(-36.0122530917779,21.,42.5));
#5519=CARTESIAN_POINT('Origin',(-40.303257835242,21.,42.5));
#5520=CARTESIAN_POINT('',(-40.303257835242,21.,42.5));
#5521=CARTESIAN_POINT('',(2.06151560659966,21.,42.5));
#5522=CARTESIAN_POINT('',(-40.303257835242,21.,42.5));
#5523=CARTESIAN_POINT('Origin',(-40.303257835242,10.5,42.5));
#5524=CARTESIAN_POINT('',(-40.303257835242,10.5,42.5));
#5525=CARTESIAN_POINT('',(-40.303257835242,10.5,42.5));
#5526=CARTESIAN_POINT('',(-40.303257835242,10.5,42.5));
#5527=CARTESIAN_POINT('Origin',(-36.0122530917779,10.5,42.5));
#5528=CARTESIAN_POINT('',(-52.3910791179529,10.5,42.5));
#5529=CARTESIAN_POINT('Origin',(-38.1577554635099,15.75,42.5));
#5530=CARTESIAN_POINT('Origin',(52.,18.,-34.5));
#5531=CARTESIAN_POINT('',(52.,32.5,-42.5));
#5532=CARTESIAN_POINT('',(60.,32.5,-34.5));
#5533=CARTESIAN_POINT('Origin',(52.,32.5,-34.5));
#5534=CARTESIAN_POINT('',(60.,2.00000000000001,-34.5));
#5535=CARTESIAN_POINT('',(60.,18.,-34.5));
#5536=CARTESIAN_POINT('',(52.,2.00000000000001,-42.5));
#5537=CARTESIAN_POINT('Origin',(52.,2.00000000000001,-34.5));
#5538=CARTESIAN_POINT('',(52.,18.,-42.5));
#5539=CARTESIAN_POINT('',(58.4120547810647,19.2500000000001,-39.2838847691625));
#5540=CARTESIAN_POINT('',(59.9615026639872,19.2500000000001,-35.2838847691625));
#5541=CARTESIAN_POINT('Origin',(52.,19.25,-34.5));
#5542=CARTESIAN_POINT('',(59.9615026639872,28.2500000000001,-35.2838847691625));
#5543=CARTESIAN_POINT('',(59.9615026639872,18.,-35.2838847691625));
#5544=CARTESIAN_POINT('',(58.4120547810647,28.2500000000001,-39.2838847691625));
#5545=CARTESIAN_POINT('Origin',(52.,28.25,-34.5));
#5546=CARTESIAN_POINT('',(58.4120547810647,18.,-39.2838847691625));
#5547=CARTESIAN_POINT('Origin',(60.,18.,-42.5));
#5548=CARTESIAN_POINT('',(-52.,32.5,-42.5));
#5549=CARTESIAN_POINT('',(4.9155809415711,32.5,-42.5));
#5550=CARTESIAN_POINT('',(-52.,2.00000000000001,-42.5));
#5551=CARTESIAN_POINT('',(60.,2.00000000000001,-42.5));
#5552=CARTESIAN_POINT('',(-52.,18.,-42.5));
#5553=CARTESIAN_POINT('',(27.8785994434575,30.75,-42.5));
#5554=CARTESIAN_POINT('Origin',(27.3035994434575,30.75,-42.5));
#5555=CARTESIAN_POINT('',(51.2052624852315,16.75,-42.5));
#5556=CARTESIAN_POINT('Origin',(50.6302624852315,16.75,-42.5));
#5557=CARTESIAN_POINT('',(28.2052624852315,16.75,-42.5));
#5558=CARTESIAN_POINT('Origin',(27.6302624852315,16.75,-42.5));
#5559=CARTESIAN_POINT('',(50.8785994434575,30.75,-42.5));
#5560=CARTESIAN_POINT('Origin',(50.3035994434575,30.75,-42.5));
#5561=CARTESIAN_POINT('',(-29.326627311276,28.5384521009437,-42.5));
#5562=CARTESIAN_POINT('Origin',(-31.126627311276,28.5384521009437,-42.5));
#5563=CARTESIAN_POINT('',(-8.32662731127598,28.5384521009437,-42.5));
#5564=CARTESIAN_POINT('Origin',(-10.126627311276,28.5384521009437,-42.5));
#5565=CARTESIAN_POINT('',(-29.326627311276,7.5384521009437,-42.5));
#5566=CARTESIAN_POINT('Origin',(-31.126627311276,7.5384521009437,-42.5));
#5567=CARTESIAN_POINT('Origin',(-52.,18.,-34.5));
#5568=CARTESIAN_POINT('',(-60.,32.5,-34.5));
#5569=CARTESIAN_POINT('Origin',(-52.,32.5,-34.5));
#5570=CARTESIAN_POINT('',(-60.,2.00000000000001,-34.5));
#5571=CARTESIAN_POINT('Origin',(-52.,2.00000000000001,-34.5));
#5572=CARTESIAN_POINT('',(-60.,18.,-34.5));
#5573=CARTESIAN_POINT('Origin',(52.,2.00000000000001,-34.5));
#5574=CARTESIAN_POINT('',(-50.,2.00000000000001,-34.5));
#5575=CARTESIAN_POINT('',(-50.,4.,-34.5));
#5576=CARTESIAN_POINT('',(-50.,2.00000000000001,-34.5));
#5577=CARTESIAN_POINT('',(50.,2.00000000000001,-34.5));
#5578=CARTESIAN_POINT('',(26.,2.00000000000001,-34.5));
#5579=CARTESIAN_POINT('',(50.,4.,-34.5));
#5580=CARTESIAN_POINT('',(50.,2.00000000000001,-34.5));
#5581=CARTESIAN_POINT('',(52.,4.,-34.5));
#5582=CARTESIAN_POINT('Origin',(52.,2.00000000000001,34.5));
#5583=CARTESIAN_POINT('',(52.,4.,30.));
#5584=CARTESIAN_POINT('',(52.,2.00000000000001,30.));
#5585=CARTESIAN_POINT('',(52.,2.00000000000001,30.));
#5586=CARTESIAN_POINT('',(52.,4.,-32.5));
#5587=CARTESIAN_POINT('',(52.,4.,34.5));
#5588=CARTESIAN_POINT('',(52.,2.00000000000001,-32.5));
#5589=CARTESIAN_POINT('',(52.,2.00000000000001,-32.5));
#5590=CARTESIAN_POINT('',(52.,2.00000000000001,17.25));
#5591=CARTESIAN_POINT('Origin',(50.,2.00000000000001,-32.5));
#5592=CARTESIAN_POINT('Origin',(50.,4.,-32.5));
#5593=CARTESIAN_POINT('Origin',(50.,2.00000000000001,-32.5));
#5594=CARTESIAN_POINT('Origin',(-50.,2.00000000000001,-32.5));
#5595=CARTESIAN_POINT('',(-52.,4.,-32.5));
#5596=CARTESIAN_POINT('Origin',(-50.,4.,-32.5));
#5597=CARTESIAN_POINT('',(-52.,2.00000000000001,-32.5));
#5598=CARTESIAN_POINT('',(-52.,2.00000000000001,-32.5));
#5599=CARTESIAN_POINT('Origin',(-50.,2.00000000000001,-32.5));
#5600=CARTESIAN_POINT('Origin',(29.4670330033804,-4.60518147706576,42.4991808479557));
#5601=CARTESIAN_POINT('',(29.4658631330211,35.,42.5));
#5602=CARTESIAN_POINT('',(29.4670330033804,35.,42.4991808479557));
#5603=CARTESIAN_POINT('',(27.1771813490175,35.,44.1025522377226));
#5604=CARTESIAN_POINT('',(29.4670330033804,2.00000000000001,42.4991808479557));
#5605=CARTESIAN_POINT('',(29.4670330033804,18.,42.4991808479557));
#5606=CARTESIAN_POINT('',(29.4658631330211,2.00000000000001,42.5));
#5607=CARTESIAN_POINT('',(29.5647366978031,2.00000000000001,42.43076798461));
#5608=CARTESIAN_POINT('',(29.4658631330211,18.,42.5));
#5609=CARTESIAN_POINT('Origin',(-60.,18.,-42.5));
#5610=CARTESIAN_POINT('',(-60.,32.5,34.5));
#5611=CARTESIAN_POINT('',(-60.,32.5,-0.425));
#5612=CARTESIAN_POINT('',(-60.,2.00000000000001,34.5));
#5613=CARTESIAN_POINT('',(-60.,2.00000000000001,-42.5));
#5614=CARTESIAN_POINT('',(-60.,18.,34.5));
#5615=CARTESIAN_POINT('',(-60.,12.6740062993204,-29.1227246372587));
#5616=CARTESIAN_POINT('',(-60.,25.3736076421765,-29.1227246372587));
#5617=CARTESIAN_POINT('',(-60.,21.6868038210882,-29.1227246372587));
#5618=CARTESIAN_POINT('',(-60.,25.3736076421765,28.3944379356015));
#5619=CARTESIAN_POINT('',(-60.,25.3736076421765,-4.55278103219923));
#5620=CARTESIAN_POINT('',(-60.,20.3736076421765,33.3944379356015));
#5621=CARTESIAN_POINT('Origin',(-60.,20.3736076421765,28.3944379356015));
#5622=CARTESIAN_POINT('',(-60.,12.6740062993204,33.3944379356015));
#5623=CARTESIAN_POINT('',(-60.,12.8370031496602,33.3944379356015));
#5624=CARTESIAN_POINT('',(-60.,7.67400629932036,28.3944379356015));
#5625=CARTESIAN_POINT('Origin',(-60.,12.6740062993204,28.3944379356015));
#5626=CARTESIAN_POINT('',(-60.,7.67400629932036,-24.1227246372587));
#5627=CARTESIAN_POINT('',(-60.,7.67400629932036,-35.8113623186293));
#5628=CARTESIAN_POINT('Origin',(-60.,12.6740062993204,-24.1227246372587));
#5629=CARTESIAN_POINT('Origin',(-60.,18.,39.));
#5630=CARTESIAN_POINT('',(-32.4676065798167,35.,39.));
#5631=CARTESIAN_POINT('',(-31.2895912567478,35.,39.));
#5632=CARTESIAN_POINT('',(-30.,35.,39.));
#5633=CARTESIAN_POINT('',(-31.2895912567478,5.50000000000001,39.));
#5634=CARTESIAN_POINT('',(-31.2895912567478,18.,39.));
#5635=CARTESIAN_POINT('',(-52.,5.50000000000001,39.));
#5636=CARTESIAN_POINT('',(-30.,5.50000000000001,39.));
#5637=CARTESIAN_POINT('',(-52.,35.,39.));
#5638=CARTESIAN_POINT('',(-52.,18.,39.));
#5639=CARTESIAN_POINT('',(-44.6753524674312,35.,39.));
#5640=CARTESIAN_POINT('',(-30.,35.,39.));
#5641=CARTESIAN_POINT('',(-44.6753524674312,7.00000000000001,39.));
#5642=CARTESIAN_POINT('',(-44.6753524674312,18.,39.));
#5643=CARTESIAN_POINT('',(-32.4676065798167,7.00000000000001,39.));
#5644=CARTESIAN_POINT('',(-52.3910791179529,7.00000000000001,39.));
#5645=CARTESIAN_POINT('',(-32.4676065798167,12.5,39.));
#5646=CARTESIAN_POINT('Origin',(-52.,18.,34.5));
#5647=CARTESIAN_POINT('',(-56.5,35.,34.5));
#5648=CARTESIAN_POINT('Origin',(-52.,35.,34.5));
#5649=CARTESIAN_POINT('',(-56.5,5.50000000000001,34.5));
#5650=CARTESIAN_POINT('Origin',(-52.,5.50000000000001,34.5));
#5651=CARTESIAN_POINT('',(-56.5,18.,34.5));
#5652=CARTESIAN_POINT('Origin',(-44.6753524674312,23.5,42.5));
#5653=CARTESIAN_POINT('',(-41.8083203124198,35.,40.4924824727713));
#5654=CARTESIAN_POINT('Origin',(-44.6753524674312,35.,42.5));
#5655=CARTESIAN_POINT('',(-41.8083203124198,9.86703215501149,40.4924824727713));
#5656=CARTESIAN_POINT('',(-41.8083203124198,23.5,40.4924824727713));
#5657=CARTESIAN_POINT('Origin',(-44.6753524674312,7.00000000000001,42.5));
#5658=CARTESIAN_POINT('Origin',(-52.3910791179529,7.00000000000001,42.5));
#5659=CARTESIAN_POINT('',(-35.9676065798167,10.5,42.5));
#5660=CARTESIAN_POINT('',(-36.0122530917779,10.5,42.5));
#5661=CARTESIAN_POINT('',(-52.3910791179529,10.5,42.5));
#5662=CARTESIAN_POINT('Origin',(-32.4676065798167,7.00000000000001,42.5));
#5663=CARTESIAN_POINT('',(-40.4026414067662,10.5,42.5));
#5664=CARTESIAN_POINT('Origin',(-40.4026414067661,7.00000000000001,42.5));
#5665=CARTESIAN_POINT('',(-40.303257835242,10.5,42.5));
#5666=CARTESIAN_POINT('',(-52.3910791179529,10.5,42.5));
#5667=CARTESIAN_POINT('',(-52.3910791179529,10.5,42.5));
#5668=CARTESIAN_POINT('Origin',(-11.704681103492,7.00000000000001,42.5));
#5669=CARTESIAN_POINT('',(41.8083203124198,9.86703215501148,40.4924824727713));
#5670=CARTESIAN_POINT('',(40.4026414067662,10.5,42.5));
#5671=CARTESIAN_POINT('Origin',(40.4026414067662,7.00000000000001,42.5));
#5672=CARTESIAN_POINT('',(44.6753524674313,7.00000000000001,39.));
#5673=CARTESIAN_POINT('Origin',(44.6753524674313,7.00000000000001,42.5));
#5674=CARTESIAN_POINT('',(32.4676065798167,7.00000000000001,39.));
#5675=CARTESIAN_POINT('',(-11.704681103492,7.00000000000001,39.));
#5676=CARTESIAN_POINT('',(35.9676065798167,10.5,42.5));
#5677=CARTESIAN_POINT('Origin',(32.4676065798167,7.00000000000001,42.5));
#5678=CARTESIAN_POINT('',(-11.704681103492,10.5,42.5));
#5679=CARTESIAN_POINT('Ctrl Pts',(-51.8438017054955,7.5,-33.2748517734456));
#5680=CARTESIAN_POINT('Ctrl Pts',(-51.3289370791911,7.5,-34.5));
#5681=CARTESIAN_POINT('Ctrl Pts',(-50.,7.5,-34.5));
#5682=CARTESIAN_POINT('Ctrl Pts',(-53.8845162355696,7.5,-34.1324555320337));
#5683=CARTESIAN_POINT('Ctrl Pts',(-52.7998008922445,7.5,-36.7135943621179));
#5684=CARTESIAN_POINT('Ctrl Pts',(-50.,7.5,-36.7135943621179));
#5685=CARTESIAN_POINT('Ctrl Pts',(-54.75910817703,5.5,-34.5));
#5686=CARTESIAN_POINT('Ctrl Pts',(-53.4301710978388,5.5,-37.6622776601684));
#5687=CARTESIAN_POINT('Ctrl Pts',(-50.,5.5,-37.6622776601684));
#5688=CARTESIAN_POINT('',(-51.6,7.45470675743869,-34.5));
#5689=CARTESIAN_POINT('',(-51.6,7.50000000000001,-33.7));
#5690=CARTESIAN_POINT('Ctrl Pts',(-51.6,7.45470675743869,-34.5));
#5691=CARTESIAN_POINT('Ctrl Pts',(-51.6,7.48936079137554,-34.2268313905706));
#5692=CARTESIAN_POINT('Ctrl Pts',(-51.6,7.5,-33.9528166869693));
#5693=CARTESIAN_POINT('Ctrl Pts',(-51.6,7.5,-33.7));
#5694=CARTESIAN_POINT('',(-50.,7.50000000000001,-34.5));
#5695=CARTESIAN_POINT('Origin',(-50.,7.50000000000001,-32.5));
#5696=CARTESIAN_POINT('',(-50.,5.50000000000001,-37.6622776601684));
#5697=CARTESIAN_POINT('Origin',(-50.,4.,-34.5));
#5698=CARTESIAN_POINT('',(-54.75910817703,5.50000000000001,-34.5));
#5699=CARTESIAN_POINT('Origin',(-50.,5.50000000000001,-32.5));
#5700=CARTESIAN_POINT('',(-51.8,7.43116587148727,-34.5));
#5701=CARTESIAN_POINT('Ctrl Pts',(-54.75910817703,5.50000000000001,-34.5));
#5702=CARTESIAN_POINT('Ctrl Pts',(-54.611617841366,5.78665302003333,-34.5));
#5703=CARTESIAN_POINT('Ctrl Pts',(-54.4074221130946,6.06696787074976,-34.5));
#5704=CARTESIAN_POINT('Ctrl Pts',(-53.8941952756784,6.60444500811151,-34.5));
#5705=CARTESIAN_POINT('Ctrl Pts',(-53.4583812546109,6.90519020039497,-34.5));
#5706=CARTESIAN_POINT('Ctrl Pts',(-52.6752633482876,7.25600556451152,-34.5));
#5707=CARTESIAN_POINT('Ctrl Pts',(-52.2454821422956,7.37117338487625,-34.5));
#5708=CARTESIAN_POINT('Ctrl Pts',(-51.8,7.43116587148727,-34.5));
#5709=CARTESIAN_POINT('Ctrl Pts',(-51.8,7.43116587148727,-34.5));
#5710=CARTESIAN_POINT('Ctrl Pts',(-51.7336269780747,7.44010423792473,-34.5));
#5711=CARTESIAN_POINT('Ctrl Pts',(-51.6669176820717,7.44791544234482,-34.5));
#5712=CARTESIAN_POINT('Ctrl Pts',(-51.6,7.45470675743869,-34.5));
#5713=CARTESIAN_POINT('Ctrl Pts',(50.,7.5,-34.5));
#5714=CARTESIAN_POINT('Ctrl Pts',(52.,7.5,-34.5));
#5715=CARTESIAN_POINT('Ctrl Pts',(52.,7.5,-32.5));
#5716=CARTESIAN_POINT('Ctrl Pts',(50.,7.5,-36.7135943621179));
#5717=CARTESIAN_POINT('Ctrl Pts',(54.2135943621178,7.5,-36.7135943621179));
#5718=CARTESIAN_POINT('Ctrl Pts',(54.2135943621178,7.5,-32.5));
#5719=CARTESIAN_POINT('Ctrl Pts',(50.,5.5,-37.6622776601684));
#5720=CARTESIAN_POINT('Ctrl Pts',(55.1622776601683,5.5,-37.6622776601684));
#5721=CARTESIAN_POINT('Ctrl Pts',(55.1622776601684,5.5,-32.5));
#5722=CARTESIAN_POINT('',(50.,5.50000000000001,-37.6622776601684));
#5723=CARTESIAN_POINT('',(55.1622776601684,5.50000000000001,-32.5));
#5724=CARTESIAN_POINT('Origin',(50.,5.50000000000001,-32.5));
#5725=CARTESIAN_POINT('',(50.,7.50000000000001,-34.5));
#5726=CARTESIAN_POINT('Origin',(50.,4.,-34.5));
#5727=CARTESIAN_POINT('',(52.,7.50000000000001,-32.5));
#5728=CARTESIAN_POINT('Origin',(50.,7.50000000000001,-32.5));
#5729=CARTESIAN_POINT('Origin',(52.,4.,-32.5));
#5730=CARTESIAN_POINT('Origin',(52.,4.,-34.5));
#5731=CARTESIAN_POINT('',(52.,5.50000000000001,-37.6622776601684));
#5732=CARTESIAN_POINT('',(52.,7.50000000000001,-34.5));
#5733=CARTESIAN_POINT('Ctrl Pts',(52.,7.5,32.5));
#5734=CARTESIAN_POINT('Ctrl Pts',(52.,7.5,34.5));
#5735=CARTESIAN_POINT('Ctrl Pts',(50.,7.5,34.5));
#5736=CARTESIAN_POINT('Ctrl Pts',(54.2135943621178,7.5,32.5));
#5737=CARTESIAN_POINT('Ctrl Pts',(54.2135943621178,7.5,36.7135943621179));
#5738=CARTESIAN_POINT('Ctrl Pts',(50.,7.5,36.7135943621179));
#5739=CARTESIAN_POINT('Ctrl Pts',(55.1622776601684,5.5,32.5));
#5740=CARTESIAN_POINT('Ctrl Pts',(55.1622776601684,5.5,37.6622776601684));
#5741=CARTESIAN_POINT('Ctrl Pts',(50.,5.5,37.6622776601684));
#5742=CARTESIAN_POINT('',(52.,7.50000000000001,32.5));
#5743=CARTESIAN_POINT('',(55.1622776601684,5.50000000000001,32.5));
#5744=CARTESIAN_POINT('Origin',(52.,4.,32.5));
#5745=CARTESIAN_POINT('',(50.,7.50000000000001,34.5));
#5746=CARTESIAN_POINT('Origin',(50.,7.50000000000001,32.5));
#5747=CARTESIAN_POINT('',(50.,5.50000000000001,37.6622776601684));
#5748=CARTESIAN_POINT('Origin',(50.,4.,34.5));
#5749=CARTESIAN_POINT('Origin',(50.,5.50000000000001,32.5));
#5750=CARTESIAN_POINT('Origin',(0.,5.50000000000001,0.));
#5751=CARTESIAN_POINT('',(-30.6567198137036,5.50000000000001,38.0961659100925));
#5752=CARTESIAN_POINT('',(-30.6567198137036,5.50000000000001,37.6622776601684));
#5753=CARTESIAN_POINT('',(-30.6567198137036,5.50000000000001,18.793043867133));
#5754=CARTESIAN_POINT('',(-50.,5.50000000000001,37.6622776601684));
#5755=CARTESIAN_POINT('',(-52.,5.50000000000001,37.6622776601684));
#5756=CARTESIAN_POINT('',(-54.75910817703,5.50000000000001,34.5));
#5757=CARTESIAN_POINT('Origin',(-50.,5.50000000000001,32.5));
#5758=CARTESIAN_POINT('',(-28.25,5.50000000000001,34.5));
#5759=CARTESIAN_POINT('',(-16.6429104900795,5.50000000000001,18.0823720576947));
#5760=CARTESIAN_POINT('Origin',(27.3035994434575,30.75,-39.));
#5761=CARTESIAN_POINT('',(27.8785994434575,30.75,-39.));
#5762=CARTESIAN_POINT('Origin',(27.3035994434575,30.75,-39.));
#5763=CARTESIAN_POINT('',(27.8785994434575,30.75,-39.));
#5764=CARTESIAN_POINT('Origin',(50.6302624852315,16.75,-39.));
#5765=CARTESIAN_POINT('',(51.2052624852315,16.75,-39.));
#5766=CARTESIAN_POINT('Origin',(50.6302624852315,16.75,-39.));
#5767=CARTESIAN_POINT('',(51.2052624852315,16.75,-39.));
#5768=CARTESIAN_POINT('Origin',(27.6302624852315,16.75,-39.));
#5769=CARTESIAN_POINT('',(28.2052624852315,16.75,-39.));
#5770=CARTESIAN_POINT('Origin',(27.6302624852315,16.75,-39.));
#5771=CARTESIAN_POINT('',(28.2052624852315,16.75,-39.));
#5772=CARTESIAN_POINT('Origin',(50.3035994434575,30.75,-39.));
#5773=CARTESIAN_POINT('',(50.8785994434575,30.75,-39.));
#5774=CARTESIAN_POINT('Origin',(50.3035994434575,30.75,-39.));
#5775=CARTESIAN_POINT('',(50.8785994434575,30.75,-39.));
#5776=CARTESIAN_POINT('Origin',(-31.126627311276,28.5384521009437,-39.));
#5777=CARTESIAN_POINT('',(-29.326627311276,28.5384521009437,-39.));
#5778=CARTESIAN_POINT('Origin',(-31.126627311276,28.5384521009437,-39.));
#5779=CARTESIAN_POINT('',(-29.326627311276,28.5384521009437,-39.));
#5780=CARTESIAN_POINT('Origin',(-10.126627311276,28.5384521009437,-39.));
#5781=CARTESIAN_POINT('',(-8.32662731127598,28.5384521009437,-39.));
#5782=CARTESIAN_POINT('Origin',(-10.126627311276,28.5384521009437,-39.));
#5783=CARTESIAN_POINT('',(-8.32662731127598,28.5384521009437,-39.));
#5784=CARTESIAN_POINT('Origin',(-31.126627311276,7.5384521009437,-39.));
#5785=CARTESIAN_POINT('',(-29.326627311276,7.5384521009437,-39.));
#5786=CARTESIAN_POINT('Origin',(-31.126627311276,7.5384521009437,-39.));
#5787=CARTESIAN_POINT('',(-29.326627311276,7.5384521009437,-39.));
#5788=CARTESIAN_POINT('Origin',(52.,18.,34.5));
#5789=CARTESIAN_POINT('',(60.,32.5,34.5));
#5790=CARTESIAN_POINT('',(52.,32.5,42.5));
#5791=CARTESIAN_POINT('Origin',(52.,32.5,34.5));
#5792=CARTESIAN_POINT('',(52.,2.00000000000001,42.5));
#5793=CARTESIAN_POINT('',(52.,18.,42.5));
#5794=CARTESIAN_POINT('',(60.,2.00000000000001,34.5));
#5795=CARTESIAN_POINT('Origin',(52.,2.00000000000001,34.5));
#5796=CARTESIAN_POINT('',(60.,18.,34.5));
#5797=CARTESIAN_POINT('Origin',(60.,18.,42.5));
#5798=CARTESIAN_POINT('',(60.,32.5,42.075));
#5799=CARTESIAN_POINT('',(60.,2.00000000000001,42.5));
#5800=CARTESIAN_POINT('',(60.,27.9963736159955,-0.231931402321707));
#5801=CARTESIAN_POINT('',(60.,27.9963736159955,-12.5319314023217));
#5802=CARTESIAN_POINT('',(60.,27.9963736159955,21.1340342988391));
#5803=CARTESIAN_POINT('',(60.,20.6963736159955,-12.5319314023217));
#5804=CARTESIAN_POINT('',(60.,22.9981868079978,-12.5319314023217));
#5805=CARTESIAN_POINT('',(60.,20.6963736159955,-0.231931402321708));
#5806=CARTESIAN_POINT('',(60.,20.6963736159955,14.9840342988391));
#5807=CARTESIAN_POINT('',(60.,19.3481868079978,-0.231931402321708));
#5808=CARTESIAN_POINT('',(60.,17.8350831849725,24.364191117124));
#5809=CARTESIAN_POINT('',(60.,17.8350831849725,-25.6121018642008));
#5810=CARTESIAN_POINT('',(60.,17.8350831849725,34.932095558562));
#5811=CARTESIAN_POINT('',(60.,14.8350831849725,-28.6121018642008));
#5812=CARTESIAN_POINT('Origin',(60.,14.8350831849725,-25.6121018642008));
#5813=CARTESIAN_POINT('',(60.,9.96700365318861,-28.6121018642008));
#5814=CARTESIAN_POINT('',(60.,17.9175415924863,-28.6121018642008));
#5815=CARTESIAN_POINT('',(60.,6.96700365318861,-25.6121018642008));
#5816=CARTESIAN_POINT('Origin',(60.,9.96700365318861,-25.6121018642008));
#5817=CARTESIAN_POINT('',(60.,6.96700365318861,24.364191117124));
#5818=CARTESIAN_POINT('',(60.,6.96700365318861,6.94394906789962));
#5819=CARTESIAN_POINT('',(60.,9.96700365318861,27.364191117124));
#5820=CARTESIAN_POINT('Origin',(60.,9.96700365318861,24.364191117124));
#5821=CARTESIAN_POINT('',(60.,14.8350831849725,27.364191117124));
#5822=CARTESIAN_POINT('',(60.,12.4835018265943,27.364191117124));
#5823=CARTESIAN_POINT('Origin',(60.,14.8350831849725,24.364191117124));
#5824=CARTESIAN_POINT('Origin',(-52.,18.,-34.5));
#5825=CARTESIAN_POINT('',(-52.,35.,-39.));
#5826=CARTESIAN_POINT('',(-56.5,35.,-34.5));
#5827=CARTESIAN_POINT('Origin',(-52.,35.,-34.5));
#5828=CARTESIAN_POINT('',(-56.5,5.50000000000001,-34.5));
#5829=CARTESIAN_POINT('',(-56.5,18.,-34.5));
#5830=CARTESIAN_POINT('',(-52.,5.50000000000001,-39.));
#5831=CARTESIAN_POINT('Origin',(-52.,5.50000000000001,-34.5));
#5832=CARTESIAN_POINT('',(-52.,18.,-39.));
#5833=CARTESIAN_POINT('Origin',(60.,18.,-39.));
#5834=CARTESIAN_POINT('',(52.,35.,-39.));
#5835=CARTESIAN_POINT('',(30.,35.,-39.));
#5836=CARTESIAN_POINT('',(52.,5.50000000000001,-39.));
#5837=CARTESIAN_POINT('',(30.,5.50000000000001,-39.));
#5838=CARTESIAN_POINT('',(52.,18.,-39.));
#5839=CARTESIAN_POINT('Origin',(52.,18.,-34.5));
#5840=CARTESIAN_POINT('',(56.5,35.,-34.5));
#5841=CARTESIAN_POINT('Origin',(52.,35.,-34.5));
#5842=CARTESIAN_POINT('',(56.5,5.50000000000001,-34.5));
#5843=CARTESIAN_POINT('Origin',(52.,5.50000000000001,-34.5));
#5844=CARTESIAN_POINT('',(56.5,18.,-34.5));
#5845=CARTESIAN_POINT('',(56.4311990102765,19.2500000000001,-35.2838847691625));
#5846=CARTESIAN_POINT('',(52.8000000000001,19.25,-38.9283179650969));
#5847=CARTESIAN_POINT('Origin',(52.,19.25,-34.5));
#5848=CARTESIAN_POINT('',(52.8000000000001,28.25,-38.9283179650969));
#5849=CARTESIAN_POINT('',(52.8000000000002,18.,-38.9283179650969));
#5850=CARTESIAN_POINT('',(56.4311990102765,28.2500000000001,-35.2838847691625));
#5851=CARTESIAN_POINT('Origin',(52.,28.25,-34.5));
#5852=CARTESIAN_POINT('',(56.4311990102765,18.,-35.2838847691625));
#5853=CARTESIAN_POINT('Origin',(52.,18.,34.5));
#5854=CARTESIAN_POINT('',(52.,35.,39.));
#5855=CARTESIAN_POINT('',(56.5,35.,34.5));
#5856=CARTESIAN_POINT('Origin',(52.,35.,34.5));
#5857=CARTESIAN_POINT('',(56.5,30.,34.5));
#5858=CARTESIAN_POINT('',(56.5,18.,34.5));
#5859=CARTESIAN_POINT('',(56.5,5.50000000000001,34.5));
#5860=CARTESIAN_POINT('',(56.5,18.,34.5));
#5861=CARTESIAN_POINT('',(52.,5.50000000000001,39.));
#5862=CARTESIAN_POINT('Origin',(52.,5.50000000000001,34.5));
#5863=CARTESIAN_POINT('',(52.,18.,39.));
#5864=CARTESIAN_POINT('Origin',(-60.,18.,39.));
#5865=CARTESIAN_POINT('',(31.2895912567478,35.,39.));
#5866=CARTESIAN_POINT('',(32.4676065798167,35.,39.));
#5867=CARTESIAN_POINT('',(-30.,35.,39.));
#5868=CARTESIAN_POINT('',(32.4676065798167,18.,39.));
#5869=CARTESIAN_POINT('',(44.6753524674313,35.,39.));
#5870=CARTESIAN_POINT('',(44.6753524674313,12.5,39.));
#5871=CARTESIAN_POINT('',(-30.,35.,39.));
#5872=CARTESIAN_POINT('',(31.2895912567478,5.50000000000001,39.));
#5873=CARTESIAN_POINT('',(-30.,5.50000000000001,39.));
#5874=CARTESIAN_POINT('',(31.2895912567478,18.,39.));
#5875=CARTESIAN_POINT('Origin',(44.6753524674313,12.5,42.5));
#5876=CARTESIAN_POINT('',(41.8083203124198,35.,40.4924824727713));
#5877=CARTESIAN_POINT('Origin',(44.6753524674313,35.,42.5));
#5878=CARTESIAN_POINT('',(41.8083203124198,18.,40.4924824727713));
#5879=CARTESIAN_POINT('Origin',(41.9151260808944,7.00000000000001,40.3399480274158));
#5880=CARTESIAN_POINT('',(40.4026414067662,21.,42.5));
#5881=CARTESIAN_POINT('',(40.4026414067662,8.50000000000001,42.5));
#5882=CARTESIAN_POINT('',(40.4026414067662,35.,42.5));
#5883=CARTESIAN_POINT('',(40.4026414067662,8.50000000000001,42.5));
#5884=CARTESIAN_POINT('',(42.1095314403728,35.,40.0623084007767));
#5885=CARTESIAN_POINT('Origin',(27.7463036943272,16.6587792560944,40.0417247150887));
#5886=CARTESIAN_POINT('',(27.0771594765632,35.,39.086087734266));
#5887=CARTESIAN_POINT('',(27.0771594765632,2.00000000000001,39.086087734266));
#5888=CARTESIAN_POINT('',(27.0771594765632,25.8293896280472,39.086087734266));
#5889=CARTESIAN_POINT('',(13.7754481527409,2.00000000000001,20.0892752208901));
#5890=CARTESIAN_POINT('',(16.1630035015265,35.,23.4990576332448));
#5891=CARTESIAN_POINT('Origin',(-52.,18.,34.5));
#5892=CARTESIAN_POINT('',(-52.,32.5,42.5));
#5893=CARTESIAN_POINT('Origin',(-52.,32.5,34.5));
#5894=CARTESIAN_POINT('',(-52.,2.00000000000001,42.5));
#5895=CARTESIAN_POINT('Origin',(-52.,2.00000000000001,34.5));
#5896=CARTESIAN_POINT('',(-52.,18.,42.5));
#5897=CARTESIAN_POINT('Origin',(-60.,18.,42.5));
#5898=CARTESIAN_POINT('',(-48.3376762337156,35.,42.5));
#5899=CARTESIAN_POINT('',(-48.3376762337156,32.5,42.5));
#5900=CARTESIAN_POINT('',(-48.3376762337156,26.5,42.5));
#5901=CARTESIAN_POINT('',(-55.0844190584289,32.5,42.5));
#5902=CARTESIAN_POINT('',(-29.4676065798167,2.00000000000001,42.5));
#5903=CARTESIAN_POINT('',(-60.,2.00000000000001,42.5));
#5904=CARTESIAN_POINT('',(-29.4676065798167,35.,42.5));
#5905=CARTESIAN_POINT('',(-29.4676065798167,23.7679735554418,42.5));
#5906=CARTESIAN_POINT('',(-32.4676065798167,35.,42.5));
#5907=CARTESIAN_POINT('',(-30.,35.,42.5));
#5908=CARTESIAN_POINT('',(-32.4676065798167,21.,42.5));
#5909=CARTESIAN_POINT('',(-32.4676065798167,18.,42.5));
#5910=CARTESIAN_POINT('',(-35.9676065798167,21.,42.5));
#5911=CARTESIAN_POINT('',(-52.3910791179529,21.,42.5));
#5912=CARTESIAN_POINT('',(-35.9676065798167,12.5,42.5));
#5913=CARTESIAN_POINT('',(-40.4026414067661,21.,42.5));
#5914=CARTESIAN_POINT('',(-40.4026414067661,19.5,42.5));
#5915=CARTESIAN_POINT('',(-44.6753524674312,21.,42.5));
#5916=CARTESIAN_POINT('',(-52.3910791179529,21.,42.5));
#5917=CARTESIAN_POINT('',(-44.6753524674312,35.,42.5));
#5918=CARTESIAN_POINT('',(-44.6753524674312,23.5,42.5));
#5919=CARTESIAN_POINT('',(-30.,35.,42.5));
#5920=CARTESIAN_POINT('Origin',(-60.,18.,42.5));
#5921=CARTESIAN_POINT('',(48.2704340273114,32.5,42.5));
#5922=CARTESIAN_POINT('',(-55.0844190584289,32.5,42.5));
#5923=CARTESIAN_POINT('',(48.2704340273114,35.,42.5));
#5924=CARTESIAN_POINT('',(48.2704340273114,26.5,42.5));
#5925=CARTESIAN_POINT('',(44.6753524674313,35.,42.5));
#5926=CARTESIAN_POINT('',(-30.,35.,42.5));
#5927=CARTESIAN_POINT('',(44.6753524674313,21.,42.5));
#5928=CARTESIAN_POINT('',(44.6753524674313,12.5,42.5));
#5929=CARTESIAN_POINT('',(-11.704681103492,21.,42.5));
#5930=CARTESIAN_POINT('',(35.9676065798167,21.,42.5));
#5931=CARTESIAN_POINT('',(35.9676065798167,23.5,42.5));
#5932=CARTESIAN_POINT('',(32.4676065798167,21.,42.5));
#5933=CARTESIAN_POINT('',(-11.704681103492,21.,42.5));
#5934=CARTESIAN_POINT('',(32.4676065798167,35.,42.5));
#5935=CARTESIAN_POINT('',(32.4676065798167,18.,42.5));
#5936=CARTESIAN_POINT('',(-30.,35.,42.5));
#5937=CARTESIAN_POINT('',(-60.,2.00000000000001,42.5));
#5938=CARTESIAN_POINT('Origin',(-50.1688381168578,32.5,41.65));
#5939=CARTESIAN_POINT('',(-52.,32.5,40.8));
#5940=CARTESIAN_POINT('',(-48.3376762337156,32.5,40.8));
#5941=CARTESIAN_POINT('',(-52.,32.5,40.8));
#5942=CARTESIAN_POINT('',(-58.3,32.5,34.5));
#5943=CARTESIAN_POINT('Origin',(-52.,32.5,34.5));
#5944=CARTESIAN_POINT('',(-58.3,32.5,-34.5));
#5945=CARTESIAN_POINT('',(-58.3,32.5,34.5));
#5946=CARTESIAN_POINT('',(-52.,32.5,-40.8));
#5947=CARTESIAN_POINT('Origin',(-52.,32.5,-34.5));
#5948=CARTESIAN_POINT('',(52.,32.5,-40.8));
#5949=CARTESIAN_POINT('',(-52.,32.5,-40.8));
#5950=CARTESIAN_POINT('',(58.3,32.5,-34.5));
#5951=CARTESIAN_POINT('Origin',(52.,32.5,-34.5));
#5952=CARTESIAN_POINT('',(58.3,32.5,34.5));
#5953=CARTESIAN_POINT('',(58.3,32.5,-34.5));
#5954=CARTESIAN_POINT('',(52.,32.5,40.8));
#5955=CARTESIAN_POINT('Origin',(52.,32.5,34.5));
#5956=CARTESIAN_POINT('',(48.2704340273114,32.5,40.8));
#5957=CARTESIAN_POINT('',(52.,32.5,40.8));
#5958=CARTESIAN_POINT('',(48.2704340273114,32.5,42.5));
#5959=CARTESIAN_POINT('',(-48.3376762337156,32.5,40.8));
#5960=CARTESIAN_POINT('Origin',(-52.,35.,40.8));
#5961=CARTESIAN_POINT('',(-52.,35.,40.8));
#5962=CARTESIAN_POINT('',(-48.3376762337156,35.,40.8));
#5963=CARTESIAN_POINT('',(-26.,35.,40.8));
#5964=CARTESIAN_POINT('',(-52.,35.,40.8));
#5965=CARTESIAN_POINT('',(-48.3376762337156,35.,40.8));
#5966=CARTESIAN_POINT('Origin',(-48.3376762337156,35.,40.8));
#5967=CARTESIAN_POINT('',(-48.3376762337156,35.,25.4815666654673));
#5968=CARTESIAN_POINT('Origin',(48.2704340273114,35.,42.5));
#5969=CARTESIAN_POINT('',(48.2704340273114,35.,40.8));
#5970=CARTESIAN_POINT('',(48.2704340273114,35.,26.3315666654673));
#5971=CARTESIAN_POINT('',(48.2704340273114,35.,40.8));
#5972=CARTESIAN_POINT('Origin',(-52.,33.75,34.5));
#5973=CARTESIAN_POINT('',(-58.3,35.,34.5));
#5974=CARTESIAN_POINT('Origin',(-52.,35.,34.5));
#5975=CARTESIAN_POINT('',(-58.3,35.,34.5));
#5976=CARTESIAN_POINT('Origin',(-58.3,35.,34.5));
#5977=CARTESIAN_POINT('',(-58.3,35.,-34.5));
#5978=CARTESIAN_POINT('',(-58.3,35.,22.3315666654673));
#5979=CARTESIAN_POINT('',(-58.3,35.,-34.5));
#5980=CARTESIAN_POINT('Origin',(-52.,33.75,-34.5));
#5981=CARTESIAN_POINT('',(-52.,35.,-40.8));
#5982=CARTESIAN_POINT('Origin',(-52.,35.,-34.5));
#5983=CARTESIAN_POINT('',(-52.,35.,-40.8));
#5984=CARTESIAN_POINT('Origin',(-52.,35.,-40.8));
#5985=CARTESIAN_POINT('',(52.,35.,-40.8));
#5986=CARTESIAN_POINT('',(-26.,35.,-40.8));
#5987=CARTESIAN_POINT('',(52.,35.,-40.8));
#5988=CARTESIAN_POINT('Origin',(52.,33.75,-34.5));
#5989=CARTESIAN_POINT('',(58.3,35.,-34.5));
#5990=CARTESIAN_POINT('Origin',(52.,35.,-34.5));
#5991=CARTESIAN_POINT('',(58.3,35.,-34.5));
#5992=CARTESIAN_POINT('Origin',(58.3,35.,-34.5));
#5993=CARTESIAN_POINT('',(58.3,35.,34.5));
#5994=CARTESIAN_POINT('',(58.3,35.,-12.1684333345327));
#5995=CARTESIAN_POINT('',(58.3,35.,34.5));
#5996=CARTESIAN_POINT('Origin',(52.,33.75,34.5));
#5997=CARTESIAN_POINT('',(52.,35.,40.8));
#5998=CARTESIAN_POINT('Origin',(52.,35.,34.5));
#5999=CARTESIAN_POINT('',(52.,35.,40.8));
#6000=CARTESIAN_POINT('Origin',(52.,35.,40.8));
#6001=CARTESIAN_POINT('',(26.,35.,40.8));
#6002=CARTESIAN_POINT('Origin',(-27.3193450238192,18.,56.8262666618692));
#6003=CARTESIAN_POINT('',(-32.2342572895532,21.,60.2677252799755));
#6004=CARTESIAN_POINT('',(-27.3193450238192,21.,62.8262666618692));
#6005=CARTESIAN_POINT('Origin',(-27.3193450238192,21.,56.8262666618692));
#6006=CARTESIAN_POINT('',(-27.3193450238192,35.,62.8262666618692));
#6007=CARTESIAN_POINT('',(-27.3193450238192,18.,62.8262666618692));
#6008=CARTESIAN_POINT('',(-32.2342572895532,35.,60.2677252799755));
#6009=CARTESIAN_POINT('Origin',(-27.3193450238192,35.,56.8262666618692));
#6010=CARTESIAN_POINT('',(-32.2342572895532,18.,60.2677252799755));
#6011=CARTESIAN_POINT('Origin',(-44.7821582359059,29.,42.3474655546444));
#6012=CARTESIAN_POINT('',(-32.7442069305703,21.,59.539441716618));
#6013=CARTESIAN_POINT('',(-44.9765635953843,35.,42.0698259280053));
#6014=CARTESIAN_POINT('Origin',(32.4676065798167,23.5,42.5));
#6015=CARTESIAN_POINT('',(35.9676065798167,35.,42.5));
#6016=CARTESIAN_POINT('',(35.9676065798167,23.5,42.5));
#6017=CARTESIAN_POINT('Origin',(32.4676065798167,35.,42.5));
#6018=CARTESIAN_POINT('Origin',(44.7821582359059,7.00000000000001,42.3474655546444));
#6019=CARTESIAN_POINT('',(32.2342572895532,21.,60.2677252799755));
#6020=CARTESIAN_POINT('',(44.7821582359059,21.,42.3474655546444));
#6021=CARTESIAN_POINT('',(32.2342572895532,35.,60.2677252799755));
#6022=CARTESIAN_POINT('',(44.9765635953843,35.,42.0698259280053));
#6023=CARTESIAN_POINT('',(32.2342572895532,18.,60.2677252799755));
#6024=CARTESIAN_POINT('Origin',(27.3193450238193,7.00000000000001,56.8262666618692));
#6025=CARTESIAN_POINT('',(27.3193450238193,21.,62.8262666618692));
#6026=CARTESIAN_POINT('Origin',(27.3193450238193,21.,56.8262666618692));
#6027=CARTESIAN_POINT('',(27.3193450238193,35.,62.8262666618692));
#6028=CARTESIAN_POINT('Origin',(27.3193450238193,35.,56.8262666618692));
#6029=CARTESIAN_POINT('',(27.3193450238193,7.00000000000001,62.8262666618692));
#6030=CARTESIAN_POINT('Origin',(-30.4427473271297,7.00000000000001,62.8262666618692));
#6031=CARTESIAN_POINT('',(3.07394523294314,21.,62.8262666618692));
#6032=CARTESIAN_POINT('',(-15.2213736635649,35.,62.8262666618692));
#6033=CARTESIAN_POINT('Origin',(-32.4676065798167,10.,42.5));
#6034=CARTESIAN_POINT('',(-36.0122530917779,21.,42.5));
#6035=CARTESIAN_POINT('',(2.06151560659966,21.,42.5));
#6036=CARTESIAN_POINT('',(-40.303257835242,21.,42.5));
#6037=CARTESIAN_POINT('',(2.06151560659966,21.,42.5));
#6038=CARTESIAN_POINT('',(2.06151560659966,21.,42.5));
#6039=CARTESIAN_POINT('',(-40.4026414067661,35.,42.5));
#6040=CARTESIAN_POINT('',(-40.4026414067661,19.5,42.5));
#6041=CARTESIAN_POINT('',(-35.9676065798167,35.,42.5));
#6042=CARTESIAN_POINT('',(-52.3910791179529,35.,42.5));
#6043=CARTESIAN_POINT('',(-35.9676065798167,12.5,42.5));
#6044=CARTESIAN_POINT('Origin',(-32.4676065798167,12.5,42.5));
#6045=CARTESIAN_POINT('Origin',(-32.4676065798167,35.,42.5));
#6046=CARTESIAN_POINT('Origin',(-41.9151260808944,29.,40.3399480274157));
#6047=CARTESIAN_POINT('',(-42.1095314403728,35.,40.0623084007767));
#6048=CARTESIAN_POINT('Origin',(-36.5906377930159,7.00000000000001,36.6117011911339));
#6049=CARTESIAN_POINT('',(-24.0427368466633,21.,54.531960916465));
#6050=CARTESIAN_POINT('',(-24.5526864876804,21.,53.8036773531075));
#6051=CARTESIAN_POINT('',(-24.0427368466633,35.,54.531960916465));
#6052=CARTESIAN_POINT('',(-36.7850431524943,35.,36.3340615644949));
#6053=CARTESIAN_POINT('',(-24.0427368466633,18.,54.531960916465));
#6054=CARTESIAN_POINT('Origin',(-19.1278245809293,18.,51.0905022983587));
#6055=CARTESIAN_POINT('',(-19.1278245809293,21.,57.0905022983587));
#6056=CARTESIAN_POINT('Origin',(-19.1278245809293,21.,51.0905022983587));
#6057=CARTESIAN_POINT('',(-19.1278245809293,35.,57.0905022983587));
#6058=CARTESIAN_POINT('Origin',(-19.1278245809293,35.,51.0905022983587));
#6059=CARTESIAN_POINT('',(-19.1278245809293,18.,57.0905022983587));
#6060=CARTESIAN_POINT('Origin',(-22.2512268842398,29.,57.0905022983587));
#6061=CARTESIAN_POINT('',(19.1278245809293,21.,57.0905022983588));
#6062=CARTESIAN_POINT('',(7.1697054543881,21.,57.0905022983588));
#6063=CARTESIAN_POINT('',(19.1278245809293,35.,57.0905022983588));
#6064=CARTESIAN_POINT('',(-11.1256134421199,35.,57.0905022983587));
#6065=CARTESIAN_POINT('',(19.1278245809293,29.,57.0905022983588));
#6066=CARTESIAN_POINT('Origin',(19.1278245809293,29.,51.0905022983588));
#6067=CARTESIAN_POINT('',(24.0427368466633,21.,54.531960916465));
#6068=CARTESIAN_POINT('Origin',(19.1278245809293,21.,51.0905022983588));
#6069=CARTESIAN_POINT('',(24.0427368466633,35.,54.531960916465));
#6070=CARTESIAN_POINT('Origin',(19.1278245809293,35.,51.0905022983588));
#6071=CARTESIAN_POINT('',(24.0427368466633,29.,54.531960916465));
#6072=CARTESIAN_POINT('Origin',(36.590637793016,29.,36.611701191134));
#6073=CARTESIAN_POINT('',(36.590637793016,21.,36.611701191134));
#6074=CARTESIAN_POINT('',(36.7850431524944,35.,36.3340615644949));
#6075=CARTESIAN_POINT('Origin',(44.6753524674313,10.,42.5));
#6076=CARTESIAN_POINT('',(40.6329951302236,21.,42.5));
#6077=CARTESIAN_POINT('',(-11.704681103492,35.,42.5));
#6078=CARTESIAN_POINT('Origin',(36.590637793016,21.,36.611701191134));
#6079=CARTESIAN_POINT('Origin',(-56.5,36.,34.5));
#6080=CARTESIAN_POINT('',(-52.6,30.,34.5));
#6081=CARTESIAN_POINT('',(-47.1,30.,34.5));
#6082=CARTESIAN_POINT('',(-52.1,30.,34.5));
#6083=CARTESIAN_POINT('',(-47.1,35.,34.5));
#6084=CARTESIAN_POINT('',(-47.1,30.,34.5));
#6085=CARTESIAN_POINT('',(-28.25,35.,34.5));
#6086=CARTESIAN_POINT('',(-51.8,7.43116587148727,34.5));
#6087=CARTESIAN_POINT('Ctrl Pts',(-51.8,7.43116587148727,34.5));
#6088=CARTESIAN_POINT('Ctrl Pts',(-52.2454821422956,7.37117338487625,34.5));
#6089=CARTESIAN_POINT('Ctrl Pts',(-52.6752633482876,7.25600556451152,34.5));
#6090=CARTESIAN_POINT('Ctrl Pts',(-53.4583812546109,6.90519020039497,34.5));
#6091=CARTESIAN_POINT('Ctrl Pts',(-53.8941952756784,6.6044450081115,34.5));
#6092=CARTESIAN_POINT('Ctrl Pts',(-54.4074221130946,6.06696787074976,34.5));
#6093=CARTESIAN_POINT('Ctrl Pts',(-54.611617841366,5.78665302003332,34.5));
#6094=CARTESIAN_POINT('Ctrl Pts',(-54.75910817703,5.50000000000001,34.5));
#6095=CARTESIAN_POINT('',(-51.6,7.45470675743869,34.5));
#6096=CARTESIAN_POINT('Ctrl Pts',(-51.6,7.45470675743869,34.5));
#6097=CARTESIAN_POINT('Ctrl Pts',(-51.6669158336344,7.44791562993829,34.5));
#6098=CARTESIAN_POINT('Ctrl Pts',(-51.7336279115064,7.44010411222074,34.5));
#6099=CARTESIAN_POINT('Ctrl Pts',(-51.8,7.43116587148727,34.5));
#6100=CARTESIAN_POINT('',(-52.6,7.45470675743869,34.5));
#6101=CARTESIAN_POINT('',(-51.6,7.45470675743869,34.5));
#6102=CARTESIAN_POINT('',(-52.6,28.6073822221829,34.5));
#6103=CARTESIAN_POINT('Origin',(52.8000000000001,23.75,-37.2838847691625));
#6104=CARTESIAN_POINT('',(52.8000000000001,19.25,-39.2838847691625));
#6105=CARTESIAN_POINT('',(52.8000000000001,19.25,-35.2838847691625));
#6106=CARTESIAN_POINT('',(52.8000000000001,28.25,-39.2838847691625));
#6107=CARTESIAN_POINT('',(52.8000000000001,19.25,-39.2838847691625));
#6108=CARTESIAN_POINT('',(52.8000000000001,28.25,-39.2838847691625));
#6109=CARTESIAN_POINT('Origin',(52.8000000000001,19.25,-35.2838847691625));
#6110=CARTESIAN_POINT('',(52.8000000000001,19.25,-35.2838847691625));
#6111=CARTESIAN_POINT('',(52.8000000000001,19.25,-39.2838847691625));
#6112=CARTESIAN_POINT('Origin',(52.8000000000001,19.25,-39.2838847691625));
#6113=CARTESIAN_POINT('',(52.8000000000001,28.25,-39.2838847691625));
#6114=CARTESIAN_POINT('Origin',(52.8,28.25,-35.2838847691625));
#6115=CARTESIAN_POINT('',(52.8,28.25,-35.2838847691625));
#6116=CARTESIAN_POINT('Origin',(52.8000000000001,28.25,-39.2838847691625));
#6117=CARTESIAN_POINT('Origin',(-47.1,32.5,31.5));
#6118=CARTESIAN_POINT('',(-47.1,30.,28.5));
#6119=CARTESIAN_POINT('',(-47.1,35.,28.5));
#6120=CARTESIAN_POINT('',(-47.1,35.,28.5));
#6121=CARTESIAN_POINT('',(-47.1,35.,34.5));
#6122=CARTESIAN_POINT('',(-47.1,30.,28.5));
#6123=CARTESIAN_POINT('Origin',(-52.1,30.,28.5));
#6124=CARTESIAN_POINT('',(-52.6,35.,28.5));
#6125=CARTESIAN_POINT('',(-25.8,35.,28.5));
#6126=CARTESIAN_POINT('',(-52.6,30.,28.5));
#6127=CARTESIAN_POINT('',(-52.1,30.,28.5));
#6128=CARTESIAN_POINT('',(-52.6,25.6073822221829,28.5));
#6129=CARTESIAN_POINT('Origin',(56.5,18.,42.5));
#6130=CARTESIAN_POINT('',(56.5,27.9963736159955,-0.231931402321707));
#6131=CARTESIAN_POINT('',(56.5,21.9277317714827,-0.231931402321708));
#6132=CARTESIAN_POINT('',(56.5,19.3481868079978,-0.231931402321708));
#6133=CARTESIAN_POINT('',(56.5,21.9277317714827,31.5526304792321));
#6134=CARTESIAN_POINT('',(56.5,21.9277317714827,37.026315239616));
#6135=CARTESIAN_POINT('',(56.5,5.50000000000001,31.5526304792321));
#6136=CARTESIAN_POINT('',(56.5,11.5400813577311,31.5526304792321));
#6137=CARTESIAN_POINT('',(56.5,5.50000000000001,21.25));
#6138=CARTESIAN_POINT('',(56.5,30.,28.5));
#6139=CARTESIAN_POINT('',(56.5,30.,35.5));
#6140=CARTESIAN_POINT('',(56.5,35.,28.5));
#6141=CARTESIAN_POINT('',(56.5,26.5,28.5));
#6142=CARTESIAN_POINT('',(56.5,35.,26.3315666654673));
#6143=CARTESIAN_POINT('',(56.5,5.50000000000001,-31.0238647683998));
#6144=CARTESIAN_POINT('',(56.5,5.50000000000001,21.25));
#6145=CARTESIAN_POINT('',(56.5,21.9277317714827,-31.0238647683998));
#6146=CARTESIAN_POINT('',(56.5,19.9638658857414,-31.0238647683998));
#6147=CARTESIAN_POINT('',(56.5,21.9277317714827,-12.5319314023217));
#6148=CARTESIAN_POINT('',(56.5,21.9277317714827,37.026315239616));
#6149=CARTESIAN_POINT('',(56.5,27.9963736159955,-12.5319314023217));
#6150=CARTESIAN_POINT('',(56.5,22.9981868079978,-12.5319314023217));
#6151=CARTESIAN_POINT('',(56.5,27.9963736159955,21.1340342988391));
#6152=CARTESIAN_POINT('Origin',(48.5,32.5,31.5));
#6153=CARTESIAN_POINT('',(48.5,35.,28.5));
#6154=CARTESIAN_POINT('',(48.5,30.,28.5));
#6155=CARTESIAN_POINT('',(48.5,30.,28.5));
#6156=CARTESIAN_POINT('',(48.5,30.,34.5));
#6157=CARTESIAN_POINT('',(48.5,30.,34.5));
#6158=CARTESIAN_POINT('',(48.5,35.,34.5));
#6159=CARTESIAN_POINT('',(48.5,35.,34.5));
#6160=CARTESIAN_POINT('',(48.5,35.,28.5));
#6161=CARTESIAN_POINT('Origin',(56.5,35.,28.5));
#6162=CARTESIAN_POINT('',(56.5,30.,28.5));
#6163=CARTESIAN_POINT('',(56.5,35.,28.5));
#6164=CARTESIAN_POINT('Origin',(56.5,30.,28.5));
#6165=CARTESIAN_POINT('',(56.5,30.,34.5));
#6166=CARTESIAN_POINT('',(53.925,30.,31.5));
#6167=CARTESIAN_POINT('Origin',(52.3,30.,31.5));
#6168=CARTESIAN_POINT('Origin',(56.5,30.,34.5));
#6169=CARTESIAN_POINT('',(56.5,35.,34.5));
#6170=CARTESIAN_POINT('Origin',(-50.,35.,31.5));
#6171=CARTESIAN_POINT('',(-48.375,35.,31.5));
#6172=CARTESIAN_POINT('Origin',(-50.,35.,31.5));
#6173=CARTESIAN_POINT('',(-48.375,30.,31.5));
#6174=CARTESIAN_POINT('',(-48.375,35.,31.5));
#6175=CARTESIAN_POINT('Origin',(-50.,30.,31.5));
#6176=CARTESIAN_POINT('Origin',(52.3,35.,31.5));
#6177=CARTESIAN_POINT('',(53.925,35.,31.5));
#6178=CARTESIAN_POINT('Origin',(52.3,35.,31.5));
#6179=CARTESIAN_POINT('',(53.925,35.,31.5));
#6180=CARTESIAN_POINT('Origin',(-26.0261479617104,-0.771901887804312,39.086087734266));
#6181=CARTESIAN_POINT('',(-27.0771594765631,35.,39.086087734266));
#6182=CARTESIAN_POINT('',(26.0229763669081,35.,39.086087734266));
#6183=CARTESIAN_POINT('',(-27.0771594765632,2.00000000000001,39.086087734266));
#6184=CARTESIAN_POINT('',(-27.0771594765631,15.7679735554418,39.086087734266));
#6185=CARTESIAN_POINT('',(-26.0247198137036,2.00000000000001,39.086087734266));
#6186=CARTESIAN_POINT('Origin',(-30.6141962139932,29.5359471108836,38.0354359159265));
#6187=CARTESIAN_POINT('',(-30.6567198137036,35.,38.0961659100925));
#6188=CARTESIAN_POINT('',(-30.6567198137036,32.2679735554418,38.0961659100925));
#6189=CARTESIAN_POINT('',(-19.0304658388652,35.,21.4921544700494));
#6190=CARTESIAN_POINT('Origin',(-27.7471640589817,29.5359471108836,40.0429534431552));
#6191=CARTESIAN_POINT('',(-16.1634336838537,35.,23.499671997278));
#6192=CARTESIAN_POINT('',(-13.7758783350681,2.,20.0898895849234));
#6193=CARTESIAN_POINT('Origin',(30.6133358493387,16.6587792560944,38.0342071878601));
#6194=CARTESIAN_POINT('',(30.8469763669081,5.50000000000001,38.367880427321));
#6195=CARTESIAN_POINT('',(30.8469763669081,35.,38.367880427321));
#6196=CARTESIAN_POINT('',(30.8469763669081,9.3293896280472,38.367880427321));
#6197=CARTESIAN_POINT('',(19.030035656538,35.,21.4915401060162));
#6198=CARTESIAN_POINT('',(16.6424803077523,5.50000000000001,18.0817576936615));
#6199=CARTESIAN_POINT('Origin',(0.,5.50000000000001,0.));
#6200=CARTESIAN_POINT('',(55.1622776601684,5.50000000000001,31.5526304792321));
#6201=CARTESIAN_POINT('',(30.,5.50000000000001,31.5526304792321));
#6202=CARTESIAN_POINT('',(55.1622776601684,5.50000000000001,34.5));
#6203=CARTESIAN_POINT('',(30.8469763669081,5.50000000000001,37.6622776601684));
#6204=CARTESIAN_POINT('',(-52.,5.50000000000001,37.6622776601684));
#6205=CARTESIAN_POINT('',(30.8469763669081,5.50000000000001,18.793043867133));
#6206=CARTESIAN_POINT('Origin',(30.8469763669081,2.00000000000001,37.586087734266));
#6207=CARTESIAN_POINT('',(30.8469763669081,13.4205316790337,37.886087734266));
#6208=CARTESIAN_POINT('',(30.8469763669081,13.4205316790337,37.586087734266));
#6209=CARTESIAN_POINT('',(30.8469763669081,13.4205316790337,35.836087734266));
#6210=CARTESIAN_POINT('',(30.8469763669081,35.,37.586087734266));
#6211=CARTESIAN_POINT('',(30.8469763669081,18.,37.586087734266));
#6212=CARTESIAN_POINT('',(30.8469763669081,35.,37.586087734266));
#6213=CARTESIAN_POINT('',(30.8469763669081,5.65107919144197,37.586087734266));
#6214=CARTESIAN_POINT('Origin',(30.8469763669081,4.,34.5));
#6215=CARTESIAN_POINT('',(30.8469763669081,7.50000000000001,37.586087734266));
#6216=CARTESIAN_POINT('',(30.8469763669081,18.,37.586087734266));
#6217=CARTESIAN_POINT('',(30.8469763669081,7.50000000000001,37.886087734266));
#6218=CARTESIAN_POINT('',(30.8469763669081,7.50000000000001,35.836087734266));
#6219=CARTESIAN_POINT('',(30.8469763669081,6.23013291975842,37.886087734266));
#6220=CARTESIAN_POINT('Origin',(26.0229763669081,2.00000000000001,37.586087734266));
#6221=CARTESIAN_POINT('',(-30.6567198137036,13.4205316790337,37.586087734266));
#6222=CARTESIAN_POINT('',(28.7346398748012,13.4205316790337,37.586087734266));
#6223=CARTESIAN_POINT('',(-30.6567198137036,35.,37.586087734266));
#6224=CARTESIAN_POINT('',(-30.6567198137036,18.,37.586087734266));
#6225=CARTESIAN_POINT('',(0.0715491695569861,35.,37.586087734266));
#6226=CARTESIAN_POINT('Origin',(-26.0247198137036,35.,37.586087734266));
#6227=CARTESIAN_POINT('',(-26.0268481692486,7.50000000000001,37.586087734266));
#6228=CARTESIAN_POINT('',(-26.0247198137036,7.50000000000001,37.586087734266));
#6229=CARTESIAN_POINT('',(-28.595220534281,7.50000000000001,37.586087734266));
#6230=CARTESIAN_POINT('',(-26.0247198137036,2.00000000000001,37.586087734266));
#6231=CARTESIAN_POINT('',(-26.0247198137036,18.,37.586087734266));
#6232=CARTESIAN_POINT('',(-26.0268481692486,2.00000000000001,37.586087734266));
#6233=CARTESIAN_POINT('',(-26.0247198137036,2.00000000000001,37.586087734266));
#6234=CARTESIAN_POINT('',(-26.0268481692486,32.2679735554418,37.586087734266));
#6235=CARTESIAN_POINT('Origin',(-27.7471640589817,29.5359471108836,40.0429534431552));
#6236=CARTESIAN_POINT('',(-26.0261479617104,7.50000000000001,37.585087734266));
#6237=CARTESIAN_POINT('',(-26.9100938150118,7.50000000000001,38.8474932427264));
#6238=CARTESIAN_POINT('',(-26.0261479617104,2.00000000000001,37.585087734266));
#6239=CARTESIAN_POINT('',(-13.7758783350681,2.,20.0898895849234));
#6240=CARTESIAN_POINT('',(-26.0261479617104,57.7212589707385,37.585087734266));
#6241=CARTESIAN_POINT('Origin',(-26.0261479617104,1.35063525102868,37.585087734266));
#6242=CARTESIAN_POINT('',(-28.5724968036187,7.50000000000001,35.8021150802503));
#6243=CARTESIAN_POINT('',(-26.1238516561332,2.00000000000001,37.5166748709203));
#6244=CARTESIAN_POINT('Origin',(-26.0247198137036,35.,37.586087734266));
#6245=CARTESIAN_POINT('',(-30.6567198137036,7.50000000000001,37.586087734266));
#6246=CARTESIAN_POINT('',(-30.2995592299137,7.50000000000001,37.586087734266));
#6247=CARTESIAN_POINT('',(-28.595220534281,7.50000000000001,37.586087734266));
#6248=CARTESIAN_POINT('',(-30.2995592299137,5.65107919144197,37.586087734266));
#6249=CARTESIAN_POINT('',(-30.2995592299137,32.2679735554418,37.586087734266));
#6250=CARTESIAN_POINT('',(-30.6567198137036,5.65107919144197,37.586087734266));
#6251=CARTESIAN_POINT('',(-52.,5.65107919144197,37.586087734266));
#6252=CARTESIAN_POINT('',(-30.6567198137036,18.,37.586087734266));
#6253=CARTESIAN_POINT('Origin',(-30.6141962139932,29.5359471108836,38.0354359159265));
#6254=CARTESIAN_POINT('',(-28.8931801167219,7.50000000000001,35.5775702070374));
#6255=CARTESIAN_POINT('',(-29.7771259700232,7.50000000000001,36.8399757154977));
#6256=CARTESIAN_POINT('',(-28.8931801167219,7.3299913586833,35.5775702070374));
#6257=CARTESIAN_POINT('',(-28.8931801167219,18.,35.5775702070374));
#6258=CARTESIAN_POINT('Origin',(-28.1386573348041,4.,34.5));
#6259=CARTESIAN_POINT('Origin',(-26.0261479617104,57.7212589707385,37.585087734266));
#6260=CARTESIAN_POINT('',(-27.6790949841029,7.50000000000001,34.500000020863));
#6261=CARTESIAN_POINT('Origin',(-26.0261479617104,7.50000000000001,37.585087734266));
#6262=CARTESIAN_POINT('Ctrl Pts',(-28.8931801167219,7.3299913586833,35.5775702070374));
#6263=CARTESIAN_POINT('Ctrl Pts',(-28.8149715636126,7.36613483642742,35.4658768178042));
#6264=CARTESIAN_POINT('Ctrl Pts',(-28.7303727596595,7.39435958739486,35.359273401885));
#6265=CARTESIAN_POINT('Ctrl Pts',(-28.3807820315815,7.48214848633708,34.9654630182468));
#6266=CARTESIAN_POINT('Ctrl Pts',(-28.050119841996,7.49999999794693,34.6987899831791));
#6267=CARTESIAN_POINT('Ctrl Pts',(-27.679094995017,7.5,34.5000000361474));
#6268=CARTESIAN_POINT('Origin',(-30.6567198137036,35.,37.586087734266));
#6269=CARTESIAN_POINT('',(-30.6567198137036,13.4205316790337,37.886087734266));
#6270=CARTESIAN_POINT('',(-30.6567198137036,13.4205316790337,35.836087734266));
#6271=CARTESIAN_POINT('',(-30.6567198137036,7.50000000000001,37.886087734266));
#6272=CARTESIAN_POINT('',(-30.6567198137036,22.7301329197584,37.886087734266));
#6273=CARTESIAN_POINT('',(-30.6567198137036,7.50000000000001,35.836087734266));
#6274=CARTESIAN_POINT('Origin',(-30.6567198137036,4.,34.5));
#6275=CARTESIAN_POINT('',(-30.6567198137036,35.,37.586087734266));
#6276=CARTESIAN_POINT('Origin',(26.0229763669081,2.00000000000001,37.586087734266));
#6277=CARTESIAN_POINT('',(30.2995592299138,7.50000000000001,37.586087734266));
#6278=CARTESIAN_POINT('',(-2.57137244397514,7.50000000000001,37.586087734266));
#6279=CARTESIAN_POINT('',(30.2995592299137,5.65107919144198,37.586087734266));
#6280=CARTESIAN_POINT('',(-52.,5.65107919144197,37.586087734266));
#6281=CARTESIAN_POINT('',(30.2995592299138,9.3293896280472,37.586087734266));
#6282=CARTESIAN_POINT('Origin',(30.6133358493387,16.6587792560944,38.0342071878601));
#6283=CARTESIAN_POINT('',(28.8926065402856,7.50000000000001,35.5767510549931));
#6284=CARTESIAN_POINT('',(19.5234873854841,7.50000000000001,22.196262209134));
#6285=CARTESIAN_POINT('',(28.8926065402856,7.3302563213019,35.5767510549931));
#6286=CARTESIAN_POINT('Origin',(28.1386573348041,4.,34.5));
#6287=CARTESIAN_POINT('',(28.8926065402856,-4.60518147706576,35.5767510549931));
#6288=CARTESIAN_POINT('Origin',(26.0255743852741,-4.60518147706576,37.5842685822218));
#6289=CARTESIAN_POINT('',(27.6800493784186,7.50000000000001,34.5000000212328));
#6290=CARTESIAN_POINT('Origin',(26.0255743852741,7.50000000000001,37.5842685822218));
#6291=CARTESIAN_POINT('Ctrl Pts',(27.6800493895176,7.5,34.500000036791));
#6292=CARTESIAN_POINT('Ctrl Pts',(28.0505777889946,7.49999999791069,34.6987602829457));
#6293=CARTESIAN_POINT('Ctrl Pts',(28.3807866432236,7.482155090374,34.96522501579));
#6294=CARTESIAN_POINT('Ctrl Pts',(28.729974022715,7.39450839536655,35.358674419691));
#6295=CARTESIAN_POINT('Ctrl Pts',(28.8144772138558,7.3663328666163,35.4651708131843));
#6296=CARTESIAN_POINT('Ctrl Pts',(28.8926065402856,7.3302563213019,35.5767510549931));
#6297=CARTESIAN_POINT('Origin',(26.0229763669081,2.00000000000001,37.586087734266));
#6298=CARTESIAN_POINT('',(26.0229763669081,7.50000000000001,37.586087734266));
#6299=CARTESIAN_POINT('',(26.0268481692487,7.50000000000001,37.586087734266));
#6300=CARTESIAN_POINT('',(-2.57137244397514,7.50000000000001,37.586087734266));
#6301=CARTESIAN_POINT('',(26.0268481692487,2.00000000000001,37.586087734266));
#6302=CARTESIAN_POINT('',(26.0268481692487,9.3293896280472,37.586087734266));
#6303=CARTESIAN_POINT('',(26.0229763669081,2.00000000000001,37.586087734266));
#6304=CARTESIAN_POINT('',(26.0229763669081,2.00000000000001,37.586087734266));
#6305=CARTESIAN_POINT('',(26.0229763669081,18.,37.586087734266));
#6306=CARTESIAN_POINT('Origin',(27.7463036943272,16.6587792560944,40.0417247150887));
#6307=CARTESIAN_POINT('',(26.0255743852741,7.50000000000001,37.5842685822218));
#6308=CARTESIAN_POINT('',(16.6564552304726,7.50000000000001,24.2037797363626));
#6309=CARTESIAN_POINT('',(26.0255743852741,2.00000000000001,37.5842685822218));
#6310=CARTESIAN_POINT('',(26.0255743852741,18.,37.5842685822218));
#6311=CARTESIAN_POINT('',(13.7754481527409,2.00000000000001,20.0892752208901));
#6312=CARTESIAN_POINT('Origin',(26.0255743852741,37.9227399892546,37.5842685822218));
#6313=CARTESIAN_POINT('',(7.65941037453593,7.50000000000001,50.4443950705365));
#6314=CARTESIAN_POINT('',(26.1232780796969,2.00000000000001,37.515855718876));
#6315=CARTESIAN_POINT('Origin',(0.140291063917934,10.4602658395168,37.886087734266));
#6316=CARTESIAN_POINT('',(-31.1657212548584,7.50000000000001,37.886087734266));
#6317=CARTESIAN_POINT('',(31.4463033826943,13.4205316790337,37.886087734266));
#6318=CARTESIAN_POINT('Origin',(31.4463033826943,13.4205316790337,34.086087734266));
#6319=CARTESIAN_POINT('Origin',(-56.5,25.3736076421765,-29.1227246372587));
#6320=CARTESIAN_POINT('',(-58.1,12.6740062993204,-29.1227246372587));
#6321=CARTESIAN_POINT('',(-58.1,25.3736076421765,-29.1227246372587));
#6322=CARTESIAN_POINT('',(-58.1,20.9052057316324,-29.1227246372587));
#6323=CARTESIAN_POINT('',(-56.5,25.3736076421765,-29.1227246372587));
#6324=CARTESIAN_POINT('',(-56.5,12.6740062993204,-29.1227246372587));
#6325=CARTESIAN_POINT('Origin',(-56.5,12.6740062993204,-24.1227246372587));
#6326=CARTESIAN_POINT('',(-58.1,7.67400629932036,-24.1227246372587));
#6327=CARTESIAN_POINT('Origin',(-58.1,12.6740062993204,-24.1227246372587));
#6328=CARTESIAN_POINT('',(-56.5,7.67400629932036,-24.1227246372587));
#6329=CARTESIAN_POINT('Origin',(-36.7998311725404,4.,-22.9));
#6330=CARTESIAN_POINT('',(-36.7998311725404,7.50000000000001,29.3075320455271));
#6331=CARTESIAN_POINT('',(-36.7998311725404,7.50000000000001,-22.9));
#6332=CARTESIAN_POINT('',(-36.7998311725404,7.50000000000001,-11.45));
#6333=CARTESIAN_POINT('',(-36.7998311725404,4.,29.3075320455271));
#6334=CARTESIAN_POINT('',(-36.7998311725404,4.,29.3075320455271));
#6335=CARTESIAN_POINT('',(-36.7998311725404,4.,-22.9));
#6336=CARTESIAN_POINT('',(-36.7998311725404,4.,-11.45));
#6337=CARTESIAN_POINT('',(-36.7998311725404,4.,-22.9));
#6338=CARTESIAN_POINT('Origin',(-36.7998311725404,4.,29.3075320455271));
#6339=CARTESIAN_POINT('',(38.75,7.50000000000001,29.3075320455271));
#6340=CARTESIAN_POINT('',(-18.3999155862702,7.50000000000001,29.3075320455271));
#6341=CARTESIAN_POINT('',(38.75,4.,29.3075320455271));
#6342=CARTESIAN_POINT('',(38.75,4.,29.3075320455271));
#6343=CARTESIAN_POINT('',(-18.3999155862702,4.,29.3075320455271));
#6344=CARTESIAN_POINT('Origin',(38.75,4.,29.3075320455271));
#6345=CARTESIAN_POINT('',(38.75,7.50000000000001,-22.9));
#6346=CARTESIAN_POINT('',(38.75,7.50000000000001,14.6537660227636));
#6347=CARTESIAN_POINT('',(38.75,4.,-22.9));
#6348=CARTESIAN_POINT('',(38.75,4.,-22.9));
#6349=CARTESIAN_POINT('',(38.75,4.,14.6537660227636));
#6350=CARTESIAN_POINT('Origin',(38.75,4.,-22.9));
#6351=CARTESIAN_POINT('',(19.375,7.50000000000001,-22.9));
#6352=CARTESIAN_POINT('',(19.375,4.,-22.9));
#6353=CARTESIAN_POINT('Origin',(-52.1,7.50000000000001,33.3717797887081));
#6354=CARTESIAN_POINT('',(-52.6,12.1985401308984,33.3717797887081));
#6355=CARTESIAN_POINT('',(-52.6,20.8490738105984,33.3717797887081));
#6356=CARTESIAN_POINT('',(-52.6,14.3573822221829,33.3717797887081));
#6357=CARTESIAN_POINT('',(-54.1,20.8490738105984,33.3717797887081));
#6358=CARTESIAN_POINT('',(-54.1,20.8490738105984,33.3717797887081));
#6359=CARTESIAN_POINT('',(-54.1,12.1985401308984,33.3717797887081));
#6360=CARTESIAN_POINT('',(-54.1,12.0119034853742,33.3717797887081));
#6361=CARTESIAN_POINT('',(-56.5,12.1985401308984,33.3717797887081));
#6362=CARTESIAN_POINT('Origin',(-56.1,12.7113466876889,-3.21649010633223));
#6363=CARTESIAN_POINT('',(-52.6,12.7113466876889,-3.21649010633223));
#6364=CARTESIAN_POINT('',(-52.6,23.7825196092245,-3.21649010633223));
#6365=CARTESIAN_POINT('',(-52.6,16.9630555660273,-3.21649010633223));
#6366=CARTESIAN_POINT('',(-54.1,23.7825196092245,-3.21649010633223));
#6367=CARTESIAN_POINT('',(-54.1,23.7825196092245,-3.21649010633223));
#6368=CARTESIAN_POINT('',(-54.1,12.7113466876889,-3.21649010633223));
#6369=CARTESIAN_POINT('',(-54.1,14.6175768292187,-3.21649010633223));
#6370=CARTESIAN_POINT('',(-56.1,12.7113466876889,-3.21649010633223));
#6371=CARTESIAN_POINT('Origin',(-52.1,30.,34.5));
#6372=CARTESIAN_POINT('',(-52.6,30.,21.6796601911031));
#6373=CARTESIAN_POINT('Ctrl Pts',(-50.,7.5,34.5));
#6374=CARTESIAN_POINT('Ctrl Pts',(-51.3289370791911,7.5,34.5));
#6375=CARTESIAN_POINT('Ctrl Pts',(-51.8438017054955,7.5,33.2748517734456));
#6376=CARTESIAN_POINT('Ctrl Pts',(-50.,7.5,36.7135943621179));
#6377=CARTESIAN_POINT('Ctrl Pts',(-52.7998008922445,7.5,36.7135943621179));
#6378=CARTESIAN_POINT('Ctrl Pts',(-53.8845162355696,7.5,34.1324555320337));
#6379=CARTESIAN_POINT('Ctrl Pts',(-50.,5.5,37.6622776601684));
#6380=CARTESIAN_POINT('Ctrl Pts',(-53.4301710978388,5.5,37.6622776601684));
#6381=CARTESIAN_POINT('Ctrl Pts',(-54.75910817703,5.5,34.5));
#6382=CARTESIAN_POINT('',(-51.6,7.50000000000001,33.7));
#6383=CARTESIAN_POINT('Ctrl Pts',(-51.6,7.5,33.7));
#6384=CARTESIAN_POINT('Ctrl Pts',(-51.6,7.5,33.9528166869693));
#6385=CARTESIAN_POINT('Ctrl Pts',(-51.6,7.48936079137554,34.2268313905706));
#6386=CARTESIAN_POINT('Ctrl Pts',(-51.6,7.45470675743869,34.5));
#6387=CARTESIAN_POINT('',(-50.,7.50000000000001,34.5));
#6388=CARTESIAN_POINT('Origin',(-50.,4.,34.5));
#6389=CARTESIAN_POINT('Origin',(-50.,7.50000000000001,32.5));
#6390=CARTESIAN_POINT('Origin',(-56.1,23.2522799503297,-14.3662882164243));
#6391=CARTESIAN_POINT('',(-52.6,23.2522799503297,-13.8662882164243));
#6392=CARTESIAN_POINT('',(-52.6,23.2522799503297,-5.81631278935874));
#6393=CARTESIAN_POINT('',(-52.6,23.2522799503297,-2.75348391710907));
#6394=CARTESIAN_POINT('',(-54.1,23.2522799503297,-5.81631278935874));
#6395=CARTESIAN_POINT('',(-54.1,23.2522799503297,-5.81631278935874));
#6396=CARTESIAN_POINT('',(-54.1,23.2522799503297,-13.8662882164243));
#6397=CARTESIAN_POINT('',(-54.1,23.2522799503297,-2.56909721940177));
#6398=CARTESIAN_POINT('',(-56.1,23.2522799503297,-13.8662882164243));
#6399=CARTESIAN_POINT('Origin',(-56.1,23.2522799503297,-5.81631278935874));
#6400=CARTESIAN_POINT('',(-52.6,16.4813229433582,-5.81631278935874));
#6401=CARTESIAN_POINT('',(-52.6,22.2335221973478,-5.81631278935874));
#6402=CARTESIAN_POINT('',(-54.1,16.4813229433582,-5.81631278935874));
#6403=CARTESIAN_POINT('',(-54.1,16.4813229433582,-5.81631278935874));
#6404=CARTESIAN_POINT('',(-54.1,19.8880434605391,-5.81631278935874));
#6405=CARTESIAN_POINT('Origin',(-56.1,23.7825196092245,-3.21649010633223));
#6406=CARTESIAN_POINT('',(-52.6,23.7825196092245,27.882954024608));
#6407=CARTESIAN_POINT('',(-52.6,23.7825196092245,2.82141513793694));
#6408=CARTESIAN_POINT('',(-54.1,23.7825196092245,27.882954024608));
#6409=CARTESIAN_POINT('',(-54.1,23.7825196092245,27.882954024608));
#6410=CARTESIAN_POINT('',(-54.1,23.7825196092245,3.00580183564424));
#6411=CARTESIAN_POINT('Origin',(-58.1,16.4368038210883,2.12452757572469));
#6412=CARTESIAN_POINT('',(-58.1,25.3736076421765,-16.9155922334667));
#6413=CARTESIAN_POINT('',(-58.1,7.67400629932036,-16.9155922334667));
#6414=CARTESIAN_POINT('',(-58.1,12.0554050602043,-16.9155922334667));
#6415=CARTESIAN_POINT('',(-58.1,25.3736076421765,17.7594827556631));
#6416=CARTESIAN_POINT('',(-58.1,7.67400629932036,-13.499098530767));
#6417=CARTESIAN_POINT('Origin',(-56.5,7.67400629932036,-29.1227246372587));
#6418=CARTESIAN_POINT('',(-54.1,7.67400629932036,28.3944379356015));
#6419=CARTESIAN_POINT('',(-54.1,7.67400629932036,-14.9155922334667));
#6420=CARTESIAN_POINT('',(-54.1,7.67400629932036,-9.94731542981899));
#6421=CARTESIAN_POINT('',(-56.1,7.67400629932036,-14.9155922334667));
#6422=CARTESIAN_POINT('',(-56.3,7.67400629932036,-14.9155922334667));
#6423=CARTESIAN_POINT('Origin',(-56.1,7.67400629932036,-16.9155922334667));
#6424=CARTESIAN_POINT('',(-56.5,7.67400629932036,28.3944379356015));
#6425=CARTESIAN_POINT('Origin',(-56.5,25.3736076421765,33.3944379356015));
#6426=CARTESIAN_POINT('',(-54.1,25.3736076421765,-14.9155922334667));
#6427=CARTESIAN_POINT('',(-54.1,25.3736076421765,28.3944379356015));
#6428=CARTESIAN_POINT('',(-54.1,25.3736076421765,21.3112658566111));
#6429=CARTESIAN_POINT('',(-56.1,25.3736076421765,28.3944379356015));
#6430=CARTESIAN_POINT('',(-56.1,25.3736076421765,-14.9155922334667));
#6431=CARTESIAN_POINT('Origin',(-56.1,25.3736076421765,-16.9155922334667));
#6432=CARTESIAN_POINT('',(-55.1,25.3736076421765,-14.9155922334667));
#6433=CARTESIAN_POINT('Origin',(-51.6,21.2147644443658,8.85932038220612));
#6434=CARTESIAN_POINT('',(-51.6,7.50000000000001,-34.5));
#6435=CARTESIAN_POINT('',(-51.6,7.50000000000001,-12.8203398088969));
#6436=CARTESIAN_POINT('',(-51.6,10.9838933882829,-34.5));
#6437=CARTESIAN_POINT('Origin',(-56.5,5.50000000000001,-34.5));
#6438=CARTESIAN_POINT('',(-55.6,35.,-34.5));
#6439=CARTESIAN_POINT('',(-55.6,7.50000000000001,-34.5));
#6440=CARTESIAN_POINT('',(-55.6,13.375,-34.5));
#6441=CARTESIAN_POINT('',(-54.05,7.50000000000001,-34.5));
#6442=CARTESIAN_POINT('',(-28.25,5.50000000000001,-34.5));
#6443=CARTESIAN_POINT('',(-55.1,35.,-34.5));
#6444=CARTESIAN_POINT('Origin',(-55.6,21.25,-25.4768393313405));
#6445=CARTESIAN_POINT('',(-55.6,35.,-16.453678662681));
#6446=CARTESIAN_POINT('',(-55.6,35.,-7.65685300020294));
#6447=CARTESIAN_POINT('',(-55.6,7.50000000000001,-16.453678662681));
#6448=CARTESIAN_POINT('',(-55.6,7.50000000000001,-16.453678662681));
#6449=CARTESIAN_POINT('',(-55.6,7.50000000000001,-34.5));
#6450=CARTESIAN_POINT('Origin',(60.,11.4200068297383,-21.7974326241729));
#6451=CARTESIAN_POINT('',(52.5,11.4200068297383,1.68267152625225));
#6452=CARTESIAN_POINT('',(52.5,11.4200068297383,-21.7974326241729));
#6453=CARTESIAN_POINT('',(52.5,11.4200068297383,-11.2106939988556));
#6454=CARTESIAN_POINT('',(50.5,11.4200068297383,-21.7974326241729));
#6455=CARTESIAN_POINT('',(60.,11.4200068297383,-21.7974326241729));
#6456=CARTESIAN_POINT('',(50.5,11.4200068297383,1.68267152625225));
#6457=CARTESIAN_POINT('',(50.5,11.4200068297383,-21.7974326241729));
#6458=CARTESIAN_POINT('',(60.,11.4200068297383,1.68267152625225));
#6459=CARTESIAN_POINT('Origin',(-56.1,7.67400629932036,-14.9155922334667));
#6460=CARTESIAN_POINT('',(-54.1,12.0989066350344,-14.9155922334667));
#6461=CARTESIAN_POINT('',(-56.1,12.0554050602043,-14.9155922334667));
#6462=CARTESIAN_POINT('Origin',(-56.1,12.0554050602043,-16.9155922334667));
#6463=CARTESIAN_POINT('Origin',(0.,5.50000000000001,0.));
#6464=CARTESIAN_POINT('',(55.1622776601684,5.50000000000001,-31.0238647683998));
#6465=CARTESIAN_POINT('',(30.,5.50000000000001,-31.0238647683998));
#6466=CARTESIAN_POINT('',(55.1622776601684,5.50000000000001,34.5));
#6467=CARTESIAN_POINT('Origin',(52.,4.,34.5));
#6468=CARTESIAN_POINT('',(52.,7.50000000000001,31.5526304792321));
#6469=CARTESIAN_POINT('Origin',(52.,4.,31.5526304792321));
#6470=CARTESIAN_POINT('',(52.,7.50000000000001,34.5));
#6471=CARTESIAN_POINT('Origin',(52.,4.,34.5));
#6472=CARTESIAN_POINT('',(52.,7.50000000000001,-31.0238647683998));
#6473=CARTESIAN_POINT('Origin',(52.,4.,-31.0238647683998));
#6474=CARTESIAN_POINT('',(52.,7.50000000000001,34.5));
#6475=CARTESIAN_POINT('Origin',(50.5,13.5039472434724,0.264382855416123));
#6476=CARTESIAN_POINT('',(50.5,7.50000000000001,31.5526304792321));
#6477=CARTESIAN_POINT('',(50.5,7.50000000000001,-31.0238647683998));
#6478=CARTESIAN_POINT('',(50.5,7.50000000000001,0.132191427708062));
#6479=CARTESIAN_POINT('',(50.5,21.9277317714827,31.5526304792321));
#6480=CARTESIAN_POINT('',(50.5,5.08016271546217,31.5526304792321));
#6481=CARTESIAN_POINT('',(50.5,21.9277317714827,-31.0238647683998));
#6482=CARTESIAN_POINT('',(50.5,21.9277317714827,31.5526304792321));
#6483=CARTESIAN_POINT('',(50.5,21.9277317714827,-31.0238647683998));
#6484=CARTESIAN_POINT('',(50.5,11.3547100224787,19.893014564667));
#6485=CARTESIAN_POINT('',(50.5,11.3547100224787,10.053093195084));
#6486=CARTESIAN_POINT('',(50.5,11.3547100224787,9.45309319508398));
#6487=CARTESIAN_POINT('',(50.5,15.7608589584103,10.053093195084));
#6488=CARTESIAN_POINT('',(50.5,15.7608589584103,10.053093195084));
#6489=CARTESIAN_POINT('',(50.5,15.7608589584103,19.893014564667));
#6490=CARTESIAN_POINT('',(50.5,15.7608589584103,20.393014564667));
#6491=CARTESIAN_POINT('',(50.5,11.3547100224787,19.893014564667));
#6492=CARTESIAN_POINT('',(50.5,16.6283622514454,-21.7974326241729));
#6493=CARTESIAN_POINT('',(50.5,16.6283622514454,-21.7974326241729));
#6494=CARTESIAN_POINT('',(50.5,16.6283622514454,1.68267152625225));
#6495=CARTESIAN_POINT('',(50.5,16.6283622514454,1.68267152625225));
#6496=CARTESIAN_POINT('',(50.5,11.4200068297383,1.68267152625225));
#6497=CARTESIAN_POINT('Origin',(60.,21.9277317714827,-31.0238647683998));
#6498=CARTESIAN_POINT('',(30.,7.50000000000001,-31.0238647683998));
#6499=CARTESIAN_POINT('',(60.,21.9277317714827,-31.0238647683998));
#6500=CARTESIAN_POINT('Origin',(60.,5.08016271546217,31.5526304792321));
#6501=CARTESIAN_POINT('',(30.,7.50000000000001,31.5526304792321));
#6502=CARTESIAN_POINT('',(60.,21.9277317714827,31.5526304792321));
#6503=CARTESIAN_POINT('Origin',(60.,11.4200068297383,1.68267152625225));
#6504=CARTESIAN_POINT('',(52.5,16.6283622514454,1.68267152625225));
#6505=CARTESIAN_POINT('',(52.5,11.9105251244094,1.68267152625225));
#6506=CARTESIAN_POINT('',(60.,16.6283622514454,1.68267152625225));
#6507=CARTESIAN_POINT('Origin',(60.,17.8350831849725,-28.6121018642008));
#6508=CARTESIAN_POINT('',(52.5,14.8350831849725,-28.6121018642008));
#6509=CARTESIAN_POINT('',(60.,14.8350831849725,-28.6121018642008));
#6510=CARTESIAN_POINT('',(52.5,9.96700365318861,-28.6121018642008));
#6511=CARTESIAN_POINT('',(52.5,17.8350831849725,-28.6121018642008));
#6512=CARTESIAN_POINT('',(60.,9.96700365318861,-28.6121018642008));
#6513=CARTESIAN_POINT('Origin',(60.,6.96700365318861,27.364191117124));
#6514=CARTESIAN_POINT('',(52.5,14.8350831849725,27.364191117124));
#6515=CARTESIAN_POINT('',(60.,14.8350831849725,27.364191117124));
#6516=CARTESIAN_POINT('',(52.5,9.96700365318861,27.364191117124));
#6517=CARTESIAN_POINT('',(60.,9.96700365318861,27.364191117124));
#6518=CARTESIAN_POINT('',(52.5,6.96700365318861,27.364191117124));
#6519=CARTESIAN_POINT('Origin',(60.,16.6283622514454,1.68267152625225));
#6520=CARTESIAN_POINT('',(52.5,16.6283622514454,-21.7974326241729));
#6521=CARTESIAN_POINT('',(52.5,16.6283622514454,0.529358076356943));
#6522=CARTESIAN_POINT('',(60.,16.6283622514454,-21.7974326241729));
#6523=CARTESIAN_POINT('Origin',(60.,16.6283622514454,-21.7974326241729));
#6524=CARTESIAN_POINT('',(52.5,14.514702835263,-21.7974326241729));
#6525=CARTESIAN_POINT('Origin',(60.,9.96700365318861,-25.6121018642008));
#6526=CARTESIAN_POINT('',(52.5,6.96700365318861,-25.6121018642008));
#6527=CARTESIAN_POINT('Origin',(52.5,9.96700365318861,-25.6121018642008));
#6528=CARTESIAN_POINT('',(60.,6.96700365318861,-25.6121018642008));
#6529=CARTESIAN_POINT('Origin',(60.,6.96700365318861,-28.6121018642008));
#6530=CARTESIAN_POINT('',(52.5,6.96700365318861,24.364191117124));
#6531=CARTESIAN_POINT('',(60.,6.96700365318861,24.364191117124));
#6532=CARTESIAN_POINT('',(52.5,6.96700365318861,-28.6121018642008));
#6533=CARTESIAN_POINT('Origin',(60.,9.96700365318861,24.364191117124));
#6534=CARTESIAN_POINT('Origin',(52.5,9.96700365318861,24.364191117124));
#6535=CARTESIAN_POINT('Origin',(60.,14.8350831849725,24.364191117124));
#6536=CARTESIAN_POINT('',(52.5,17.8350831849725,24.364191117124));
#6537=CARTESIAN_POINT('Origin',(52.5,14.8350831849725,24.364191117124));
#6538=CARTESIAN_POINT('',(60.,17.8350831849725,24.364191117124));
#6539=CARTESIAN_POINT('Origin',(60.,17.8350831849725,27.364191117124));
#6540=CARTESIAN_POINT('',(52.5,17.8350831849725,-25.6121018642008));
#6541=CARTESIAN_POINT('',(60.,17.8350831849725,-25.6121018642008));
#6542=CARTESIAN_POINT('',(52.5,17.8350831849725,27.364191117124));
#6543=CARTESIAN_POINT('Origin',(52.5,12.4010434190806,-0.623955373538365));
#6544=CARTESIAN_POINT('Origin',(52.5,14.8350831849725,-25.6121018642008));
#6545=CARTESIAN_POINT('',(52.5,11.3547100224787,19.893014564667));
#6546=CARTESIAN_POINT('',(52.5,11.3547100224787,10.053093195084));
#6547=CARTESIAN_POINT('',(52.5,11.3547100224787,4.41456891077281));
#6548=CARTESIAN_POINT('',(52.5,15.7608589584103,19.893014564667));
#6549=CARTESIAN_POINT('',(52.5,11.8778767207796,19.893014564667));
#6550=CARTESIAN_POINT('',(52.5,15.7608589584103,10.053093195084));
#6551=CARTESIAN_POINT('',(52.5,15.7608589584103,9.88452959556434));
#6552=CARTESIAN_POINT('',(52.5,14.0809511887454,10.053093195084));
#6553=CARTESIAN_POINT('Origin',(60.,14.8350831849725,-25.6121018642008));
#6554=CARTESIAN_POINT('Origin',(60.,11.3547100224787,9.45309319508398));
#6555=CARTESIAN_POINT('',(60.,11.3547100224787,10.053093195084));
#6556=CARTESIAN_POINT('',(60.,11.3547100224787,19.893014564667));
#6557=CARTESIAN_POINT('Origin',(60.,11.3547100224787,19.893014564667));
#6558=CARTESIAN_POINT('',(60.,15.7608589584103,19.893014564667));
#6559=CARTESIAN_POINT('Origin',(60.,15.7608589584103,20.393014564667));
#6560=CARTESIAN_POINT('',(60.,15.7608589584103,10.053093195084));
#6561=CARTESIAN_POINT('Origin',(60.,15.7608589584103,10.053093195084));
#6562=CARTESIAN_POINT('Origin',(-56.5,20.3736076421765,28.3944379356015));
#6563=CARTESIAN_POINT('',(-52.6,20.3736076421765,33.3944379356015));
#6564=CARTESIAN_POINT('Origin',(-52.6,20.3736076421765,28.3944379356015));
#6565=CARTESIAN_POINT('',(-56.5,20.3736076421765,33.3944379356015));
#6566=CARTESIAN_POINT('Origin',(-54.1,20.3736076421765,28.3944379356015));
#6567=CARTESIAN_POINT('Origin',(-54.1,16.5238069707484,9.22809377762071));
#6568=CARTESIAN_POINT('Origin',(-54.1,12.6740062993204,28.3944379356015));
#6569=CARTESIAN_POINT('',(-54.1,16.4813229433582,-13.8662882164243));
#6570=CARTESIAN_POINT('',(-54.1,16.4813229433582,1.70589049413099));
#6571=CARTESIAN_POINT('',(-54.1,16.5025649570533,-13.8662882164243));
#6572=CARTESIAN_POINT('',(-54.1,12.7113466876889,27.882954024608));
#6573=CARTESIAN_POINT('',(-54.1,20.1531632899864,27.882954024608));
#6574=CARTESIAN_POINT('',(-54.1,12.7113466876889,18.5555239011143));
#6575=CARTESIAN_POINT('Origin',(-51.6,7.50000000000001,-16.453678662681));
#6576=CARTESIAN_POINT('',(-52.6,35.,-16.453678662681));
#6577=CARTESIAN_POINT('',(-52.6,7.50000000000001,-16.453678662681));
#6578=CARTESIAN_POINT('',(-52.6,14.3573822221829,-16.453678662681));
#6579=CARTESIAN_POINT('',(-51.6,7.50000000000001,-16.453678662681));
#6580=CARTESIAN_POINT('',(-25.8,35.,-16.453678662681));
#6581=CARTESIAN_POINT('Origin',(-56.5,12.6740062993204,28.3944379356015));
#6582=CARTESIAN_POINT('',(-52.6,12.6740062993204,33.3944379356015));
#6583=CARTESIAN_POINT('Origin',(-52.6,12.6740062993204,28.3944379356015));
#6584=CARTESIAN_POINT('',(-56.5,12.6740062993204,33.3944379356015));
#6585=CARTESIAN_POINT('Origin',(-56.5,7.67400629932036,33.3944379356015));
#6586=CARTESIAN_POINT('',(-52.6,14.4443853718431,33.3944379356015));
#6587=CARTESIAN_POINT('Origin',(-56.1,12.7113466876889,27.882954024608));
#6588=CARTESIAN_POINT('',(-52.6,12.7113466876889,27.882954024608));
#6589=CARTESIAN_POINT('',(-52.6,12.7113466876889,18.3711372034071));
#6590=CARTESIAN_POINT('',(-54.1,12.7113466876889,27.882954024608));
#6591=CARTESIAN_POINT('Origin',(-56.1,23.7825196092245,27.882954024608));
#6592=CARTESIAN_POINT('',(-52.6,22.4986420267951,27.882954024608));
#6593=CARTESIAN_POINT('Origin',(-56.1,16.4813229433582,-13.8662882164243));
#6594=CARTESIAN_POINT('',(-52.6,16.4813229433582,-13.8662882164243));
#6595=CARTESIAN_POINT('',(-52.6,18.848043693862,-13.8662882164243));
#6596=CARTESIAN_POINT('',(-56.1,16.4813229433582,-13.8662882164243));
#6597=CARTESIAN_POINT('Origin',(-56.1,16.4813229433582,-5.81631278935874));
#6598=CARTESIAN_POINT('',(-52.6,16.4813229433582,1.52150379642369));
#6599=CARTESIAN_POINT('Origin',(-52.6,21.2147644443658,8.85932038220612));
#6600=CARTESIAN_POINT('',(-52.6,35.,9.51122685657037));
#6601=CARTESIAN_POINT('',(-52.6,7.50000000000001,33.7));
#6602=CARTESIAN_POINT('Ctrl Pts',(-52.6,7.5,33.7));
#6603=CARTESIAN_POINT('Ctrl Pts',(-52.6,7.5,33.9528166869693));
#6604=CARTESIAN_POINT('Ctrl Pts',(-52.6,7.48936079137554,34.2268313905706));
#6605=CARTESIAN_POINT('Ctrl Pts',(-52.6,7.45470675743869,34.5));
#6606=CARTESIAN_POINT('',(-52.6,7.50000000000001,4.42966019110306));
#6607=CARTESIAN_POINT('Ctrl Pts',(-51.6,7.5,33.7));
#6608=CARTESIAN_POINT('Ctrl Pts',(-52.6,7.5,33.7));
#6609=CARTESIAN_POINT('Ctrl Pts',(-51.6,7.5,33.9528166869693));
#6610=CARTESIAN_POINT('Ctrl Pts',(-52.6,7.5,33.9528166869693));
#6611=CARTESIAN_POINT('Ctrl Pts',(-51.6,7.48936079137554,34.2268313905706));
#6612=CARTESIAN_POINT('Ctrl Pts',(-52.6,7.48936079137554,34.2268313905706));
#6613=CARTESIAN_POINT('Ctrl Pts',(-51.6,7.45470675743869,34.5));
#6614=CARTESIAN_POINT('Ctrl Pts',(-52.6,7.45470675743869,34.5));
#6615=CARTESIAN_POINT('',(-51.6,7.50000000000001,33.7));
#6616=CARTESIAN_POINT('Origin',(-9.02360699594483E-32,35.,10.1631333309346));
#6617=CARTESIAN_POINT('Origin',(0.601477540413633,22.5,-32.8976427953885));
#6618=CARTESIAN_POINT('',(50.5,22.5,-33.6476427953885));
#6619=CARTESIAN_POINT('',(-49.2970449191727,22.5,-33.6476427953885));
#6620=CARTESIAN_POINT('',(-49.2970449191727,22.5,-33.6476427953885));
#6621=CARTESIAN_POINT('',(-49.2970449191727,22.5,-32.1476427953885));
#6622=CARTESIAN_POINT('',(-49.2970449191727,22.5,-32.1476427953885));
#6623=CARTESIAN_POINT('',(50.5,22.5,-32.1476427953885));
#6624=CARTESIAN_POINT('',(50.5,22.5,-32.1476427953885));
#6625=CARTESIAN_POINT('',(50.5,22.5,-33.6476427953885));
#6626=CARTESIAN_POINT('Origin',(50.5,7.50000000000001,-33.6476427953885));
#6627=CARTESIAN_POINT('',(-49.2970449191727,7.50000000000001,-33.6476427953885));
#6628=CARTESIAN_POINT('',(50.5,7.50000000000001,-33.6476427953885));
#6629=CARTESIAN_POINT('',(25.25,7.50000000000001,-33.6476427953885));
#6630=CARTESIAN_POINT('',(-49.2970449191727,7.50000000000001,-33.6476427953885));
#6631=CARTESIAN_POINT('',(50.5,7.50000000000001,-33.6476427953885));
#6632=CARTESIAN_POINT('Origin',(-49.2970449191727,7.50000000000001,-33.6476427953885));
#6633=CARTESIAN_POINT('',(-49.2970449191727,7.50000000000001,-32.1476427953885));
#6634=CARTESIAN_POINT('',(-49.2970449191725,7.50000000000001,-16.823821397694));
#6635=CARTESIAN_POINT('',(-49.2970449191727,7.50000000000001,-32.1476427953885));
#6636=CARTESIAN_POINT('Origin',(-49.2970449191727,7.50000000000001,-32.1476427953885));
#6637=CARTESIAN_POINT('',(50.5,7.50000000000001,-32.1476427953885));
#6638=CARTESIAN_POINT('',(-24.6485224595864,7.50000000000001,-32.1476427953885));
#6639=CARTESIAN_POINT('',(50.5,7.50000000000001,-32.1476427953885));
#6640=CARTESIAN_POINT('Origin',(50.5,7.50000000000001,-32.1476427953885));
#6641=CARTESIAN_POINT('',(50.5,7.50000000000001,-16.0738213976943));
#6642=CARTESIAN_POINT('Origin',(0.,7.50000000000001,0.));
#6643=CARTESIAN_POINT('',(-44.5334384394807,7.50000000000001,34.5));
#6644=CARTESIAN_POINT('',(-41.992553192493,7.50000000000001,34.1124386451048));
#6645=CARTESIAN_POINT('Origin',(-43.292553192493,7.50000000000001,34.1124386451048));
#6646=CARTESIAN_POINT('',(-42.0516679455053,7.50000000000001,34.5));
#6647=CARTESIAN_POINT('Origin',(-43.292553192493,7.50000000000001,34.1124386451048));
#6648=CARTESIAN_POINT('',(-52.,7.50000000000001,34.5));
#6649=CARTESIAN_POINT('',(41.5625615605193,7.50000000000001,34.5));
#6650=CARTESIAN_POINT('',(-52.,7.50000000000001,34.5));
#6651=CARTESIAN_POINT('',(44.103446807507,7.50000000000001,34.1124386451048));
#6652=CARTESIAN_POINT('Origin',(42.803446807507,7.50000000000001,34.1124386451048));
#6653=CARTESIAN_POINT('',(44.0443320544947,7.50000000000001,34.5));
#6654=CARTESIAN_POINT('Origin',(42.803446807507,7.50000000000001,34.1124386451048));
#6655=CARTESIAN_POINT('',(-52.,7.50000000000001,34.5));
#6656=CARTESIAN_POINT('',(-52.,7.50000000000001,34.5));
#6657=CARTESIAN_POINT('',(-41.992553192493,7.50000000000001,-28.4245613548952));
#6658=CARTESIAN_POINT('Origin',(-43.292553192493,7.50000000000001,-28.4245613548952));
#6659=CARTESIAN_POINT('',(44.103446807507,7.50000000000001,-28.4245613548952));
#6660=CARTESIAN_POINT('Origin',(42.803446807507,7.50000000000001,-28.4245613548952));
#6661=CARTESIAN_POINT('Origin',(0.,2.00000000000001,0.));
#6662=CARTESIAN_POINT('',(-41.992553192493,2.00000000000001,34.1124386451048));
#6663=CARTESIAN_POINT('Origin',(-43.292553192493,2.00000000000001,34.1124386451048));
#6664=CARTESIAN_POINT('',(44.103446807507,2.00000000000001,34.1124386451048));
#6665=CARTESIAN_POINT('Origin',(42.803446807507,2.00000000000001,34.1124386451048));
#6666=CARTESIAN_POINT('',(-50.,2.00000000000001,32.));
#6667=CARTESIAN_POINT('',(50.,2.00000000000001,32.));
#6668=CARTESIAN_POINT('',(-52.1027458010632,2.00000000000001,32.));
#6669=CARTESIAN_POINT('Origin',(50.,2.00000000000001,30.));
#6670=CARTESIAN_POINT('',(-52.,2.00000000000001,30.));
#6671=CARTESIAN_POINT('',(-52.,2.00000000000001,-17.25));
#6672=CARTESIAN_POINT('Origin',(-50.,2.00000000000001,30.));
#6673=CARTESIAN_POINT('Origin',(-52.,4.,34.5));
#6674=CARTESIAN_POINT('Ctrl Pts',(44.0443320544947,7.5,34.5));
#6675=CARTESIAN_POINT('Ctrl Pts',(44.032909532199,7.5,34.536572375499));
#6676=CARTESIAN_POINT('Ctrl Pts',(44.019836214173,7.49942441980268,34.57273374808));
#6677=CARTESIAN_POINT('Ctrl Pts',(43.9392646462098,7.4933822320891,34.7680287566319));
#6678=CARTESIAN_POINT('Ctrl Pts',(43.83977240849,7.47738796389559,34.9139248474545));
#6679=CARTESIAN_POINT('Ctrl Pts',(43.609956741868,7.44204461001424,35.1450622654302));
#6680=CARTESIAN_POINT('Ctrl Pts',(43.4638749573865,7.42035176317852,35.2455988750171));
#6681=CARTESIAN_POINT('Ctrl Pts',(43.1429518076795,7.38844279058814,35.379306268245));
#6682=CARTESIAN_POINT('Ctrl Pts',(42.9680207160396,7.37897258333348,35.4124386451048));
#6683=CARTESIAN_POINT('Ctrl Pts',(42.6388728989744,7.37897258333348,35.4124386451048));
#6684=CARTESIAN_POINT('Ctrl Pts',(42.4639418073345,7.38844279058814,35.379306268245));
#6685=CARTESIAN_POINT('Ctrl Pts',(42.1430186576274,7.42035176317853,35.245598875017));
#6686=CARTESIAN_POINT('Ctrl Pts',(41.996936873146,7.44204461001424,35.1450622654302));
#6687=CARTESIAN_POINT('Ctrl Pts',(41.767121206524,7.47738796389559,34.9139248474545));
#6688=CARTESIAN_POINT('Ctrl Pts',(41.6676289688042,7.4933822320891,34.7680287566319));
#6689=CARTESIAN_POINT('Ctrl Pts',(41.587057400841,7.49942441980268,34.57273374808));
#6690=CARTESIAN_POINT('Ctrl Pts',(41.573984082815,7.5,34.5365723754991));
#6691=CARTESIAN_POINT('Ctrl Pts',(41.5625615605193,7.5,34.5));
#6692=CARTESIAN_POINT('Origin',(-52.,4.,34.5));
#6693=CARTESIAN_POINT('Ctrl Pts',(-42.0516679455053,7.5,34.5));
#6694=CARTESIAN_POINT('Ctrl Pts',(-42.063090467801,7.5,34.536572375499));
#6695=CARTESIAN_POINT('Ctrl Pts',(-42.076163785827,7.49942441980268,34.57273374808));
#6696=CARTESIAN_POINT('Ctrl Pts',(-42.1567353537902,7.4933822320891,34.7680287566319));
#6697=CARTESIAN_POINT('Ctrl Pts',(-42.25622759151,7.47738796389559,34.9139248474545));
#6698=CARTESIAN_POINT('Ctrl Pts',(-42.486043258132,7.44204461001424,35.1450622654302));
#6699=CARTESIAN_POINT('Ctrl Pts',(-42.6321250426134,7.42035176317853,35.245598875017));
#6700=CARTESIAN_POINT('Ctrl Pts',(-42.9530481923205,7.38844279058814,35.379306268245));
#6701=CARTESIAN_POINT('Ctrl Pts',(-43.1279792839604,7.37897258333348,35.4124386451048));
#6702=CARTESIAN_POINT('Ctrl Pts',(-43.4571271010256,7.37897258333348,35.4124386451048));
#6703=CARTESIAN_POINT('Ctrl Pts',(-43.6320581926655,7.38844279058814,35.379306268245));
#6704=CARTESIAN_POINT('Ctrl Pts',(-43.9529813423726,7.42035176317852,35.2455988750171));
#6705=CARTESIAN_POINT('Ctrl Pts',(-44.099063126854,7.44204461001424,35.1450622654302));
#6706=CARTESIAN_POINT('Ctrl Pts',(-44.328878793476,7.47738796389559,34.9139248474545));
#6707=CARTESIAN_POINT('Ctrl Pts',(-44.4283710311958,7.4933822320891,34.7680287566319));
#6708=CARTESIAN_POINT('Ctrl Pts',(-44.508942599159,7.49942441980268,34.57273374808));
#6709=CARTESIAN_POINT('Ctrl Pts',(-44.522015917185,7.5,34.536572375499));
#6710=CARTESIAN_POINT('Ctrl Pts',(-44.5334384394807,7.5,34.5));
#6711=CARTESIAN_POINT('Origin',(-43.292553192493,11.8,-28.4245613548952));
#6712=CARTESIAN_POINT('',(-41.992553192493,4.,-28.4245613548952));
#6713=CARTESIAN_POINT('',(-41.992553192493,11.8,-28.4245613548952));
#6714=CARTESIAN_POINT('Origin',(-43.292553192493,4.,-28.4245613548952));
#6715=CARTESIAN_POINT('Origin',(42.803446807507,11.8,34.1124386451048));
#6716=CARTESIAN_POINT('',(44.103446807507,11.8,34.1124386451048));
#6717=CARTESIAN_POINT('Origin',(42.803446807507,11.8,-28.4245613548952));
#6718=CARTESIAN_POINT('',(44.103446807507,4.,-28.4245613548952));
#6719=CARTESIAN_POINT('',(44.103446807507,11.8,-28.4245613548952));
#6720=CARTESIAN_POINT('Origin',(42.803446807507,4.,-28.4245613548952));
#6721=CARTESIAN_POINT('Origin',(-43.292553192493,11.8,34.1124386451048));
#6722=CARTESIAN_POINT('',(-41.992553192493,11.8,34.1124386451048));
#6723=CARTESIAN_POINT('Origin',(-52.,2.00000000000001,-34.5));
#6724=CARTESIAN_POINT('',(-52.,4.,30.));
#6725=CARTESIAN_POINT('',(-52.,2.00000000000001,30.));
#6726=CARTESIAN_POINT('',(-52.,4.,-34.5));
#6727=CARTESIAN_POINT('Origin',(-50.,2.00000000000001,30.));
#6728=CARTESIAN_POINT('',(-50.,4.,32.));
#6729=CARTESIAN_POINT('Origin',(-50.,4.,30.));
#6730=CARTESIAN_POINT('',(-50.,2.00000000000001,32.));
#6731=CARTESIAN_POINT('Origin',(-52.,2.00000000000001,32.));
#6732=CARTESIAN_POINT('',(50.,4.,32.));
#6733=CARTESIAN_POINT('',(50.,2.00000000000001,32.));
#6734=CARTESIAN_POINT('',(-0.0139654606565953,4.,32.));
#6735=CARTESIAN_POINT('Origin',(0.,4.,0.));
#6736=CARTESIAN_POINT('Origin',(50.,4.,30.));
#6737=CARTESIAN_POINT('Origin',(50.,2.00000000000001,30.));
#6738=CARTESIAN_POINT('Origin',(60.,21.9277317714827,31.5526304792321));
#6739=CARTESIAN_POINT('',(55.,21.9277317714827,-0.231931402321707));
#6740=CARTESIAN_POINT('',(60.,21.9277317714827,-0.231931402321708));
#6741=CARTESIAN_POINT('',(55.,21.9277317714827,-12.5319314023217));
#6742=CARTESIAN_POINT('',(55.,21.9277317714827,12.5853495384552));
#6743=CARTESIAN_POINT('',(60.,21.9277317714827,-12.5319314023217));
#6744=CARTESIAN_POINT('Origin',(60.,27.9963736159955,-12.5319314023217));
#6745=CARTESIAN_POINT('',(55.,20.6963736159955,-12.5319314023217));
#6746=CARTESIAN_POINT('',(55.,27.9963736159955,-12.5319314023217));
#6747=CARTESIAN_POINT('',(60.,20.6963736159955,-12.5319314023217));
#6748=CARTESIAN_POINT('',(60.,27.9963736159955,-12.5319314023217));
#6749=CARTESIAN_POINT('Origin',(60.,20.6963736159955,-12.5319314023217));
#6750=CARTESIAN_POINT('',(55.,20.6963736159955,-0.231931402321708));
#6751=CARTESIAN_POINT('',(55.,20.6963736159955,-12.5319314023217));
#6752=CARTESIAN_POINT('',(60.,20.6963736159955,-0.231931402321708));
#6753=CARTESIAN_POINT('Origin',(60.,27.9963736159955,-0.231931402321707));
#6754=CARTESIAN_POINT('',(60.,27.9963736159955,-0.231931402321707));
#6755=CARTESIAN_POINT('Origin',(55.,24.3463736159955,-6.38193140232171));
#6756=CARTESIAN_POINT('',(55.,20.6963736159955,-0.231931402321707));
#6757=CARTESIAN_POINT('Origin',(60.,20.6963736159955,-0.231931402321707));
#6758=UNCERTAINTY_MEASURE_WITH_UNIT(LENGTH_MEASURE(0.01),#6762,
'DISTANCE_ACCURACY_VALUE',
'Maximum model space distance between geometric entities at asserted c
onnectivities');
#6759=UNCERTAINTY_MEASURE_WITH_UNIT(LENGTH_MEASURE(0.01),#6762,
'DISTANCE_ACCURACY_VALUE',
'Maximum model space distance between geometric entities at asserted c
onnectivities');
#6760=(
GEOMETRIC_REPRESENTATION_CONTEXT(3)
GLOBAL_UNCERTAINTY_ASSIGNED_CONTEXT((#6758))
GLOBAL_UNIT_ASSIGNED_CONTEXT((#6762,#6764,#6765))
REPRESENTATION_CONTEXT('','3D')
);
#6761=(
GEOMETRIC_REPRESENTATION_CONTEXT(3)
GLOBAL_UNCERTAINTY_ASSIGNED_CONTEXT((#6759))
GLOBAL_UNIT_ASSIGNED_CONTEXT((#6762,#6764,#6765))
REPRESENTATION_CONTEXT('','3D')
);
#6762=(
LENGTH_UNIT()
NAMED_UNIT(*)
SI_UNIT(.MILLI.,.METRE.)
);
#6763=(
LENGTH_UNIT()
NAMED_UNIT(*)
SI_UNIT($,.METRE.)
);
#6764=(
NAMED_UNIT(*)
PLANE_ANGLE_UNIT()
SI_UNIT($,.RADIAN.)
);
#6765=(
NAMED_UNIT(*)
SI_UNIT($,.STERADIAN.)
SOLID_ANGLE_UNIT()
);
#6766=SHAPE_DEFINITION_REPRESENTATION(#6767,#6768);
#6767=PRODUCT_DEFINITION_SHAPE('',$,#6770);
#6768=SHAPE_REPRESENTATION('',(#4085),#6760);
#6769=PRODUCT_DEFINITION_CONTEXT('part definition',#6774,'design');
#6770=PRODUCT_DEFINITION('2026-06-26-10-12-48-777','TAPA',#6771,#6769);
#6771=PRODUCT_DEFINITION_FORMATION('',$,#6776);
#6772=PRODUCT_RELATED_PRODUCT_CATEGORY('TAPA','TAPA',(#6776));
#6773=APPLICATION_PROTOCOL_DEFINITION('international standard',
'automotive_design',2009,#6774);
#6774=APPLICATION_CONTEXT(
'Core Data for Automotive Mechanical Design Process');
#6775=PRODUCT_CONTEXT('part definition',#6774,'mechanical');
#6776=PRODUCT('2026-06-26-10-12-48-777','TAPA',$,(#6775));
#6777=PRESENTATION_STYLE_ASSIGNMENT((#6780));
#6778=PRESENTATION_STYLE_ASSIGNMENT((#6781));
#6779=PRESENTATION_STYLE_ASSIGNMENT((#6782));
#6780=SURFACE_STYLE_USAGE(.BOTH.,#6783);
#6781=SURFACE_STYLE_USAGE(.BOTH.,#6784);
#6782=SURFACE_STYLE_USAGE(.BOTH.,#6785);
#6783=SURFACE_SIDE_STYLE('',(#6786));
#6784=SURFACE_SIDE_STYLE('',(#6787));
#6785=SURFACE_SIDE_STYLE('',(#6788));
#6786=SURFACE_STYLE_FILL_AREA(#6789);
#6787=SURFACE_STYLE_FILL_AREA(#6790);
#6788=SURFACE_STYLE_FILL_AREA(#6791);
#6789=FILL_AREA_STYLE('Acero - Satinado',(#6792));
#6790=FILL_AREA_STYLE('Nitruro de aluminio (AlN)',(#6793));
#6791=FILL_AREA_STYLE('Pintura - Esmaltado brillante (amarillo)',(#6794));
#6792=FILL_AREA_STYLE_COLOUR('Acero - Satinado',#6795);
#6793=FILL_AREA_STYLE_COLOUR('Nitruro de aluminio (AlN)',#6796);
#6794=FILL_AREA_STYLE_COLOUR('Pintura - Esmaltado brillante (amarillo)',
#6797);
#6795=COLOUR_RGB('Acero - Satinado',0.627450980392157,0.627450980392157,
0.627450980392157);
#6796=COLOUR_RGB('Nitruro de aluminio (AlN)',0.850980392156863,0.827450980392157,
0.788235294117647);
#6797=COLOUR_RGB('Pintura - Esmaltado brillante (amarillo)',0.909803921568627,
0.67843137254902,0.137254901960784);
ENDSEC;
END-ISO-10303-21;
